Date,Mean-value,Interest-rate,Month,Year,Quarter,Week-of-year,Week-of-month,Day-of-week,Day-of-year,election-year
10/11/2016,101.28,0.69,10,2016,4,42,3,2,285,0
10/13/2016,101.3,0.66,10,2016,4,42,3,4,287,0
10/13/2016,101.3,0.66,10,2016,4,42,3,4,287,0
10/13/2016,101.3,0.66,10,2016,4,42,3,4,287,0
10/13/2016,101.3,0.66,10,2016,4,42,3,4,287,0
10/13/2016,101.3,0.66,10,2016,4,42,3,4,287,0
10/17/2016,101.3,0.65,10,2016,4,43,4,1,291,0
10/18/2016,101.3,0.66,10,2016,4,43,4,2,292,0
10/19/2016,101.3,0.65,10,2016,4,43,4,3,293,0
10/19/2016,101.3,0.65,10,2016,4,43,4,3,293,0
11/1/2016,101.3,0.65,11,2016,4,45,1,2,306,0
11/1/2016,101.3,0.65,11,2016,4,45,1,2,306,0
11/1/2016,101.3,0.65,11,2016,4,45,1,2,306,0
11/1/2016,101.3,0.65,11,2016,4,45,1,2,306,0
11/9/2016,101.72,0.72,11,2016,4,46,2,3,314,0
11/10/2016,101.7,0.72,11,2016,4,46,2,4,315,0
11/11/2016,101.7,,11,2016,4,46,2,5,316,0
11/14/2016,101.74,0.77,11,2016,4,47,3,1,319,0
11/15/2016,101.77,0.78,11,2016,4,47,3,2,320,0
11/16/2016,101.77,0.76,11,2016,4,47,3,3,321,0
11/17/2016,101.85,0.77,11,2016,4,47,3,4,322,0
11/18/2016,101.83,0.77,11,2016,4,47,3,5,323,0
11/21/2016,101.84,0.78,11,2016,4,48,4,1,326,0
11/22/2016,101.86,0.78,11,2016,4,48,4,2,327,0
11/23/2016,101.85,0.8,11,2016,4,48,4,3,328,0
11/23/2016,101.85,0.8,11,2016,4,48,4,3,328,0
11/24/2016,101.86,,11,2016,4,48,4,4,329,0
11/24/2016,101.86,,11,2016,4,48,4,4,329,0
11/28/2016,101.89,0.79,11,2016,4,49,5,1,333,0
11/28/2016,101.89,0.79,11,2016,4,49,5,1,333,0
11/29/2016,101.88,0.78,11,2016,4,49,5,2,334,0
11/30/2016,101.88,0.8,11,2016,4,49,5,3,335,0
12/1/2016,101.85,0.82,12,2016,4,49,1,4,336,0
12/2/2016,101.86,0.8,12,2016,4,49,1,5,337,0
12/5/2016,101.87,0.82,12,2016,4,50,2,1,340,0
12/6/2016,101.87,0.83,12,2016,4,50,2,2,341,0
12/7/2016,101.91,0.85,12,2016,4,50,2,3,342,0
12/8/2016,101.97,0.84,12,2016,4,50,2,4,343,0
12/9/2016,101.97,0.85,12,2016,4,50,2,5,344,0
12/13/2016,102.08,0.88,12,2016,4,51,3,2,348,0
12/14/2016,102.1,0.92,12,2016,4,51,3,3,349,0
12/15/2016,102.1,0.91,12,2016,4,51,3,4,350,0
12/16/2016,102.19,0.91,12,2016,4,51,3,5,351,0
12/19/2016,102.2,0.9,12,2016,4,52,4,1,354,0
12/20/2016,102.24,0.9,12,2016,4,52,4,2,355,0
12/20/2016,102.24,0.9,12,2016,4,52,4,2,355,0
12/21/2016,102.3,0.88,12,2016,4,52,4,3,356,0
12/22/2016,102.35,0.87,12,2016,4,52,4,4,357,0
12/23/2016,102.36,0.87,12,2016,4,52,4,5,358,0
12/28/2016,102.36,0.9,12,2016,4,53,5,3,363,0
12/29/2016,102.44,0.85,12,2016,4,53,5,4,364,0
12/30/2016,102.49,0.85,12,2016,4,53,5,5,365,0
1/3/2017,102.56,0.89,1,2017,1,1,1,2,3,1
1/3/2017,102.56,0.89,1,2017,1,1,1,2,3,1
1/4/2017,102.81,0.87,1,2017,1,1,1,3,4,1
1/5/2017,103.47,0.83,1,2017,1,1,1,4,5,1
1/6/2017,103.61,0.85,1,2017,1,1,1,5,6,1
1/9/2017,103.66,0.82,1,2017,1,2,2,1,9,1
1/10/2017,103.81,0.82,1,2017,1,2,2,2,10,1
1/11/2017,103.84,0.82,1,2017,1,2,2,3,11,1
1/12/2017,103.83,0.81,1,2017,1,2,2,4,12,1
1/13/2017,103.88,0.82,1,2017,1,2,2,5,13,1
1/16/2017,103.92,,1,2017,1,3,3,1,16,1
1/17/2017,103.93,0.8,1,2017,1,3,3,2,17,1
1/18/2017,103.96,0.82,1,2017,1,3,3,3,18,1
1/19/2017,103.95,0.83,1,2017,1,3,3,4,19,1
1/20/2017,103.83,0.82,1,2017,1,3,3,5,20,1
1/23/2017,103.8,0.79,1,2017,1,4,4,1,23,1
1/24/2017,103.95,0.81,1,2017,1,4,4,2,24,1
1/25/2017,103.99,0.82,1,2017,1,4,4,3,25,1
1/26/2017,104,0.82,1,2017,1,4,4,4,26,1
1/27/2017,103.96,0.82,1,2017,1,4,4,5,27,1
1/30/2017,103.97,0.81,1,2017,1,5,5,1,30,1
1/31/2017,103.96,0.84,1,2017,1,5,5,2,31,1
2/1/2017,103.86,0.83,2,2017,1,5,1,3,32,1
2/2/2017,103.82,0.84,2,2017,1,5,1,4,33,1
2/3/2017,103.81,0.82,2,2017,1,5,1,5,34,1
2/6/2017,103.76,0.79,2,2017,1,6,2,1,37,1
2/7/2017,103.69,0.8,2,2017,1,6,2,2,38,1
2/8/2017,103.7,0.79,2,2017,1,6,2,3,39,1
2/9/2017,103.7,0.8,2,2017,1,6,2,4,40,1
2/10/2017,103.53,0.81,2,2017,1,6,2,5,41,1
2/13/2017,103.63,0.82,2,2017,1,7,3,1,44,1
2/13/2017,103.63,0.82,2,2017,1,7,3,1,44,1
2/14/2017,103.67,0.84,2,2017,1,7,3,2,45,1
2/15/2017,103.66,0.86,2,2017,1,7,3,3,46,1
2/16/2017,103.65,0.82,2,2017,1,7,3,4,47,1
2/17/2017,103.65,0.82,2,2017,1,7,3,5,48,1
2/20/2017,103.62,,2,2017,1,8,4,1,51,1
2/21/2017,103.58,0.83,2,2017,1,8,4,2,52,1
2/22/2017,103.58,0.82,2,2017,1,8,4,3,53,1
2/22/2017,103.58,0.82,2,2017,1,8,4,3,53,1
2/23/2017,103.59,0.81,2,2017,1,8,4,4,54,1
2/24/2017,103.55,0.8,2,2017,1,8,4,5,55,1
2/27/2017,103.47,0.81,2,2017,1,9,5,1,58,1
2/28/2017,103.34,0.88,2,2017,1,9,5,2,59,1
3/1/2017,102.98,0.92,3,2017,1,9,1,3,60,1
3/2/2017,102.83,0.98,3,2017,1,9,1,4,61,1
3/3/2017,102.88,0.98,3,2017,1,9,1,5,62,1
3/6/2017,102.65,0.97,3,2017,1,10,2,1,65,1
3/7/2017,102.64,1.02,3,2017,1,10,2,2,66,1
3/8/2017,102.62,1.03,3,2017,1,10,2,3,67,1
3/9/2017,102.56,1.04,3,2017,1,10,2,4,68,1
3/10/2017,102.56,1.03,3,2017,1,10,2,5,69,1
3/13/2017,102.62,1.06,3,2017,1,11,3,1,72,1
3/14/2017,102.67,1.06,3,2017,1,11,3,2,73,1
3/15/2017,102.81,1.02,3,2017,1,11,3,3,74,1
3/16/2017,102.89,1.01,3,2017,1,11,3,4,75,1
3/17/2017,103.03,1,3,2017,1,11,3,5,76,1
3/20/2017,103.11,1.01,3,2017,1,12,4,1,79,1
3/21/2017,103.11,1,3,2017,1,12,4,2,80,1
3/22/2017,103.11,0.99,3,2017,1,12,4,3,81,1
3/23/2017,102.9,0.99,3,2017,1,12,4,4,82,1
3/24/2017,102.95,1,3,2017,1,12,4,5,83,1
3/27/2017,102.91,1,3,2017,1,13,5,1,86,1
3/28/2017,102.71,1.03,3,2017,1,13,5,2,87,1
3/29/2017,102.95,1.04,3,2017,1,13,5,3,88,1
3/30/2017,103.02,1.03,3,2017,1,13,5,4,89,1
3/31/2017,103,1.03,3,2017,1,13,5,5,90,1
4/3/2017,103.1,1.02,4,2017,2,14,2,1,93,1
4/4/2017,103.19,1.03,4,2017,2,14,2,2,94,1
4/5/2017,103.24,1.03,4,2017,2,14,2,3,95,1
4/6/2017,103.28,1.05,4,2017,2,14,2,4,96,1
4/7/2017,103.44,1.08,4,2017,2,14,2,5,97,1
4/10/2017,103.39,1.07,4,2017,2,15,3,1,100,1
4/11/2017,103.44,1.05,4,2017,2,15,3,2,101,1
4/12/2017,103.42,1.04,4,2017,2,15,3,3,102,1
4/13/2017,103.41,1.03,4,2017,2,15,3,4,103,1
4/18/2017,103.36,1.02,4,2017,2,16,4,2,108,1
4/19/2017,103.43,1.02,4,2017,2,16,4,3,109,1
4/20/2017,103.41,1.01,4,2017,2,16,4,4,110,1
4/21/2017,103.38,0.99,4,2017,2,16,4,5,111,1
4/24/2017,103.32,1.03,4,2017,2,17,5,1,114,1
4/25/2017,103.27,1.09,4,2017,2,17,5,2,115,1
4/26/2017,103.27,1.07,4,2017,2,17,5,3,116,1
4/27/2017,103.28,1.06,4,2017,2,17,5,4,117,1
4/28/2017,103.22,1.07,4,2017,2,17,5,5,118,1
5/2/2017,103.15,1.08,5,2017,2,18,1,2,122,1
5/3/2017,103.1,1.1,5,2017,2,18,1,3,123,1
5/4/2017,103.09,1.11,5,2017,2,18,1,4,124,1
5/5/2017,103.14,1.1,5,2017,2,18,1,5,125,1
5/8/2017,103.14,1.12,5,2017,2,19,2,1,128,1
5/9/2017,103.18,1.14,5,2017,2,19,2,2,129,1
5/10/2017,103.2,1.13,5,2017,2,19,2,3,130,1
5/11/2017,103.32,1.13,5,2017,2,19,2,4,131,1
5/12/2017,103.38,1.11,5,2017,2,19,2,5,132,1
5/15/2017,103.22,1.11,5,2017,2,20,3,1,135,1
5/16/2017,103.23,1.11,5,2017,2,20,3,2,136,1
5/17/2017,103.35,1.08,5,2017,2,20,3,3,137,1
5/18/2017,103.34,1.09,5,2017,2,20,3,4,138,1
5/19/2017,103.34,1.1,5,2017,2,20,3,5,139,1
5/22/2017,103.31,1.12,5,2017,2,21,4,1,142,1
5/23/2017,103.29,1.14,5,2017,2,21,4,2,143,1
5/24/2017,103.3,1.18,5,2017,2,21,4,3,144,1
5/25/2017,103.3,1.16,5,2017,2,21,4,4,145,1
5/26/2017,103.31,1.17,5,2017,2,21,4,5,146,1
5/29/2017,103.34,,5,2017,2,22,5,1,149,1
5/30/2017,103.36,1.16,5,2017,2,22,5,2,150,1
5/31/2017,103.38,1.17,5,2017,2,22,5,3,151,1
6/2/2017,103.35,1.16,6,2017,2,22,1,5,153,1
6/5/2017,103.33,1.16,6,2017,2,23,2,1,156,1
6/6/2017,103.36,1.16,6,2017,2,23,2,2,157,1
6/7/2017,103.35,1.17,6,2017,2,23,2,3,158,1
6/8/2017,103.32,1.19,6,2017,2,23,2,4,159,1
6/9/2017,103.32,1.2,6,2017,2,23,2,5,160,1
6/12/2017,103.32,1.19,6,2017,2,24,3,1,163,1
6/13/2017,103.34,1.22,6,2017,2,24,3,2,164,1
6/14/2017,103.37,1.2,6,2017,2,24,3,3,165,1
6/15/2017,103.41,1.21,6,2017,2,24,3,4,166,1
6/16/2017,103.55,1.21,6,2017,2,24,3,5,167,1
6/19/2017,103.58,1.22,6,2017,2,25,4,1,170,1
6/20/2017,103.62,1.22,6,2017,2,25,4,2,171,1
6/21/2017,103.62,1.22,6,2017,2,25,4,3,172,1
6/22/2017,103.63,1.22,6,2017,2,25,4,4,173,1
6/23/2017,103.63,1.21,6,2017,2,25,4,5,174,1
6/27/2017,103.67,1.22,6,2017,2,26,5,2,178,1
6/28/2017,103.67,1.21,6,2017,2,26,5,3,179,1
6/28/2017,103.67,1.21,6,2017,2,26,5,3,179,1
6/29/2017,103.68,1.23,6,2017,2,26,5,4,180,1
6/30/2017,103.71,1.24,6,2017,2,26,5,5,181,1
7/3/2017,103.72,1.24,7,2017,3,27,2,1,184,1
7/4/2017,103.81,,7,2017,3,27,2,2,185,1
7/5/2017,103.77,1.24,7,2017,3,27,2,3,186,1
7/6/2017,103.78,1.23,7,2017,3,27,2,4,187,1
7/7/2017,103.84,1.22,7,2017,3,27,2,5,188,1
7/10/2017,103.84,1.23,7,2017,3,28,3,1,191,1
7/11/2017,103.92,1.2,7,2017,3,28,3,2,192,1
7/12/2017,104.02,1.21,7,2017,3,28,3,3,193,1
7/13/2017,103.93,1.23,7,2017,3,28,3,4,194,1
7/14/2017,103.89,1.22,7,2017,3,28,3,5,195,1
7/17/2017,103.91,1.22,7,2017,3,29,4,1,198,1
7/18/2017,103.91,1.19,7,2017,3,29,4,2,199,1
7/19/2017,103.93,1.23,7,2017,3,29,4,3,200,1
7/20/2017,103.95,1.22,7,2017,3,29,4,4,201,1
7/21/2017,103.84,1.22,7,2017,3,29,4,5,202,1
7/24/2017,103.87,1.23,7,2017,3,30,5,1,205,1
7/25/2017,103.88,1.24,7,2017,3,30,5,2,206,1
7/27/2017,103.9,1.22,7,2017,3,30,5,4,208,1
7/28/2017,103.91,1.22,7,2017,3,30,5,5,209,1
7/31/2017,103.91,1.23,7,2017,3,31,6,1,212,1
8/1/2017,103.92,1.22,8,2017,3,31,1,2,213,1
8/2/2017,103.87,1.24,8,2017,3,31,1,3,214,1
8/3/2017,103.86,1.22,8,2017,3,31,1,4,215,1
8/4/2017,103.87,1.23,8,2017,3,31,1,5,216,1
8/7/2017,103.89,1.22,8,2017,3,32,2,1,219,1
8/9/2017,103.9,1.21,8,2017,3,32,2,3,221,1
8/10/2017,103.9,1.22,8,2017,3,32,2,4,222,1
8/11/2017,103.9,1.21,8,2017,3,32,2,5,223,1
8/14/2017,103.87,1.23,8,2017,3,33,3,1,226,1
8/15/2017,103.76,1.23,8,2017,3,33,3,2,227,1
8/16/2017,103.75,1.24,8,2017,3,33,3,3,228,1
8/17/2017,103.7,1.24,8,2017,3,33,3,4,229,1
8/18/2017,103.39,1.24,8,2017,3,33,3,5,230,1
8/21/2017,103.22,1.23,8,2017,3,34,4,1,233,1
8/22/2017,103.1,1.24,8,2017,3,34,4,2,234,1
8/23/2017,103.18,1.22,8,2017,3,34,4,3,235,1
8/24/2017,103.24,1.23,8,2017,3,34,4,4,236,1
8/25/2017,103.25,1.23,8,2017,3,34,4,5,237,1
8/28/2017,103.16,1.24,8,2017,3,35,5,1,240,1
8/29/2017,103.17,1.23,8,2017,3,35,5,2,241,1
8/30/2017,103.18,1.23,8,2017,3,35,5,3,242,1
8/31/2017,103.14,1.23,8,2017,3,35,5,4,243,1
9/1/2017,102.81,1.24,9,2017,3,35,1,5,244,1
9/4/2017,103.16,,9,2017,3,36,2,1,247,1
9/5/2017,103.23,1.23,9,2017,3,36,2,2,248,1
9/6/2017,103.25,1.24,9,2017,3,36,2,3,249,1
9/7/2017,103.24,1.21,9,2017,3,36,2,4,250,1
9/7/2017,103.24,1.21,9,2017,3,36,2,4,250,1
9/8/2017,103.16,1.22,9,2017,3,36,2,5,251,1
9/11/2017,102.89,1.24,9,2017,3,37,3,1,254,1
9/12/2017,102.7,1.27,9,2017,3,37,3,2,255,1
9/13/2017,102.88,1.27,9,2017,3,37,3,3,256,1
9/14/2017,102.87,1.28,9,2017,3,37,3,4,257,1
9/15/2017,102.85,1.3,9,2017,3,37,3,5,258,1
9/18/2017,103.03,1.3,9,2017,3,38,4,1,261,1
9/19/2017,103.14,1.31,9,2017,3,38,4,2,262,1
9/20/2017,103.28,1.32,9,2017,3,38,4,3,263,1
9/21/2017,103.32,1.31,9,2017,3,38,4,4,264,1
9/22/2017,103.29,1.3,9,2017,3,38,4,5,265,1
9/25/2017,103.26,1.3,9,2017,3,39,5,1,268,1
9/26/2017,103.27,1.31,9,2017,3,39,5,2,269,1
9/27/2017,103.34,1.33,9,2017,3,39,5,3,270,1
9/28/2017,103.34,1.31,9,2017,3,39,5,4,271,1
9/29/2017,103.25,1.31,9,2017,3,39,5,5,272,1
10/2/2017,103.22,1.31,10,2017,4,40,1,1,275,1
10/3/2017,103.22,1.32,10,2017,4,40,1,2,276,1
10/4/2017,103.31,1.33,10,2017,4,40,1,3,277,1
10/5/2017,103.31,1.35,10,2017,4,40,1,4,278,1
10/6/2017,103.21,1.35,10,2017,4,40,1,5,279,1
10/9/2017,103.22,,10,2017,4,41,2,1,282,1
10/10/2017,103.27,1.42,10,2017,4,41,2,2,283,1
10/11/2017,103.22,1.4,10,2017,4,41,2,3,284,1
10/12/2017,103.3,1.41,10,2017,4,41,2,4,285,1
10/12/2017,103.3,1.41,10,2017,4,41,2,4,285,1
10/13/2017,103.28,1.39,10,2017,4,41,2,5,286,1
10/16/2017,103.28,1.42,10,2017,4,42,3,1,289,1
10/17/2017,103.3,1.41,10,2017,4,42,3,2,290,1
10/18/2017,103.36,1.42,10,2017,4,42,3,3,291,1
10/19/2017,103.42,1.41,10,2017,4,42,3,4,292,1
10/23/2017,103.55,1.42,10,2017,4,43,4,1,296,1
10/24/2017,103.7,1.43,10,2017,4,43,4,2,297,1
10/27/2017,103.81,1.42,10,2017,4,43,4,5,300,1
10/30/2017,103.69,1.42,10,2017,4,44,5,1,303,1
10/30/2017,103.69,1.42,10,2017,4,44,5,1,303,1
10/31/2017,103.69,1.43,10,2017,4,44,5,2,304,1
11/1/2017,103.75,1.46,11,2017,4,44,1,3,305,1
11/2/2017,103.79,1.46,11,2017,4,44,1,4,306,1
11/3/2017,103.74,1.49,11,2017,4,44,1,5,307,1
11/6/2017,103.66,1.5,11,2017,4,45,2,1,310,1
11/7/2017,103.62,1.49,11,2017,4,45,2,2,311,1
11/8/2017,103.61,1.53,11,2017,4,45,2,3,312,1
11/9/2017,103.6,1.53,11,2017,4,45,2,4,313,1
11/10/2017,103.59,1.54,11,2017,4,45,2,5,314,1
11/14/2017,103.59,1.55,11,2017,4,46,3,2,318,1
11/13/2017,103.58,1.55,11,2017,4,46,3,1,317,1
11/15/2017,103.68,1.55,11,2017,4,46,3,3,319,1
11/16/2017,103.74,1.59,11,2017,4,46,3,4,320,1
11/17/2017,103.69,1.6,11,2017,4,46,3,5,321,1
11/20/2017,103.79,1.62,11,2017,4,47,4,1,324,1
11/21/2017,103.6,1.62,11,2017,4,47,4,2,325,1
11/22/2017,103.36,1.61,11,2017,4,47,4,3,326,1
11/23/2017,103.39,,11,2017,4,47,4,4,327,1
11/24/2017,103.26,1.61,11,2017,4,47,4,5,328,1
11/27/2017,103.34,1.62,11,2017,4,48,5,1,331,1
11/29/2017,103.35,1.61,11,2017,4,48,5,3,333,1
11/30/2017,103.25,1.62,11,2017,4,48,5,4,334,1
12/1/2017,103.1,1.62,12,2017,4,48,1,5,335,1
12/4/2017,103.04,1.66,12,2017,4,49,2,1,338,1
12/5/2017,103.06,1.64,12,2017,4,49,2,2,339,1
12/6/2017,102.98,1.68,12,2017,4,49,2,3,340,1
12/7/2017,102.88,1.67,12,2017,4,49,2,4,341,1
12/8/2017,102.96,1.65,12,2017,4,49,2,5,342,1
12/11/2017,103.08,1.69,12,2017,4,50,3,1,345,1
12/13/2017,103.11,1.68,12,2017,4,50,3,3,347,1
12/14/2017,103.17,1.7,12,2017,4,50,3,4,348,1
12/15/2017,103.22,1.71,12,2017,4,50,3,5,349,1
12/18/2017,103.2,1.7,12,2017,4,51,4,1,352,1
12/19/2017,103.16,1.71,12,2017,4,51,4,2,353,1
12/20/2017,103.13,1.72,12,2017,4,51,4,3,354,1
12/21/2017,103.09,1.73,12,2017,4,51,4,4,355,1
12/22/2017,103.08,1.73,12,2017,4,51,4,5,356,1
12/27/2017,103.08,1.75,12,2017,4,52,5,3,361,1
12/28/2017,103.15,1.76,12,2017,4,52,5,4,362,1
12/29/2017,103.23,1.76,12,2017,4,52,5,5,363,1
1/2/2018,103.29,1.83,1,2018,1,1,1,2,2,0
1/3/2018,103.35,1.81,1,2018,1,1,1,3,3,0
1/4/2018,103.44,1.82,1,2018,1,1,1,4,4,0
1/5/2018,103.28,1.8,1,2018,1,1,1,5,5,0
1/8/2018,103.26,1.79,1,2018,1,2,2,1,8,0
1/9/2018,103.22,1.78,1,2018,1,2,2,2,9,0
1/10/2018,103.18,1.78,1,2018,1,2,2,3,10,0
1/11/2018,103.14,1.77,1,2018,1,2,2,4,11,0
1/12/2018,103.09,1.78,1,2018,1,2,2,5,12,0
1/15/2018,103.07,,1,2018,1,3,3,1,15,0
1/16/2018,103.06,1.79,1,2018,1,3,3,2,16,0
1/17/2018,103.04,1.79,1,2018,1,3,3,3,17,0
1/18/2018,102.89,1.79,1,2018,1,3,3,4,18,0
1/19/2018,102.91,1.79,1,2018,1,3,3,5,19,0
1/22/2018,102.87,1.79,1,2018,1,4,4,1,22,0
1/23/2018,102.78,1.78,1,2018,1,4,4,2,23,0
1/24/2018,102.56,1.79,1,2018,1,4,4,3,24,0
1/25/2018,102.34,1.8,1,2018,1,4,4,4,25,0
1/26/2018,102.37,1.8,1,2018,1,4,4,5,26,0
1/29/2018,102.35,1.8,1,2018,1,5,5,1,29,0
1/30/2018,102.36,1.88,1,2018,1,5,5,2,30,0
1/31/2018,102.36,1.9,1,2018,1,5,5,3,31,0
2/1/2018,101.99,1.89,2,2018,1,5,1,4,32,0
2/2/2018,101.92,1.88,2,2018,1,5,1,5,33,0
2/5/2018,101.74,1.85,2,2018,1,6,2,1,36,0
2/6/2018,101.36,1.87,2,2018,1,6,2,2,37,0
2/7/2018,101.31,1.91,2,2018,1,6,2,3,38,0
2/8/2018,101.01,1.91,2,2018,1,6,2,4,39,0
2/9/2018,100.8,1.89,2,2018,1,6,2,5,40,0
2/12/2018,100.85,1.93,2,2018,1,7,3,1,43,0
2/13/2018,101.04,1.95,2,2018,1,7,3,2,44,0
2/14/2018,101.23,1.98,2,2018,1,7,3,3,45,0
2/15/2018,101.22,1.99,2,2018,1,7,3,4,46,0
2/16/2018,101.25,2,2,2018,1,7,3,5,47,0
2/19/2018,101.31,,2,2018,1,8,4,1,50,0
2/20/2018,101.3,2.01,2,2018,1,8,4,2,51,0
2/21/2018,101.3,2.03,2,2018,1,8,4,3,52,0
2/22/2018,101.47,2.02,2,2018,1,8,4,4,53,0
2/23/2018,101.73,2.02,2,2018,1,8,4,5,54,0
2/26/2018,101.83,2.03,2,2018,1,9,5,1,57,0
2/27/2018,101.74,2.08,2,2018,1,9,5,2,58,0
2/28/2018,101.62,2.07,2,2018,1,9,5,3,59,0
3/1/2018,101.38,2.05,3,2018,1,9,1,4,60,0
3/2/2018,101.29,2.06,3,2018,1,9,1,5,61,0
3/5/2018,101.32,2.06,3,2018,1,10,2,1,64,0
3/6/2018,101.33,2.06,3,2018,1,10,2,2,65,0
3/7/2018,101.31,2.05,3,2018,1,10,2,3,66,0
3/8/2018,101.29,2.05,3,2018,1,10,2,4,67,0
3/9/2018,101.2,2.03,3,2018,1,10,2,5,68,0
3/12/2018,101.15,2.05,3,2018,1,11,3,1,71,0
3/13/2018,101.29,2.03,3,2018,1,11,3,2,72,0
3/14/2018,101.27,2.05,3,2018,1,11,3,3,73,0
3/15/2018,101.26,2.07,3,2018,1,11,3,4,74,0
3/16/2018,101.29,2.08,3,2018,1,11,3,5,75,0
3/19/2018,101.28,2.08,3,2018,1,12,4,1,78,0
3/20/2018,101.27,2.08,3,2018,1,12,4,2,79,0
3/21/2018,101.27,2.06,3,2018,1,12,4,3,80,0
3/22/2018,101.06,2.05,3,2018,1,12,4,4,81,0
3/23/2018,100.97,2.04,3,2018,1,12,4,5,82,0
3/26/2018,100.96,2.06,3,2018,1,13,5,1,85,0
3/27/2018,100.91,2.1,3,2018,1,13,5,2,86,0
3/28/2018,100.86,2.12,3,2018,1,13,5,3,87,0
3/29/2018,100.85,2.09,3,2018,1,13,5,4,88,0
4/3/2018,100.89,2.09,4,2018,2,14,1,2,93,0
4/4/2018,101.07,2.07,4,2018,2,14,1,3,94,0
4/5/2018,101.06,2.07,4,2018,2,14,1,4,95,0
4/6/2018,101.03,2.06,4,2018,2,14,1,5,96,0
4/9/2018,101,2.08,4,2018,2,15,2,1,99,0
4/10/2018,100.99,2.09,4,2018,2,15,2,2,100,0
4/11/2018,101,2.09,4,2018,2,15,2,3,101,0
4/12/2018,100.98,2.11,4,2018,2,15,2,4,102,0
4/13/2018,100.87,2.12,4,2018,2,15,2,5,103,0
4/16/2018,100.77,2.12,4,2018,2,16,3,1,106,0
4/17/2018,100.63,2.16,4,2018,2,16,3,2,107,0
4/18/2018,100.4,2.17,4,2018,2,16,3,3,108,0
4/19/2018,100.4,2.21,4,2018,2,16,3,4,109,0
4/20/2018,100.26,2.22,4,2018,2,16,3,5,110,0
4/23/2018,100.06,2.25,4,2018,2,17,4,1,113,0
4/24/2018,99.98,2.25,4,2018,2,17,4,2,114,0
4/25/2018,100.05,2.26,4,2018,2,17,4,3,115,0
4/26/2018,100.11,2.25,4,2018,2,17,4,4,116,0
4/27/2018,100.33,2.24,4,2018,2,17,4,5,117,0
4/30/2018,100.36,2.24,4,2018,2,18,5,1,120,0
5/2/2018,100.34,2.24,5,2018,2,18,1,3,122,0
5/3/2018,100.19,2.24,5,2018,2,18,1,4,123,0
5/4/2018,100.22,2.24,5,2018,2,18,1,5,124,0
5/7/2018,100.26,2.25,5,2018,2,19,2,1,127,0
5/8/2018,100.29,2.26,5,2018,2,19,2,2,128,0
5/9/2018,100.46,2.27,5,2018,2,19,2,3,129,0
5/10/2018,100.6,2.27,5,2018,2,19,2,4,130,0
5/11/2018,100.44,2.28,5,2018,2,19,2,5,131,0
5/14/2018,100.43,2.28,5,2018,2,20,3,1,134,0
5/15/2018,100.27,2.31,5,2018,2,20,3,2,135,0
5/16/2018,100.45,2.32,5,2018,2,20,3,3,136,0
5/17/2018,100.43,2.32,5,2018,2,20,3,4,137,0
5/18/2018,100.42,2.32,5,2018,2,20,3,5,138,0
5/21/2018,100.55,2.35,5,2018,2,21,4,1,141,0
5/22/2018,100.6,2.34,5,2018,2,21,4,2,142,0
5/23/2018,100.8,2.29,5,2018,2,21,4,3,143,0
5/24/2018,101,2.28,5,2018,2,21,4,4,144,0
5/25/2018,101.07,2.27,5,2018,2,21,4,5,145,0
5/28/2018,101.18,,5,2018,2,22,5,1,148,0
5/29/2018,101.54,2.17,5,2018,2,22,5,2,149,0
5/30/2018,101.57,2.23,5,2018,2,22,5,3,150,0
5/31/2018,101.57,2.23,5,2018,2,22,5,4,151,0
6/4/2018,101.38,2.3,6,2018,2,23,2,1,155,0
6/5/2018,100.91,2.32,6,2018,2,23,2,2,156,0
6/6/2018,101,2.32,6,2018,2,23,2,3,157,0
6/7/2018,100.82,2.31,6,2018,2,23,2,4,158,0
6/8/2018,100.84,2.3,6,2018,2,23,2,5,159,0
6/11/2018,101,2.32,6,2018,2,24,3,1,162,0
6/12/2018,101.05,2.31,6,2018,2,24,3,2,163,0
6/13/2018,101.13,2.35,6,2018,2,24,3,3,164,0
6/14/2018,101.14,2.35,6,2018,2,24,3,4,165,0
6/18/2018,101.11,2.35,6,2018,2,25,4,1,169,0
6/19/2018,101.13,2.34,6,2018,2,25,4,2,170,0
6/20/2018,101.12,2.36,6,2018,2,25,4,3,171,0
6/21/2018,100.96,2.34,6,2018,2,25,4,4,172,0
6/22/2018,100.83,2.33,6,2018,2,25,4,5,173,0
6/25/2018,100.83,2.34,6,2018,2,26,5,1,176,0
6/25/2018,100.76,2.34,6,2018,2,26,5,1,176,0
6/26/2018,100.83,2.33,6,2018,2,26,5,2,177,0
6/27/2018,100.94,2.33,6,2018,2,26,5,3,178,0
6/28/2018,101.04,2.33,6,2018,2,26,5,4,179,0
6/29/2018,101.05,2.33,6,2018,2,26,5,5,180,0
7/2/2018,100.89,2.34,7,2018,3,27,1,1,183,0
7/3/2018,100.84,2.33,7,2018,3,27,1,2,184,0
7/4/2018,100.84,,7,2018,3,27,1,3,185,0
7/5/2018,100.72,2.32,7,2018,3,27,1,4,186,0
7/6/2018,100.76,2.34,7,2018,3,27,1,5,187,0
7/9/2018,100.81,2.34,7,2018,3,28,2,1,190,0
7/10/2018,100.89,2.36,7,2018,3,28,2,2,191,0
7/11/2018,100.91,2.36,7,2018,3,28,2,3,192,0
7/12/2018,100.79,2.39,7,2018,3,28,2,4,193,0
7/13/2018,100.79,2.37,7,2018,3,28,2,5,194,0
7/16/2018,100.66,2.39,7,2018,3,29,3,1,197,0
7/17/2018,100.39,2.39,7,2018,3,29,3,2,198,0
7/18/2018,100.62,2.43,7,2018,3,29,3,3,199,0
7/19/2018,100.63,2.4,7,2018,3,29,3,4,200,0
7/20/2018,100.73,2.41,7,2018,3,29,3,5,201,0
7/23/2018,100.74,2.42,7,2018,3,30,4,1,204,0
7/24/2018,100.55,2.42,7,2018,3,30,4,2,205,0
7/25/2018,100.51,2.42,7,2018,3,30,4,3,206,0
7/26/2018,100.49,2.41,7,2018,3,30,4,4,207,0
7/27/2018,100.46,2.43,7,2018,3,30,4,5,208,0
7/30/2018,100.34,2.43,7,2018,3,31,5,1,211,0
7/31/2018,100.41,2.44,7,2018,3,31,5,2,212,0
8/1/2018,100.48,2.45,8,2018,3,31,1,3,213,0
8/2/2018,100.46,2.45,8,2018,3,31,1,4,214,0
8/3/2018,100.35,2.43,8,2018,3,31,1,5,215,0
8/6/2018,100.38,2.44,8,2018,3,32,2,1,218,0
8/7/2018,100.47,2.45,8,2018,3,32,2,2,219,0
8/8/2018,100.4,2.44,8,2018,3,32,2,3,220,0
8/9/2018,100.42,2.44,8,2018,3,32,2,4,221,0
8/10/2018,100.36,2.42,8,2018,3,32,2,5,222,0
8/13/2018,100.49,2.42,8,2018,3,33,3,1,225,0
8/14/2018,100.73,2.44,8,2018,3,33,3,2,226,0
8/15/2018,100.73,2.45,8,2018,3,33,3,3,227,0
8/16/2018,100.77,2.45,8,2018,3,33,3,4,228,0
8/17/2018,100.79,2.44,8,2018,3,33,3,5,229,0
8/17/2018,100.79,2.44,8,2018,3,33,3,5,229,0
8/22/2018,100.89,2.43,8,2018,3,34,4,3,234,0
8/20/2018,100.86,2.43,8,2018,3,34,4,1,232,0
8/23/2018,100.64,2.43,8,2018,3,34,4,4,235,0
8/23/2018,100.68,2.43,8,2018,3,34,4,4,235,0
8/24/2018,100.68,2.44,8,2018,3,34,4,5,236,0
8/27/2018,100.79,2.47,8,2018,3,35,5,1,239,0
8/28/2018,100.79,2.47,8,2018,3,35,5,2,240,0
8/29/2018,100.68,2.48,8,2018,3,35,5,3,241,0
8/30/2018,100.69,2.47,8,2018,3,35,5,4,242,0
8/31/2018,100.65,2.46,8,2018,3,35,5,5,243,0
9/3/2018,100.65,,9,2018,3,36,2,1,246,0
9/4/2018,100.66,2.49,9,2018,3,36,2,2,247,0
9/5/2018,100.72,2.49,9,2018,3,36,2,3,248,0
9/6/2018,100.71,2.5,9,2018,3,36,2,4,249,0
9/7/2018,100.72,2.53,9,2018,3,36,2,5,250,0
9/10/2018,100.72,2.54,9,2018,3,37,3,1,253,0
9/11/2018,100.71,2.55,9,2018,3,37,3,2,254,0
9/12/2018,100.75,2.56,9,2018,3,37,3,3,255,0
9/13/2018,100.92,2.55,9,2018,3,37,3,4,256,0
9/14/2018,101.18,2.56,9,2018,3,37,3,5,257,0
9/17/2018,100.96,2.57,9,2018,3,38,4,1,260,0
9/18/2018,100.84,2.58,9,2018,3,38,4,2,261,0
9/19/2018,100.8,2.58,9,2018,3,38,4,3,262,0
9/20/2018,100.79,2.58,9,2018,3,38,4,4,263,0
9/21/2018,100.8,2.58,9,2018,3,38,4,5,264,0
9/24/2018,100.86,2.6,9,2018,3,39,5,1,267,0
9/25/2018,100.98,2.59,9,2018,3,39,5,2,268,0
9/26/2018,101.06,2.58,9,2018,3,39,5,3,269,0
9/27/2018,100.91,2.58,9,2018,3,39,5,4,270,0
9/28/2018,100.96,2.59,9,2018,3,39,5,5,271,0
10/1/2018,100.9,2.6,10,2018,4,40,1,1,274,0
10/2/2018,100.92,2.61,10,2018,4,40,1,2,275,0
10/3/2018,100.95,2.62,10,2018,4,40,1,3,276,0
10/4/2018,100.97,2.63,10,2018,4,40,1,4,277,0
10/5/2018,100.95,2.64,10,2018,4,40,1,5,278,0
10/8/2018,100.85,,10,2018,4,41,2,1,281,0
10/9/2018,100.9,2.65,10,2018,4,41,2,2,282,0
10/11/2018,100.92,2.66,10,2018,4,41,2,4,284,0
10/12/2018,100.92,2.66,10,2018,4,41,2,5,285,0
10/15/2018,100.9,2.67,10,2018,4,42,3,1,288,0
10/16/2018,100.92,2.66,10,2018,4,42,3,2,289,0
10/17/2018,100.97,2.66,10,2018,4,42,3,3,290,0
10/18/2018,100.97,2.67,10,2018,4,42,3,4,291,0
10/19/2018,101.03,2.67,10,2018,4,42,3,5,292,0
10/22/2018,101.04,2.68,10,2018,4,43,4,1,295,0
10/23/2018,101.1,2.67,10,2018,4,43,4,2,296,0
10/24/2018,101.13,2.64,10,2018,4,43,4,3,297,0
10/25/2018,101.21,2.66,10,2018,4,43,4,4,298,0
10/26/2018,101.23,2.63,10,2018,4,43,4,5,299,0
10/29/2018,101.32,2.64,10,2018,4,44,5,1,302,0
10/30/2018,101.7,2.66,10,2018,4,44,5,2,303,0
10/31/2018,101.85,2.69,10,2018,4,44,5,3,304,0
11/1/2018,102.05,2.67,11,2018,4,44,1,4,305,0
11/2/2018,101.74,2.7,11,2018,4,44,1,5,306,0
11/5/2018,101.46,2.71,11,2018,4,45,2,1,309,0
11/6/2018,101.51,2.72,11,2018,4,45,2,2,310,0
11/7/2018,101.82,2.74,11,2018,4,45,2,3,311,0
11/8/2018,101.78,2.74,11,2018,4,45,2,4,312,0
11/9/2018,101.86,2.73,11,2018,4,45,2,5,313,0
11/12/2018,102.1,,11,2018,4,46,3,1,316,0
11/13/2018,102.44,2.72,11,2018,4,46,3,2,317,0
11/14/2018,102.66,2.71,11,2018,4,46,3,3,318,0
11/15/2018,102.91,2.7,11,2018,4,46,3,4,319,0
11/16/2018,103.21,2.68,11,2018,4,46,3,5,320,0
11/19/2018,103.1,2.66,11,2018,4,47,4,1,323,0
11/20/2018,102.81,2.67,11,2018,4,47,4,2,324,0
11/21/2018,102.86,2.67,11,2018,4,47,4,3,325,0
11/22/2018,102.36,,11,2018,4,47,4,4,326,0
11/23/2018,102.45,2.67,11,2018,4,47,4,5,327,0
11/26/2018,102.47,2.7,11,2018,4,48,5,1,330,0
11/27/2018,102.45,2.7,11,2018,4,48,5,2,331,0
11/28/2018,102.68,2.69,11,2018,4,48,5,3,332,0
11/29/2018,102.6,2.69,11,2018,4,48,5,4,333,0
11/30/2018,102.54,2.7,11,2018,4,48,5,5,334,0
12/3/2018,102.51,2.72,12,2018,4,49,2,1,337,0
12/4/2018,102.68,2.71,12,2018,4,49,2,2,338,0
12/5/2018,102.6,,12,2018,4,49,2,3,339,0
12/6/2018,102.64,2.7,12,2018,4,49,2,4,340,0
12/7/2018,102.6,2.68,12,2018,4,49,2,5,341,0
12/10/2018,102.45,2.69,12,2018,4,50,3,1,344,0
12/11/2018,102.47,2.7,12,2018,4,50,3,2,345,0
12/13/2018,102.66,2.69,12,2018,4,50,3,4,347,0
12/14/2018,102.57,2.68,12,2018,4,50,3,5,348,0
12/17/2018,102.53,2.66,12,2018,4,51,4,1,351,0
12/18/2018,102.48,2.64,12,2018,4,51,4,2,352,0
12/19/2018,102.38,2.62,12,2018,4,51,4,3,353,0
12/20/2018,101.94,2.64,12,2018,4,51,4,4,354,0
12/21/2018,101.42,2.62,12,2018,4,51,4,5,355,0
12/24/2018,101.85,2.61,12,2018,4,52,5,1,358,0
12/27/2018,101.82,2.58,12,2018,4,52,5,4,361,0
12/28/2018,101.81,2.57,12,2018,4,52,5,5,362,0
12/31/2018,101.85,2.63,12,2018,4,53,6,1,365,0
1/2/2019,101.83,2.6,1,2019,1,1,1,3,2,0
1/3/2019,102.12,2.5,1,2019,1,1,1,4,3,0
1/4/2019,102.16,2.57,1,2019,1,1,1,5,4,0
1/7/2019,102.1,2.58,1,2019,1,2,2,1,7,0
1/8/2019,101.87,2.6,1,2019,1,2,2,2,8,0
1/9/2019,101.96,2.59,1,2019,1,2,2,3,9,0
1/10/2019,101.86,2.59,1,2019,1,2,2,4,10,0
1/11/2019,101.75,2.58,1,2019,1,2,2,5,11,0
1/14/2019,101.74,2.57,1,2019,1,3,3,1,14,0
1/15/2019,101.7,2.57,1,2019,1,3,3,2,15,0
1/16/2019,101.71,2.57,1,2019,1,3,3,3,16,0
1/17/2019,101.7,2.57,1,2019,1,3,3,4,17,0
1/18/2019,101.73,2.6,1,2019,1,3,3,5,18,0
1/21/2019,101.71,,1,2019,1,4,4,1,21,0
1/22/2019,101.6,2.59,1,2019,1,4,4,2,22,0
1/23/2019,101.6,2.59,1,2019,1,4,4,3,23,0
1/24/2019,101.41,2.58,1,2019,1,4,4,4,24,0
1/25/2019,101.08,2.6,1,2019,1,4,4,5,25,0
1/28/2019,100.8,2.6,1,2019,1,5,5,1,28,0
1/29/2019,100.71,2.6,1,2019,1,5,5,2,29,0
1/30/2019,100.82,2.57,1,2019,1,5,5,3,30,0
1/31/2019,100.89,2.55,1,2019,1,5,5,4,31,0
2/1/2019,100.62,2.56,2,2019,1,5,1,5,32,0
2/4/2019,100.38,2.57,2,2019,1,6,2,1,35,0
2/5/2019,100.15,2.56,2,2019,1,6,2,2,36,0
2/6/2019,100.07,2.56,2,2019,1,6,2,3,37,0
2/7/2019,100.1,2.55,2,2019,1,6,2,4,38,0
2/8/2019,100.15,2.54,2,2019,1,6,2,5,39,0
2/11/2019,100.36,2.55,2,2019,1,7,3,1,42,0
2/12/2019,100.53,2.55,2,2019,1,7,3,2,43,0
2/13/2019,100.28,2.55,2,2019,1,7,3,3,44,0
2/14/2019,100.25,2.53,2,2019,1,7,3,4,45,0
2/15/2019,100.24,2.55,2,2019,1,7,3,5,46,0
2/18/2019,100.19,,2,2019,1,8,4,1,49,0
2/19/2019,100.17,2.54,2,2019,1,8,4,2,50,0
2/20/2019,100.27,2.54,2,2019,1,8,4,3,51,0
2/21/2019,100.24,2.55,2,2019,1,8,4,4,52,0
2/22/2019,100.22,2.55,2,2019,1,8,4,5,53,0
2/25/2019,100.18,2.56,2,2019,1,9,5,1,56,0
2/26/2019,100.07,2.55,2,2019,1,9,5,2,57,0
2/27/2019,100.13,2.54,2,2019,1,9,5,3,58,0
2/28/2019,100.09,2.54,2,2019,1,9,5,4,59,0
3/1/2019,100.04,2.55,3,2019,1,9,1,5,60,0
3/4/2019,100.04,2.54,3,2019,1,10,2,1,63,0
3/5/2019,100.04,2.54,3,2019,1,10,2,2,64,0
3/6/2019,100.05,2.54,3,2019,1,10,2,3,65,0
3/7/2019,100.02,2.52,3,2019,1,10,2,4,66,0
3/8/2019,99.71,2.53,3,2019,1,10,2,5,67,0
3/11/2019,99.65,2.53,3,2019,1,11,3,1,70,0
3/12/2019,99.61,2.52,3,2019,1,11,3,2,71,0
3/13/2019,100.19,2.53,3,2019,1,11,3,3,72,0
3/14/2019,100.24,2.52,3,2019,1,11,3,4,73,0
3/15/2019,100.17,2.52,3,2019,1,11,3,5,74,0
3/18/2019,100.3,2.52,3,2019,1,12,4,1,77,0
3/19/2019,100.66,2.5,3,2019,1,12,4,2,78,0
3/20/2019,100.85,2.47,3,2019,1,12,4,3,79,0
3/21/2019,101.01,2.48,3,2019,1,12,4,4,80,0
3/22/2019,100.78,2.45,3,2019,1,12,4,5,81,0
3/25/2019,100.7,2.41,3,2019,1,13,5,1,84,0
3/26/2019,100.96,2.44,3,2019,1,13,5,2,85,0
3/27/2019,100.96,2.4,3,2019,1,13,5,3,86,0
3/28/2019,100.88,2.4,3,2019,1,13,5,4,87,0
3/29/2019,100.75,2.4,3,2019,1,13,5,5,88,0
4/1/2019,100.78,2.41,4,2019,2,14,1,1,91,0
4/2/2019,100.84,2.41,4,2019,2,14,1,2,92,0
4/3/2019,100.9,2.41,4,2019,2,14,1,3,93,0
4/4/2019,100.8,2.41,4,2019,2,14,1,4,94,0
4/5/2019,100.72,2.43,4,2019,2,14,1,5,95,0
4/8/2019,100.63,2.43,4,2019,2,15,2,1,98,0
4/9/2019,100.64,2.42,4,2019,2,15,2,2,99,0
4/10/2019,100.84,2.41,4,2019,2,15,2,3,100,0
4/11/2019,101.09,2.44,4,2019,2,15,2,4,101,0
4/12/2019,100.95,2.44,4,2019,2,15,2,5,102,0
4/15/2019,100.99,2.43,4,2019,2,16,3,1,105,0
4/16/2019,101,2.45,4,2019,2,16,3,2,106,0
4/17/2019,101.06,2.44,4,2019,2,16,3,3,107,0
4/24/2019,101.54,2.42,4,2019,2,17,4,3,114,0
5/10/2019,101.13,2.36,5,2019,2,19,2,5,130,0
5/13/2019,101.07,2.32,5,2019,2,20,3,1,133,0
5/14/2019,101.07,2.32,5,2019,2,20,3,2,134,0
5/15/2019,101.09,2.3,5,2019,2,20,3,3,135,0
5/16/2019,101.11,2.33,5,2019,2,20,3,4,136,0
5/17/2019,101.12,2.33,5,2019,2,20,3,5,137,0
5/20/2019,101.11,2.34,5,2019,2,21,4,1,140,0
5/21/2019,101.11,2.36,5,2019,2,21,4,2,141,0
5/22/2019,101.17,2.37,5,2019,2,21,4,3,142,0
5/22/2019,101.17,2.37,5,2019,2,21,4,3,142,0
5/23/2019,101.22,2.32,5,2019,2,21,4,4,143,0
5/24/2019,101.23,2.33,5,2019,2,21,4,5,144,0
5/27/2019,101.24,,5,2019,2,22,5,1,147,0
5/28/2019,101.24,2.31,5,2019,2,22,5,2,148,0
5/29/2019,101.28,2.3,5,2019,2,22,5,3,149,0
5/30/2019,101.4,2.29,5,2019,2,22,5,4,150,0
5/31/2019,101.36,2.21,5,2019,2,22,5,5,151,0
6/3/2019,101.29,2.11,6,2019,2,23,2,1,154,0
6/4/2019,101.28,2.11,6,2019,2,23,2,2,155,0
6/6/2019,101.35,2.02,6,2019,2,23,2,4,157,0
6/7/2019,101.3,1.97,6,2019,2,23,2,5,158,0
6/10/2019,101.2,2.03,6,2019,2,24,3,1,161,0
6/11/2019,101.28,2.05,6,2019,2,24,3,2,162,0
6/12/2019,101.38,2.02,6,2019,2,24,3,3,163,0
6/13/2019,101.39,2,6,2019,2,24,3,4,164,0
6/14/2019,101.55,2,6,2019,2,24,3,5,165,0
6/17/2019,101.82,2.03,6,2019,2,25,4,1,168,0
6/18/2019,102,2.04,6,2019,2,25,4,2,169,0
6/19/2019,102.02,1.96,6,2019,2,25,4,3,170,0
6/20/2019,101.9,1.91,6,2019,2,25,4,4,171,0
6/21/2019,101.87,1.95,6,2019,2,25,4,5,172,0
6/24/2019,101.88,1.92,6,2019,2,26,5,1,175,0
6/25/2019,101.91,1.93,6,2019,2,26,5,2,176,0
6/26/2019,102.19,1.96,6,2019,2,26,5,3,177,0
6/27/2019,102.17,1.93,6,2019,2,26,5,4,178,0
6/28/2019,102.3,1.92,6,2019,2,26,5,5,179,0
7/1/2019,102.36,1.94,7,2019,3,27,1,1,182,0
7/2/2019,102.72,1.91,7,2019,3,27,1,2,183,0
7/3/2019,103,1.91,7,2019,3,27,1,3,184,0
7/4/2019,102.29,,7,2019,3,27,1,4,185,0
7/5/2019,102.63,1.98,7,2019,3,27,1,5,186,0
7/8/2019,102.61,1.99,7,2019,3,28,2,1,189,0
7/9/2019,102.69,2,7,2019,3,28,2,2,190,0
7/10/2019,102.75,1.93,7,2019,3,28,2,3,191,0
7/11/2019,102.92,1.97,7,2019,3,28,2,4,192,0
7/12/2019,102.92,1.96,7,2019,3,28,2,5,193,0
7/15/2019,102.95,1.95,7,2019,3,29,3,1,196,0
7/16/2019,103.03,2,7,2019,3,29,3,2,197,0
7/17/2019,103.05,1.95,7,2019,3,29,3,3,198,0
7/18/2019,103.06,1.9,7,2019,3,29,3,4,199,0
7/19/2019,103.1,1.94,7,2019,3,29,3,5,200,0
7/22/2019,103.22,1.95,7,2019,3,30,4,1,203,0
7/23/2019,103.61,1.97,7,2019,3,30,4,2,204,0
7/24/2019,103.76,1.98,7,2019,3,30,4,3,205,0
7/25/2019,104.02,1.99,7,2019,3,30,4,4,206,0
7/26/2019,103.8,2,7,2019,3,30,4,5,207,0
7/29/2019,103.82,1.98,7,2019,3,31,5,1,210,0
7/30/2019,104.07,1.97,7,2019,3,31,5,2,211,0
7/31/2019,104.21,2,7,2019,3,31,5,3,212,0
7/31/2019,104.21,2,7,2019,3,31,5,3,212,0
8/1/2019,104.17,1.88,8,2019,3,31,1,4,213,0
8/2/2019,103.23,1.85,8,2019,3,31,1,5,214,0
8/5/2019,103.01,1.78,8,2019,3,32,2,1,217,0
8/6/2019,103.2,1.8,8,2019,3,32,2,2,218,0
8/7/2019,103.27,1.75,8,2019,3,32,2,3,219,0
8/8/2019,103.44,1.79,8,2019,3,32,2,4,220,0
8/9/2019,103.37,1.78,8,2019,3,32,2,5,221,0
8/13/2019,103.07,1.86,8,2019,3,33,3,2,225,0
8/14/2019,103.25,1.79,8,2019,3,33,3,3,226,0
8/15/2019,103.26,1.72,8,2019,3,33,3,4,227,0
8/16/2019,103.33,1.71,8,2019,3,33,3,5,228,0
8/19/2019,103.38,1.75,8,2019,3,34,4,1,231,0
8/20/2019,103.29,1.72,8,2019,3,34,4,2,232,0
8/21/2019,102.97,1.77,8,2019,3,34,4,3,233,0
8/22/2019,102.96,1.79,8,2019,3,34,4,4,234,0
8/23/2019,103.06,1.73,8,2019,3,34,4,5,235,0
8/26/2019,103.18,1.75,8,2019,3,35,5,1,238,0
8/27/2019,103.32,1.77,8,2019,3,35,5,2,239,0
8/28/2019,103.45,1.74,8,2019,3,35,5,3,240,0
8/29/2019,103.48,1.75,8,2019,3,35,5,4,241,0
8/30/2019,103.55,1.76,8,2019,3,35,5,5,242,0
9/2/2019,103.59,,9,2019,3,36,1,1,245,0
9/3/2019,103.64,1.72,9,2019,3,36,1,2,246,0
9/4/2019,103.82,1.69,9,2019,3,36,1,3,247,0
9/5/2019,103.82,1.73,9,2019,3,36,1,4,248,0
9/6/2019,103.89,1.73,9,2019,3,36,1,5,249,0
9/9/2019,103.82,1.74,9,2019,3,37,2,1,252,0
9/10/2019,103.73,1.81,9,2019,3,37,2,2,253,0
9/11/2019,103.66,1.79,9,2019,3,37,2,3,254,0
9/12/2019,103.78,1.82,9,2019,3,37,2,4,255,0
9/13/2019,103.79,1.88,9,2019,3,37,2,5,256,0
9/16/2019,103.77,1.86,9,2019,3,38,3,1,259,0
9/17/2019,103.79,1.87,9,2019,3,38,3,2,260,0
9/18/2019,103.86,1.87,9,2019,3,38,3,3,261,0
9/19/2019,103.91,1.88,9,2019,3,38,3,4,262,0
9/20/2019,103.83,1.84,9,2019,3,38,3,5,263,0
9/23/2019,103.83,1.81,9,2019,3,39,4,1,266,0
9/24/2019,103.86,1.78,9,2019,3,39,4,2,267,0
9/25/2019,103.83,1.82,9,2019,3,39,4,3,268,0
9/26/2019,103.86,1.79,9,2019,3,39,4,4,269,0
9/27/2019,103.82,1.74,9,2019,3,39,4,5,270,0
9/30/2019,103.89,1.75,9,2019,3,40,5,1,273,0
10/1/2019,103.86,1.73,10,2019,4,40,1,2,274,0
10/2/2019,103.86,1.67,10,2019,4,40,1,3,275,0
10/3/2019,103.86,1.58,10,2019,4,40,1,4,276,0
10/4/2019,103.81,1.58,10,2019,4,40,1,5,277,0
10/7/2019,103.84,1.64,10,2019,4,41,2,1,280,0
10/8/2019,103.8,1.62,10,2019,4,41,2,2,281,0
10/9/2019,103.78,1.59,10,2019,4,41,2,3,282,0
10/11/2019,103.76,1.67,10,2019,4,41,2,5,284,0
10/14/2019,103.77,,10,2019,4,42,3,1,287,0
10/15/2019,103.79,1.65,10,2019,4,42,3,2,288,0
10/16/2019,103.7,1.59,10,2019,4,42,3,3,289,0
10/17/2019,103.71,1.59,10,2019,4,42,3,4,290,0
10/18/2019,103.7,1.58,10,2019,4,42,3,5,291,0
10/22/2019,103.73,1.59,10,2019,4,43,4,2,295,0
10/23/2019,103.58,1.58,10,2019,4,43,4,3,296,0
10/24/2019,103.51,1.59,10,2019,4,43,4,4,297,0
10/25/2019,103.25,1.6,10,2019,4,43,4,5,298,0
10/28/2019,103.52,1.6,10,2019,4,44,5,1,301,0
10/29/2019,103.56,1.59,10,2019,4,44,5,2,302,0
10/30/2019,103.41,1.59,10,2019,4,44,5,3,303,0
10/31/2019,103.21,1.53,10,2019,4,44,5,4,304,0
11/1/2019,103.28,1.53,11,2019,4,44,1,5,305,0
11/4/2019,103.27,1.56,11,2019,4,45,2,1,308,0
11/5/2019,103.27,1.62,11,2019,4,45,2,2,309,0
11/6/2019,103.19,1.58,11,2019,4,45,2,3,310,0
11/7/2019,102.95,1.58,11,2019,4,45,2,4,311,0
11/8/2019,102.81,1.58,11,2019,4,45,2,5,312,0
11/11/2019,102.5,,11,2019,4,46,3,1,315,0
11/12/2019,102.41,1.58,11,2019,4,46,3,2,316,0
11/13/2019,102.42,1.57,11,2019,4,46,3,3,317,0
11/14/2019,102.1,1.55,11,2019,4,46,3,4,318,0
11/15/2019,102.08,1.54,11,2019,4,46,3,5,319,0
11/18/2019,101.97,1.54,11,2019,4,47,4,1,322,0
11/19/2019,101.93,1.54,11,2019,4,47,4,2,323,0
11/20/2019,101.8,1.54,11,2019,4,47,4,3,324,0
11/21/2019,101.48,1.55,11,2019,4,47,4,4,325,0
11/22/2019,101.36,1.56,11,2019,4,47,4,5,326,0
11/25/2019,101.55,1.58,11,2019,4,48,5,1,329,0
11/26/2019,102.02,1.59,11,2019,4,48,5,2,330,0
11/27/2019,102.43,1.6,11,2019,4,48,5,3,331,0
11/28/2019,102.54,,11,2019,4,48,5,4,332,0
11/29/2019,102.81,1.6,11,2019,4,48,5,5,333,0
12/2/2019,102.6,1.6,12,2019,4,49,1,1,336,0
12/3/2019,102.61,1.57,12,2019,4,49,1,2,337,0
12/4/2019,102.3,1.56,12,2019,4,49,1,3,338,0
12/5/2019,101.96,1.56,12,2019,4,49,1,4,339,0
12/6/2019,101.75,1.57,12,2019,4,49,1,5,340,0
12/9/2019,101.67,1.56,12,2019,4,50,2,1,343,0
12/10/2019,101.42,1.56,12,2019,4,50,2,2,344,0
12/11/2019,101.5,1.55,12,2019,4,50,2,3,345,0
12/13/2019,101.67,1.54,12,2019,4,50,2,5,347,0
12/16/2019,101.68,1.54,12,2019,4,51,3,1,350,0
12/17/2019,101.62,1.53,12,2019,4,51,3,2,351,0
12/18/2019,101.54,1.54,12,2019,4,51,3,3,352,0
12/19/2019,100.9,1.52,12,2019,4,51,3,4,353,0
12/20/2019,100.71,1.52,12,2019,4,51,3,5,354,0
12/23/2019,100.7,1.53,12,2019,4,52,4,1,357,0
12/24/2019,100.63,1.53,12,2019,4,52,4,2,358,0
12/27/2019,100.77,1.51,12,2019,4,52,4,5,361,0
12/30/2019,101.16,1.57,12,2019,4,53,5,1,364,0
12/31/2019,101.34,1.59,12,2019,4,53,5,2,365,0
1/2/2020,101.34,1.56,1,2020,1,1,1,4,2,0
1/3/2020,100.96,1.55,1,2020,1,1,1,5,3,0
1/6/2020,100.98,1.54,1,2020,1,2,2,1,6,0
1/7/2020,101.06,1.53,1,2020,1,2,2,2,7,0
1/8/2020,101.26,1.55,1,2020,1,2,2,3,8,0
1/9/2020,101.47,1.54,1,2020,1,2,2,4,9,0
1/10/2020,101.59,1.53,1,2020,1,2,2,5,10,0
1/13/2020,101.34,1.53,1,2020,1,3,3,1,13,0
1/14/2020,101.49,1.53,1,2020,1,3,3,2,14,0
1/15/2020,101.39,1.54,1,2020,1,3,3,3,15,0
1/16/2020,101.38,1.54,1,2020,1,3,3,4,16,0
1/17/2020,100.97,1.56,1,2020,1,3,3,5,17,0
1/20/2020,100.95,,1,2020,1,4,4,1,20,0
1/21/2020,101.1,1.54,1,2020,1,4,4,2,21,0
1/22/2020,101.03,1.55,1,2020,1,4,4,3,22,0
1/23/2020,100.87,1.55,1,2020,1,4,4,4,23,0
1/24/2020,100.86,1.55,1,2020,1,4,4,5,24,0
1/27/2020,100.88,1.53,1,2020,1,5,5,1,27,0
1/27/2020,100.88,1.53,1,2020,1,5,5,1,27,0
1/28/2020,100.87,1.53,1,2020,1,5,5,2,28,0
1/29/2020,100.87,1.51,1,2020,1,5,5,3,29,0
1/30/2020,100.75,1.48,1,2020,1,5,5,4,30,0
1/31/2020,100.58,1.45,1,2020,1,5,5,5,31,0
2/3/2020,100.44,1.46,2,2020,1,6,2,1,34,0
2/4/2020,100.46,1.48,2,2020,1,6,2,2,35,0
2/5/2020,100.35,1.49,2,2020,1,6,2,3,36,0
2/6/2020,100.39,1.51,2,2020,1,6,2,4,37,0
2/7/2020,100.45,1.49,2,2020,1,6,2,5,38,0
2/10/2020,100.58,1.45,2,2020,1,7,3,1,41,0
2/12/2020,100.63,1.49,2,2020,1,7,3,3,43,0
2/13/2020,100.69,1.48,2,2020,1,7,3,4,44,0
2/14/2020,100.58,1.49,2,2020,1,7,3,5,45,0
2/17/2020,100.62,,2,2020,1,8,4,1,48,0
2/18/2020,100.89,1.47,2,2020,1,8,4,2,49,0
2/19/2020,101.08,1.47,2,2020,1,8,4,3,50,0
2/20/2020,101.25,1.46,2,2020,1,8,4,4,51,0
2/21/2020,101.29,1.43,2,2020,1,8,4,5,52,0
2/24/2020,101.23,1.35,2,2020,1,9,5,1,55,0
2/25/2020,101.15,1.3,2,2020,1,9,5,2,56,0
2/26/2020,101.13,1.26,2,2020,1,9,5,3,57,0
2/27/2020,100.93,1.18,2,2020,1,9,5,4,58,0
2/28/2020,100.98,0.97,2,2020,1,9,5,5,59,0
3/2/2020,101.16,0.89,3,2020,1,10,1,1,62,0
3/3/2020,101.37,0.73,3,2020,1,10,1,2,63,0
3/4/2020,102.38,0.59,3,2020,1,10,1,3,64,0
3/5/2020,102.89,0.48,3,2020,1,10,1,4,65,0
3/6/2020,102.55,0.39,3,2020,1,10,1,5,66,0
3/9/2020,102.67,0.31,3,2020,1,11,2,1,69,0
3/10/2020,102.9,0.43,3,2020,1,11,2,2,70,0
3/11/2020,102.7,0.4,3,2020,1,11,2,3,71,0
3/12/2020,102.47,0.39,3,2020,1,11,2,4,72,0
3/13/2020,102.42,0.38,3,2020,1,11,2,5,73,0
3/16/2020,102.9,0.29,3,2020,1,12,3,1,76,0
3/17/2020,103.39,0.3,3,2020,1,12,3,2,77,0
3/18/2020,103.72,0.21,3,2020,1,12,3,3,78,0
3/19/2020,104.22,0.2,3,2020,1,12,3,4,79,0
3/20/2020,105.1,0.15,3,2020,1,12,3,5,80,0
3/23/2020,106.01,0.17,3,2020,1,13,4,1,83,0
3/24/2020,106.54,0.25,3,2020,1,13,4,2,84,0
3/25/2020,106.42,0.19,3,2020,1,13,4,3,85,0
3/26/2020,106.2,0.13,3,2020,1,13,4,4,86,0
3/27/2020,105.11,0.11,3,2020,1,13,4,5,87,0
3/30/2020,104.45,0.14,3,2020,1,14,5,1,90,0
3/31/2020,104.69,0.17,3,2020,1,14,5,2,91,0
4/1/2020,105.11,0.16,4,2020,2,14,1,3,92,0
4/2/2020,105.19,0.14,4,2020,2,14,1,4,93,0
4/3/2020,105.67,0.15,4,2020,2,14,1,5,94,0
4/6/2020,105.9,0.2,4,2020,2,15,2,1,97,0
4/7/2020,106.18,0.2,4,2020,2,15,2,2,98,0
4/8/2020,106.47,0.23,4,2020,2,15,2,3,99,0
4/9/2020,106,0.25,4,2020,2,15,2,4,100,0
4/14/2020,105.91,0.25,4,2020,2,16,3,2,105,0
4/15/2020,105.9,0.19,4,2020,2,16,3,3,106,0
4/16/2020,105.91,0.17,4,2020,2,16,3,4,107,0
4/17/2020,106.2,0.16,4,2020,2,16,3,5,108,0
4/20/2020,106.79,0.15,4,2020,2,17,4,1,111,0
4/21/2020,106.88,0.17,4,2020,2,17,4,2,112,0
4/22/2020,106.99,0.16,4,2020,2,17,4,3,113,0
4/23/2020,107.14,0.17,4,2020,2,17,4,4,114,0
4/24/2020,107.24,0.18,4,2020,2,17,4,5,115,0
4/27/2020,106.93,0.17,4,2020,2,18,5,1,118,0
4/28/2020,107.24,0.16,4,2020,2,18,5,2,119,0
4/29/2020,107.28,0.18,4,2020,2,18,5,3,120,0
4/30/2020,107.29,0.16,4,2020,2,18,5,4,121,0
5/4/2020,107.26,0.16,5,2020,2,19,2,1,125,0
5/5/2020,106.61,0.16,5,2020,2,19,2,2,126,0
5/6/2020,106.31,0.16,5,2020,2,19,2,3,127,0
5/7/2020,106.08,0.15,5,2020,2,19,2,4,128,0
5/8/2020,106.01,0.15,5,2020,2,19,2,5,129,0
5/11/2020,106.03,0.16,5,2020,2,20,3,1,132,0
5/12/2020,106.14,0.16,5,2020,2,20,3,2,133,0
5/13/2020,106.53,0.15,5,2020,2,20,3,3,134,0
5/14/2020,106.59,0.15,5,2020,2,20,3,4,135,0
5/15/2020,106.81,0.15,5,2020,2,20,3,5,136,0
5/18/2020,107.04,0.17,5,2020,2,21,4,1,139,0
5/19/2020,106.69,0.16,5,2020,2,21,4,2,140,0
5/20/2020,106.8,0.16,5,2020,2,21,4,3,141,0
5/21/2020,106.89,0.16,5,2020,2,21,4,4,142,0
5/22/2020,106.97,0.17,5,2020,2,21,4,5,143,0
5/26/2020,107.01,0.17,5,2020,2,22,5,2,147,0
5/27/2020,107.11,0.18,5,2020,2,22,5,3,148,0
5/28/2020,107.03,0.17,5,2020,2,22,5,4,149,0
5/29/2020,106.94,0.17,5,2020,2,22,5,5,150,0
6/2/2020,106.8,0.17,6,2020,2,23,1,2,154,0
6/3/2020,106.45,0.17,6,2020,2,23,1,3,155,0
6/4/2020,106.12,0.17,6,2020,2,23,1,4,156,0
6/5/2020,106.09,0.18,6,2020,2,23,1,5,157,0
6/8/2020,106.14,0.19,6,2020,2,24,2,1,160,0
6/9/2020,106.3,0.19,6,2020,2,24,2,2,161,0
6/10/2020,106.43,0.18,6,2020,2,24,2,3,162,0
6/11/2020,106.6,0.19,6,2020,2,24,2,4,163,0
6/12/2020,106.5,0.18,6,2020,2,24,2,5,164,0
6/15/2020,106.45,0.17,6,2020,2,25,3,1,167,0
6/16/2020,106.49,0.18,6,2020,2,25,3,2,168,0
6/17/2020,106.49,0.19,6,2020,2,25,3,3,169,0
6/18/2020,106.32,0.19,6,2020,2,25,3,4,170,0
6/19/2020,106.29,0.18,6,2020,2,25,3,5,171,0
6/22/2020,106.33,0.17,6,2020,2,26,4,1,174,0
6/23/2020,106.42,0.18,6,2020,2,26,4,2,175,0
6/24/2020,106.37,0.17,6,2020,2,26,4,3,176,0
6/25/2020,106.4,0.17,6,2020,2,26,4,4,177,0
6/26/2020,106.51,0.17,6,2020,2,26,4,5,178,0
6/29/2020,106.46,0.16,6,2020,2,27,5,1,181,0
6/30/2020,106.52,0.16,6,2020,2,27,5,2,182,0
7/1/2020,106.55,0.16,7,2020,3,27,1,3,183,0
7/2/2020,106.54,0.16,7,2020,3,27,1,4,184,0
7/3/2020,106.67,,7,2020,3,27,1,5,185,0
7/6/2020,106.61,0.16,7,2020,3,28,2,1,188,0
7/7/2020,106.59,0.15,7,2020,3,28,2,2,189,0
7/8/2020,106.75,0.15,7,2020,3,28,2,3,190,0
7/9/2020,106.96,0.15,7,2020,3,28,2,4,191,0
7/10/2020,106.9,0.15,7,2020,3,28,2,5,192,0
7/13/2020,107.05,0.16,7,2020,3,29,3,1,195,0
7/14/2020,107.15,0.17,7,2020,3,29,3,2,196,0
7/15/2020,107.28,0.15,7,2020,3,29,3,3,197,0
7/16/2020,107.35,0.14,7,2020,3,29,3,4,198,0
7/17/2020,107.46,0.14,7,2020,3,29,3,5,199,0
7/20/2020,107.43,0.14,7,2020,3,30,4,1,202,0
7/21/2020,107.62,0.15,7,2020,3,30,4,2,203,0
7/22/2020,107.88,0.14,7,2020,3,30,4,3,204,0
7/23/2020,108.13,0.14,7,2020,3,30,4,4,205,0
7/24/2020,108.02,0.16,7,2020,3,30,4,5,206,0
7/27/2020,107.79,0.14,7,2020,3,31,5,1,209,0
7/28/2020,107.72,0.14,7,2020,3,31,5,2,210,0
7/29/2020,107.71,0.13,7,2020,3,31,5,3,211,0
7/30/2020,107.71,0.11,7,2020,3,31,5,4,212,0
8/3/2020,107.71,0.12,8,2020,3,32,2,1,216,0
8/4/2020,107.82,0.14,8,2020,3,32,2,2,217,0
8/5/2020,107.89,0.12,8,2020,3,32,2,3,218,0
8/6/2020,107.95,0.14,8,2020,3,32,2,4,219,0
8/7/2020,108,0.14,8,2020,3,32,2,5,220,0
8/10/2020,108.03,0.13,8,2020,3,33,3,1,223,0
8/11/2020,108.12,0.15,8,2020,3,33,3,2,224,0
8/12/2020,108.33,0.13,8,2020,3,33,3,3,225,0
8/13/2020,108.39,0.14,8,2020,3,33,3,4,226,0
8/14/2020,108.29,0.13,8,2020,3,33,3,5,227,0
8/17/2020,108.32,0.13,8,2020,3,34,4,1,230,0
8/18/2020,108.31,0.13,8,2020,3,34,4,2,231,0
8/19/2020,108.42,0.13,8,2020,3,34,4,3,232,0
8/20/2020,108.56,0.12,8,2020,3,34,4,4,233,0
8/21/2020,108.01,0.13,8,2020,3,34,4,5,234,0
8/24/2020,108.01,0.14,8,2020,3,35,5,1,237,0
8/25/2020,108.04,0.13,8,2020,3,35,5,2,238,0
8/26/2020,108.12,0.12,8,2020,3,35,5,3,239,0
8/27/2020,108.15,0.13,8,2020,3,35,5,4,240,0
8/28/2020,108.22,0.12,8,2020,3,35,5,5,241,0
8/31/2020,108.21,0.12,8,2020,3,36,6,1,244,0
9/1/2020,108.21,0.12,9,2020,3,36,1,2,245,0
9/2/2020,108.26,0.13,9,2020,3,36,1,3,246,0
9/3/2020,108.3,0.12,9,2020,3,36,1,4,247,0
9/4/2020,108.32,0.13,9,2020,3,36,1,5,248,0
9/7/2020,108.33,,9,2020,3,37,2,1,251,0
9/8/2020,108.34,0.15,9,2020,3,37,2,2,252,0
9/9/2020,108.37,0.14,9,2020,3,37,2,3,253,0
9/10/2020,108.4,0.15,9,2020,3,37,2,4,254,0
9/11/2020,108.45,0.13,9,2020,3,37,2,5,255,0
9/14/2020,108.5,0.14,9,2020,3,38,3,1,258,0
9/15/2020,108.56,0.13,9,2020,3,38,3,2,259,0
9/16/2020,108.64,0.12,9,2020,3,38,3,3,260,0
9/17/2020,108.38,0.12,9,2020,3,38,3,4,261,0
9/18/2020,108.39,0.13,9,2020,3,38,3,5,262,0
9/21/2020,108.4,0.12,9,2020,3,39,4,1,265,0
9/22/2020,108.36,0.12,9,2020,3,39,4,2,266,0
9/23/2020,108.42,0.13,9,2020,3,39,4,3,267,0
9/24/2020,108.41,0.12,9,2020,3,39,4,4,268,0
9/25/2020,108.47,0.12,9,2020,3,39,4,5,269,0
9/28/2020,108.48,0.12,9,2020,3,40,5,1,272,0
9/29/2020,108.49,0.12,9,2020,3,40,5,2,273,0
9/30/2020,108.5,0.12,9,2020,3,40,5,3,274,0
10/1/2020,108.45,0.12,10,2020,4,40,1,4,275,0
10/2/2020,108.49,0.12,10,2020,4,40,1,5,276,0
10/5/2020,108.49,0.12,10,2020,4,41,2,1,279,0
10/6/2020,108.5,0.14,10,2020,4,41,2,2,280,0
10/7/2020,108.53,0.13,10,2020,4,41,2,3,281,0
10/8/2020,108.53,0.13,10,2020,4,41,2,4,282,0
10/9/2020,108.52,0.15,10,2020,4,41,2,5,283,0
10/12/2020,108.53,,10,2020,4,42,3,1,286,0
10/13/2020,108.55,0.13,10,2020,4,42,3,2,287,0
10/14/2020,108.59,0.13,10,2020,4,42,3,3,288,0
10/15/2020,108.61,0.12,10,2020,4,42,3,4,289,0
10/16/2020,108.62,0.12,10,2020,4,42,3,5,290,0
10/19/2020,108.68,0.13,10,2020,4,43,4,1,293,0
10/21/2020,108.72,0.13,10,2020,4,43,4,3,295,0
10/22/2020,108.75,0.13,10,2020,4,43,4,4,296,0
10/23/2020,108.77,0.12,10,2020,4,43,4,5,297,0
10/26/2020,108.79,0.12,10,2020,4,44,5,1,300,0
10/27/2020,108.83,0.12,10,2020,4,44,5,2,301,0
10/28/2020,108.84,0.12,10,2020,4,44,5,3,302,0
10/29/2020,108.83,0.12,10,2020,4,44,5,4,303,0
10/30/2020,108.82,0.13,10,2020,4,44,5,5,304,0
11/2/2020,108.83,0.13,11,2020,4,45,1,1,307,0
11/3/2020,108.84,0.14,11,2020,4,45,1,2,308,0
11/4/2020,108.86,0.12,11,2020,4,45,1,3,309,0
11/5/2020,108.87,0.12,11,2020,4,45,1,4,310,0
11/6/2020,108.91,0.12,11,2020,4,45,1,5,311,0
11/9/2020,108.92,0.12,11,2020,4,46,2,1,314,0
11/10/2020,108.93,0.12,11,2020,4,46,2,2,315,0
11/11/2020,108.97,,11,2020,4,46,2,3,316,0
11/12/2020,109.03,0.13,11,2020,4,46,2,4,317,0
11/13/2020,109.11,0.12,11,2020,4,46,2,5,318,0
11/16/2020,109.2,0.12,11,2020,4,47,3,1,321,0
11/17/2020,109.23,0.12,11,2020,4,47,3,2,322,0
11/18/2020,109.26,0.11,11,2020,4,47,3,3,323,0
11/19/2020,109.32,0.11,11,2020,4,47,3,4,324,0
11/20/2020,109.39,0.11,11,2020,4,47,3,5,325,0
11/23/2020,109.45,0.1,11,2020,4,48,4,1,328,0
11/24/2020,109.54,0.11,11,2020,4,48,4,2,329,0
11/25/2020,109.72,0.11,11,2020,4,48,4,3,330,0
11/26/2020,109.86,,11,2020,4,48,4,4,331,0
11/27/2020,109.98,0.11,11,2020,4,48,4,5,332,0
11/30/2020,110.05,0.11,11,2020,4,49,5,1,335,0
12/1/2020,110.07,0.12,12,2020,4,49,1,2,336,0
12/2/2020,110.1,0.11,12,2020,4,49,1,3,337,0
12/3/2020,110.67,0.1,12,2020,4,49,1,4,338,0
12/4/2020,111.06,0.11,12,2020,4,49,1,5,339,0
12/7/2020,111.13,0.1,12,2020,4,50,2,1,342,0
12/8/2020,111.4,0.1,12,2020,4,50,2,2,343,0
12/9/2020,111.41,0.1,12,2020,4,50,2,3,344,0
12/10/2020,111.44,0.1,12,2020,4,50,2,4,345,0
12/11/2020,111.48,0.1,12,2020,4,50,2,5,346,0
12/14/2020,111.53,0.1,12,2020,4,51,3,1,349,0
12/15/2020,111.56,0.09,12,2020,4,51,3,2,350,0
12/16/2020,111.59,0.09,12,2020,4,51,3,3,351,0
12/17/2020,111.59,0.09,12,2020,4,51,3,4,352,0
12/18/2020,111.57,0.09,12,2020,4,51,3,5,353,0
12/21/2020,111.45,0.09,12,2020,4,52,4,1,356,0
12/22/2020,111.04,0.09,12,2020,4,52,4,2,357,0
12/23/2020,109.44,0.09,12,2020,4,52,4,3,358,0
12/24/2020,108.79,0.1,12,2020,4,52,4,4,359,0
12/28/2020,108.77,0.11,12,2020,4,53,5,1,363,0
12/29/2020,108.77,0.11,12,2020,4,53,5,2,364,0
12/30/2020,109.04,0.12,12,2020,4,53,5,3,365,0
12/31/2020,109.17,0.1,12,2020,4,53,5,4,366,0
1/4/2021,109.22,0.1,1,2021,1,2,2,1,4,0
1/5/2021,109.29,0.1,1,2021,1,2,2,2,5,0
1/6/2021,109.38,0.11,1,2021,1,2,2,3,6,0
1/7/2021,109.47,0.11,1,2021,1,2,2,4,7,0
1/8/2021,109.55,0.1,1,2021,1,2,2,5,8,0
1/11/2021,109.55,0.1,1,2021,1,3,3,1,11,0
1/12/2021,109.55,0.11,1,2021,1,3,3,2,12,0
1/13/2021,109.67,0.12,1,2021,1,3,3,3,13,0
1/14/2021,109.97,0.1,1,2021,1,3,3,4,14,0
1/15/2021,110.1,0.1,1,2021,1,3,3,5,15,0
1/18/2021,110.07,,1,2021,1,4,4,1,18,0
1/19/2021,110.1,0.1,1,2021,1,4,4,2,19,0
1/20/2021,110.18,0.1,1,2021,1,4,4,3,20,0
1/21/2021,110.19,0.1,1,2021,1,4,4,4,21,0
1/22/2021,109.81,0.1,1,2021,1,4,4,5,22,0
1/25/2021,110.02,0.1,1,2021,1,5,5,1,25,0
1/26/2021,110.09,0.09,1,2021,1,5,5,2,26,0
1/27/2021,110.1,0.09,1,2021,1,5,5,3,27,0
1/28/2021,110.15,0.08,1,2021,1,5,5,4,28,0
1/29/2021,110.14,0.1,1,2021,1,5,5,5,29,0
2/1/2021,110.15,0.08,2,2021,1,6,1,1,32,0
2/2/2021,110.15,0.08,2,2021,1,6,1,2,33,0
2/3/2021,110.01,0.08,2,2021,1,6,1,3,34,0
2/4/2021,109.86,0.07,2,2021,1,6,1,4,35,0
2/5/2021,109.82,0.06,2,2021,1,6,1,5,36,0
2/8/2021,109.66,0.07,2,2021,1,7,2,1,39,0
2/9/2021,109.64,0.07,2,2021,1,7,2,2,40,0
2/10/2021,109.55,0.07,2,2021,1,7,2,3,41,0
2/11/2021,109.45,0.07,2,2021,1,7,2,4,42,0
2/12/2021,109.44,0.06,2,2021,1,7,2,5,43,0
2/15/2021,109.45,,2,2021,1,8,3,1,46,0
2/16/2021,109.45,0.08,2,2021,1,8,3,2,47,0
2/17/2021,109.46,0.07,2,2021,1,8,3,3,48,0
2/18/2021,109.55,0.06,2,2021,1,8,3,4,49,0
2/19/2021,109.55,0.07,2,2021,1,8,3,5,50,0
2/22/2021,109.6,0.06,2,2021,1,9,4,1,53,0
2/23/2021,109.6,0.08,2,2021,1,9,4,2,54,0
2/24/2021,109.7,0.08,2,2021,1,9,4,3,55,0
2/25/2021,109.77,0.09,2,2021,1,9,4,4,56,0
2/26/2021,109.8,0.08,2,2021,1,9,4,5,57,0
3/1/2021,109.8,0.08,3,2021,1,10,1,1,60,0
3/2/2021,109.8,0.08,3,2021,1,10,1,2,61,0
3/3/2021,109.8,0.08,3,2021,1,10,1,3,62,0
3/4/2021,109.69,0.08,3,2021,1,10,1,4,63,0
3/5/2021,109.65,0.08,3,2021,1,10,1,5,64,0
3/8/2021,109.64,0.09,3,2021,1,11,2,1,67,0
3/9/2021,109.65,0.1,3,2021,1,11,2,2,68,0
3/10/2021,109.65,0.08,3,2021,1,11,2,3,69,0
3/11/2021,109.65,0.08,3,2021,1,11,2,4,70,0
3/12/2021,109.65,0.09,3,2021,1,11,2,5,71,0
3/15/2021,109.65,0.08,3,2021,1,12,3,1,74,0
3/16/2021,109.65,0.07,3,2021,1,12,3,2,75,0
3/17/2021,109.69,0.07,3,2021,1,12,3,3,76,0
3/18/2021,109.8,0.08,3,2021,1,12,3,4,77,0
3/19/2021,109.86,0.07,3,2021,1,12,3,5,78,0
3/22/2021,109.86,0.06,3,2021,1,13,4,1,81,0
3/23/2021,109.86,0.08,3,2021,1,13,4,2,82,0
3/24/2021,109.85,0.07,3,2021,1,13,4,3,83,0
3/25/2021,109.81,0.07,3,2021,1,13,4,4,84,0
3/26/2021,109.79,0.06,3,2021,1,13,4,5,85,0
3/29/2021,109.75,0.06,3,2021,1,14,5,1,88,0
3/30/2021,109.72,0.06,3,2021,1,14,5,2,89,0
3/31/2021,109.51,0.07,3,2021,1,14,5,3,90,0
4/1/2021,109.35,0.06,4,2021,2,14,1,4,91,0
4/6/2021,108.92,0.06,4,2021,2,15,2,2,96,0
4/7/2021,108.6,0.06,4,2021,2,15,2,3,97,0
4/8/2021,108.24,0.05,4,2021,2,15,2,4,98,0
4/9/2021,107.97,0.06,4,2021,2,15,2,5,99,0
4/12/2021,107.29,0.06,4,2021,2,16,3,1,102,0
4/13/2021,107.1,0.06,4,2021,2,16,3,2,103,0
4/14/2021,106.9,0.06,4,2021,2,16,3,3,104,0
4/15/2021,106.81,0.06,4,2021,2,16,3,4,105,0
4/16/2021,107.06,0.06,4,2021,2,16,3,5,106,0
4/19/2021,107.49,0.08,4,2021,2,17,4,1,109,0
4/20/2021,107.95,0.07,4,2021,2,17,4,2,110,0
4/21/2021,108.11,0.07,4,2021,2,17,4,3,111,0
4/22/2021,108.42,0.06,4,2021,2,17,4,4,112,0
4/23/2021,108.53,0.07,4,2021,2,17,4,5,113,0
4/26/2021,108.54,0.06,4,2021,2,18,5,1,116,0
4/27/2021,108.1,0.06,4,2021,2,18,5,2,117,0
4/28/2021,107.85,0.05,4,2021,2,18,5,3,118,0
4/29/2021,107.84,0.05,4,2021,2,18,5,4,119,0
4/30/2021,107.84,0.05,4,2021,2,18,5,5,120,0
5/3/2021,107.84,0.06,5,2021,2,19,2,1,123,0
5/4/2021,107.71,0.06,5,2021,2,19,2,2,124,0
5/5/2021,107.26,0.06,5,2021,2,19,2,3,125,0
5/6/2021,106.98,0.05,5,2021,2,19,2,4,126,0
5/7/2021,106.86,0.05,5,2021,2,19,2,5,127,0
5/10/2021,106.74,0.05,5,2021,2,20,3,1,130,0
5/11/2021,106.54,0.05,5,2021,2,20,3,2,131,0
5/12/2021,106.8,0.05,5,2021,2,20,3,3,132,0
5/13/2021,107.02,0.05,5,2021,2,20,3,4,133,0
5/17/2021,107.17,0.06,5,2021,2,21,4,1,137,0
5/18/2021,107.28,0.06,5,2021,2,21,4,2,138,0
5/19/2021,107.52,0.05,5,2021,2,21,4,3,139,0
5/20/2021,107.92,0.05,5,2021,2,21,4,4,140,0
5/21/2021,108.23,0.04,5,2021,2,21,4,5,141,0
5/24/2021,108.24,0.04,5,2021,2,22,5,1,144,0
5/25/2021,108.02,0.04,5,2021,2,22,5,2,145,0
5/26/2021,107.74,0.04,5,2021,2,22,5,3,146,0
5/27/2021,107.57,0.04,5,2021,2,22,5,4,147,0
5/28/2021,107.54,0.05,5,2021,2,22,5,5,148,0
5/31/2021,107.59,,5,2021,2,23,6,1,151,0
6/2/2021,107.69,0.05,6,2021,2,23,1,3,153,0
6/3/2021,107.73,0.04,6,2021,2,23,1,4,154,0
6/4/2021,107.8,0.05,6,2021,2,23,1,5,155,0
6/7/2021,107.84,0.05,6,2021,2,24,2,1,158,0
6/8/2021,107.9,0.05,6,2021,2,24,2,2,159,0
6/9/2021,107.95,0.05,6,2021,2,24,2,3,160,0
6/10/2021,107.9,0.05,6,2021,2,24,2,4,161,0
6/11/2021,107.9,0.05,6,2021,2,24,2,5,162,0
6/14/2021,107.8,0.05,6,2021,2,25,3,1,165,0
6/15/2021,107.79,0.08,6,2021,2,25,3,2,166,0
6/16/2021,107.77,0.08,6,2021,2,25,3,3,167,0
6/17/2021,107.8,0.08,6,2021,2,25,3,4,168,0
6/18/2021,107.8,0.09,6,2021,2,25,3,5,169,0
6/21/2021,107.8,0.09,6,2021,2,26,4,1,172,0
6/22/2021,107.8,0.09,6,2021,2,26,4,2,173,0
6/23/2021,107.8,0.08,6,2021,2,26,4,3,174,0
6/24/2021,107.77,0.08,6,2021,2,26,4,4,175,0
6/25/2021,107.75,0.09,6,2021,2,26,4,5,176,0
6/28/2021,107.75,0.08,6,2021,2,27,5,1,179,0
6/29/2021,107.78,0.08,6,2021,2,27,5,2,180,0
6/30/2021,107.85,0.07,6,2021,2,27,5,3,181,0
7/1/2021,107.92,0.09,7,2021,3,27,1,4,182,0
7/2/2021,107.95,0.08,7,2021,3,27,1,5,183,0
7/5/2021,107.94,,7,2021,3,28,2,1,186,0
7/6/2021,107.95,0.07,7,2021,3,28,2,2,187,0
7/7/2021,107.95,0.08,7,2021,3,28,2,3,188,0
7/8/2021,107.95,0.07,7,2021,3,28,2,4,189,0
7/9/2021,107.95,0.08,7,2021,3,28,2,5,190,0
7/12/2021,107.95,0.08,7,2021,3,29,3,1,193,0
7/13/2021,107.95,0.08,7,2021,3,29,3,2,194,0
7/14/2021,107.98,0.08,7,2021,3,29,3,3,195,0
7/15/2021,108.03,0.07,7,2021,3,29,3,4,196,0
7/16/2021,108.19,0.08,7,2021,3,29,3,5,197,0
7/19/2021,108.2,0.07,7,2021,3,30,4,1,200,0
7/21/2021,108.2,0.07,7,2021,3,30,4,3,202,0
7/22/2021,108.2,0.07,7,2021,3,30,4,4,203,0
7/23/2021,108.2,0.07,7,2021,3,30,4,5,204,0
7/26/2021,108.29,0.08,7,2021,3,31,5,1,207,0
7/27/2021,108.49,0.07,7,2021,3,31,5,2,208,0
7/28/2021,108.52,0.07,7,2021,3,31,5,3,209,0
7/29/2021,108.59,0.08,7,2021,3,31,5,4,210,0
7/30/2021,108.61,0.07,7,2021,3,31,5,5,211,0
8/2/2021,108.63,0.07,8,2021,3,32,1,1,214,0
8/3/2021,108.63,0.07,8,2021,3,32,1,2,215,0
8/4/2021,108.65,0.07,8,2021,3,32,1,3,216,0
8/5/2021,108.67,0.08,8,2021,3,32,1,4,217,0
8/6/2021,108.72,0.09,8,2021,3,32,1,5,218,0
8/9/2021,108.77,0.08,8,2021,3,33,2,1,221,0
8/10/2021,108.84,0.08,8,2021,3,33,2,2,222,0
8/11/2021,109.02,0.08,8,2021,3,33,2,3,223,0
8/12/2021,109.14,0.09,8,2021,3,33,2,4,224,0
8/13/2021,109.2,0.08,8,2021,3,33,2,5,225,0
8/16/2021,109.26,0.08,8,2021,3,34,3,1,228,0
8/17/2021,109.36,0.07,8,2021,3,34,3,2,229,0
8/18/2021,109.42,0.07,8,2021,3,34,3,3,230,0
8/19/2021,109.49,0.06,8,2021,3,34,3,4,231,0
8/20/2021,109.53,0.06,8,2021,3,34,3,5,232,0
8/23/2021,109.55,0.07,8,2021,3,35,4,1,235,0
8/24/2021,109.6,0.06,8,2021,3,35,4,2,236,0
8/25/2021,109.63,0.07,8,2021,3,35,4,3,237,0
8/26/2021,109.71,0.07,8,2021,3,35,4,4,238,0
8/27/2021,109.78,0.07,8,2021,3,35,4,5,239,0
8/30/2021,109.82,0.08,8,2021,3,36,5,1,242,0
8/31/2021,109.87,0.07,8,2021,3,36,5,2,243,0
9/1/2021,109.89,0.07,9,2021,3,36,1,3,244,0
9/2/2021,109.93,0.07,9,2021,3,36,1,4,245,0
9/3/2021,109.99,0.08,9,2021,3,36,1,5,246,0
9/6/2021,110.03,,9,2021,3,37,2,1,249,0
9/7/2021,110.05,0.08,9,2021,3,37,2,2,250,0
9/8/2021,110.08,0.08,9,2021,3,37,2,3,251,0
9/9/2021,110.1,0.07,9,2021,3,37,2,4,252,0
9/10/2021,109.87,0.08,9,2021,3,37,2,5,253,0
9/13/2021,109.87,0.07,9,2021,3,38,3,1,256,0
9/14/2021,109.85,0.07,9,2021,3,38,3,2,257,0
9/15/2021,109.94,0.07,9,2021,3,38,3,3,258,0
9/16/2021,110.03,0.07,9,2021,3,38,3,4,259,0
9/17/2021,110.09,0.07,9,2021,3,38,3,5,260,0
9/20/2021,110.17,0.07,9,2021,3,39,4,1,263,0
9/21/2021,110.2,0.07,9,2021,3,39,4,2,264,0
9/22/2021,110.28,0.08,9,2021,3,39,4,3,265,0
9/23/2021,110.39,0.08,9,2021,3,39,4,4,266,0
9/24/2021,110.38,0.08,9,2021,3,39,4,5,267,0
9/27/2021,110.38,0.09,9,2021,3,40,5,1,270,0
9/28/2021,110.4,0.09,9,2021,3,40,5,2,271,0
9/29/2021,110.45,0.09,9,2021,3,40,5,3,272,0
9/30/2021,110.49,0.09,9,2021,3,40,5,4,273,0
10/1/2021,110.49,0.09,10,2021,4,40,1,5,274,0
10/4/2021,110.51,0.09,10,2021,4,41,2,1,277,0
10/5/2021,110.55,0.09,10,2021,4,41,2,2,278,0
10/6/2021,110.62,0.1,10,2021,4,41,2,3,279,0
10/7/2021,110.69,0.1,10,2021,4,41,2,4,280,0
10/8/2021,110.72,0.09,10,2021,4,41,2,5,281,0
10/12/2021,110.74,0.1,10,2021,4,42,3,2,285,0
10/13/2021,110.77,0.11,10,2021,4,42,3,3,286,0
10/14/2021,110.81,0.1,10,2021,4,42,3,4,287,0
10/15/2021,110.87,0.12,10,2021,4,42,3,5,288,0
10/18/2021,110.89,0.11,10,2021,4,43,4,1,291,0
10/19/2021,110.91,0.11,10,2021,4,43,4,2,292,0
10/21/2021,111.02,0.12,10,2021,4,43,4,4,294,0
10/22/2021,111.06,0.13,10,2021,4,43,4,5,295,0
10/25/2021,111.09,0.14,10,2021,4,44,5,1,298,0
10/26/2021,111.13,0.14,10,2021,4,44,5,2,299,0
10/27/2021,111.15,0.12,10,2021,4,44,5,3,300,0
10/28/2021,111.15,0.15,10,2021,4,44,5,4,301,0
10/29/2021,111.21,0.15,10,2021,4,44,5,5,302,0
11/1/2021,111.24,0.15,11,2021,4,45,1,1,305,0
11/2/2021,111.29,0.15,11,2021,4,45,1,2,306,0
11/3/2021,111.36,0.17,11,2021,4,45,1,3,307,0
11/4/2021,111.44,0.14,11,2021,4,45,1,4,308,0
11/5/2021,111.55,0.14,11,2021,4,45,1,5,309,0
11/8/2021,111.59,0.16,11,2021,4,46,2,1,312,0
11/9/2021,111.65,0.14,11,2021,4,46,2,2,313,0
11/10/2021,111.7,0.17,11,2021,4,46,2,3,314,0
11/11/2021,111.77,,11,2021,4,46,2,4,315,0
11/12/2021,111.81,0.17,11,2021,4,46,2,5,316,0
11/15/2021,111.91,0.18,11,2021,4,47,3,1,319,0
11/16/2021,111.97,0.17,11,2021,4,47,3,2,320,0
11/17/2021,112.01,0.18,11,2021,4,47,3,3,321,0
11/18/2021,112.11,0.18,11,2021,4,47,3,4,322,0
11/19/2021,112.18,0.18,11,2021,4,47,3,5,323,0
11/22/2021,112.25,0.2,11,2021,4,48,4,1,326,0
11/23/2021,112.29,0.21,11,2021,4,48,4,2,327,0
11/24/2021,112.35,0.24,11,2021,4,48,4,3,328,0
11/25/2021,112.36,,11,2021,4,48,4,4,329,0
11/26/2021,112.39,0.2,11,2021,4,48,4,5,330,0
11/29/2021,112.44,0.21,11,2021,4,49,5,1,333,0
11/30/2021,112.49,0.24,11,2021,4,49,5,2,334,0
12/1/2021,112.52,0.25,12,2021,4,49,1,3,335,0
12/2/2021,112.56,0.27,12,2021,4,49,1,4,336,0
12/3/2021,112.63,0.26,12,2021,4,49,1,5,337,0
12/6/2021,112.67,0.28,12,2021,4,50,2,1,340,0
12/7/2021,112.71,0.31,12,2021,4,50,2,2,341,0
12/8/2021,112.81,0.29,12,2021,4,50,2,3,342,0
12/9/2021,112.86,0.28,12,2021,4,50,2,4,343,0
12/10/2021,112.89,0.27,12,2021,4,50,2,5,344,0
12/14/2021,112.91,0.26,12,2021,4,51,3,2,348,0
12/15/2021,112.92,0.29,12,2021,4,51,3,3,349,0
12/16/2021,112.96,0.26,12,2021,4,51,3,4,350,0
12/17/2021,113.01,0.27,12,2021,4,51,3,5,351,0
12/20/2021,113.03,0.27,12,2021,4,52,4,1,354,0
12/21/2021,113.04,0.29,12,2021,4,52,4,2,355,0
12/22/2021,113.05,0.28,12,2021,4,52,4,3,356,0
12/23/2021,113.06,0.31,12,2021,4,52,4,4,357,0
12/24/2021,113.08,,12,2021,4,52,4,5,358,0
12/28/2021,113.1,0.39,12,2021,4,53,5,2,362,0
12/29/2021,113.11,0.38,12,2021,4,53,5,3,363,0
12/30/2021,113.13,0.38,12,2021,4,53,5,4,364,0
12/31/2021,113.14,0.39,12,2021,4,53,5,5,365,0
1/3/2022,113.14,0.4,1,2022,1,2,2,1,3,1
1/4/2022,113.16,0.38,1,2022,1,2,2,2,4,1
1/5/2022,113.17,0.41,1,2022,1,2,2,3,5,1
1/6/2022,113.19,0.45,1,2022,1,2,2,4,6,1
1/7/2022,113.22,0.43,1,2022,1,2,2,5,7,1
1/10/2022,113.24,0.46,1,2022,1,3,3,1,10,1
1/11/2022,113.28,0.46,1,2022,1,3,3,2,11,1
1/12/2022,113.31,0.48,1,2022,1,3,3,3,12,1
1/13/2022,113.33,0.47,1,2022,1,3,3,4,13,1
1/14/2022,113.37,0.51,1,2022,1,3,3,5,14,1
1/17/2022,113.39,,1,2022,1,4,4,1,17,1
1/18/2022,113.41,0.58,1,2022,1,4,4,2,18,1
1/19/2022,113.47,0.57,1,2022,1,4,4,3,19,1
1/20/2022,113.5,0.6,1,2022,1,4,4,4,20,1
1/21/2022,113.52,0.58,1,2022,1,4,4,5,21,1
1/24/2022,113.53,0.58,1,2022,1,5,5,1,24,1
1/25/2022,113.54,0.65,1,2022,1,5,5,2,25,1
1/26/2022,113.55,0.7,1,2022,1,5,5,3,26,1
1/27/2022,113.55,0.75,1,2022,1,5,5,4,27,1
1/28/2022,113.57,0.75,1,2022,1,5,5,5,28,1
1/31/2022,113.57,0.78,1,2022,1,6,6,1,31,1
2/1/2022,113.58,0.78,2,2022,1,6,1,2,32,1
2/2/2022,113.58,0.76,2,2022,1,6,1,3,33,1
2/3/2022,113.59,0.78,2,2022,1,6,1,4,34,1
2/4/2022,113.6,0.89,2,2022,1,6,1,5,35,1
2/7/2022,113.61,0.88,2,2022,1,7,2,1,38,1
2/8/2022,113.62,0.91,2,2022,1,7,2,2,39,1
2/9/2022,113.63,0.91,2,2022,1,7,2,3,40,1
2/10/2022,113.63,1.14,2,2022,1,7,2,4,41,1
2/11/2022,113.63,1.07,2,2022,1,7,2,5,42,1
2/14/2022,113.63,1.13,2,2022,1,8,3,1,45,1
2/15/2022,113.63,1.11,2,2022,1,8,3,2,46,1
2/16/2022,113.64,1.09,2,2022,1,8,3,3,47,1
2/17/2022,113.64,1.05,2,2022,1,8,3,4,48,1
2/18/2022,113.67,1.03,2,2022,1,8,3,5,49,1
2/21/2022,113.69,,2,2022,1,9,4,1,52,1
2/22/2022,113.69,1.17,2,2022,1,9,4,2,53,1
2/23/2022,113.74,1.16,2,2022,1,9,4,3,54,1
2/24/2022,113.8,1.08,2,2022,1,9,4,4,55,1
2/25/2022,113.82,1.13,2,2022,1,9,4,5,56,1
2/28/2022,113.84,1.01,2,2022,1,10,5,1,59,1
3/1/2022,113.84,0.91,3,2022,1,10,1,2,60,1
3/2/2022,113.85,1.06,3,2022,1,10,1,3,61,1
3/3/2022,113.89,1.08,3,2022,1,10,1,4,62,1
3/4/2022,113.91,1.05,3,2022,1,10,1,5,63,1
3/7/2022,113.95,1.07,3,2022,1,11,2,1,66,1
3/8/2022,114.01,1.12,3,2022,1,11,2,2,67,1
3/9/2022,114.08,1.15,3,2022,1,11,2,3,68,1
3/10/2022,114.14,1.19,3,2022,1,11,2,4,69,1
3/11/2022,114.18,1.22,3,2022,1,11,2,5,70,1
3/14/2022,114.19,1.28,3,2022,1,12,3,1,73,1
3/15/2022,114.23,1.28,3,2022,1,12,3,2,74,1
3/16/2022,114.29,1.35,3,2022,1,12,3,3,75,1
3/17/2022,114.31,1.3,3,2022,1,12,3,4,76,1
3/18/2022,114.38,1.29,3,2022,1,12,3,5,77,1
3/21/2022,114.4,1.4,3,2022,1,13,4,1,80,1
3/22/2022,114.44,1.59,3,2022,1,13,4,2,81,1
3/23/2022,114.5,1.52,3,2022,1,13,4,3,82,1
3/24/2022,114.6,1.55,3,2022,1,13,4,4,83,1
3/25/2022,114.69,1.67,3,2022,1,13,4,5,84,1
3/28/2022,114.75,1.69,3,2022,1,14,5,1,87,1
3/29/2022,114.82,1.67,3,2022,1,14,5,2,88,1
3/30/2022,114.87,1.64,3,2022,1,14,5,3,89,1
3/31/2022,114.95,1.63,3,2022,1,14,5,4,90,1
4/1/2022,114.95,1.72,4,2022,2,14,1,5,91,1
4/1/2022,115,1.72,4,2022,2,14,1,5,91,1
4/4/2022,115.04,1.72,4,2022,2,15,2,1,94,1
4/5/2022,115.1,1.77,4,2022,2,15,2,2,95,1
4/6/2022,115.12,1.79,4,2022,2,15,2,3,96,1
4/7/2022,115.19,1.78,4,2022,2,15,2,4,97,1
4/8/2022,115.29,1.81,4,2022,2,15,2,5,98,1
4/11/2022,115.33,1.85,4,2022,2,16,3,1,101,1
4/12/2022,115.38,1.77,4,2022,2,16,3,2,102,1
4/13/2022,115.41,1.78,4,2022,2,16,3,3,103,1
4/14/2022,115.44,1.84,4,2022,2,16,3,4,104,1
4/19/2022,115.48,1.94,4,2022,2,17,4,2,109,1
4/20/2022,115.51,1.93,4,2022,2,17,4,3,110,1
4/21/2022,115.54,2.01,4,2022,2,17,4,4,111,1
4/22/2022,115.6,2.06,4,2022,2,17,4,5,112,1
4/25/2022,115.65,2.03,4,2022,2,18,5,1,115,1
4/26/2022,115.7,1.99,4,2022,2,18,5,2,116,1
4/27/2022,115.74,1.97,4,2022,2,18,5,3,117,1
4/28/2022,115.77,2.04,4,2022,2,18,5,4,118,1
5/4/2022,115.81,2.07,5,2022,2,19,1,3,124,1
5/5/2022,115.84,2.08,5,2022,2,19,1,4,125,1
5/6/2022,115.9,2.08,5,2022,2,19,1,5,126,1
5/9/2022,115.95,1.99,5,2022,2,20,2,1,129,1
5/10/2022,116,2.01,5,2022,2,20,2,2,130,1
5/11/2022,116.07,1.99,5,2022,2,20,2,3,131,1
5/12/2022,116.1,1.96,5,2022,2,20,2,4,132,1
5/13/2022,116.12,2.04,5,2022,2,20,2,5,133,1
5/16/2022,116.17,2.07,5,2022,2,21,3,1,136,1
5/17/2022,116.24,2.16,5,2022,2,21,3,2,137,1
5/18/2022,116.32,2.16,5,2022,2,21,3,3,138,1
5/19/2022,116.37,2.11,5,2022,2,21,3,4,139,1
5/20/2022,116.41,2.07,5,2022,2,21,3,5,140,1
5/23/2022,116.47,2.09,5,2022,2,22,4,1,143,1
5/24/2022,116.52,2.02,5,2022,2,22,4,2,144,1
5/25/2022,116.58,2.01,5,2022,2,22,4,3,145,1
5/26/2022,116.62,1.99,5,2022,2,22,4,4,146,1
5/27/2022,116.69,2.01,5,2022,2,22,4,5,147,1
5/30/2022,116.71,,5,2022,2,23,5,1,150,1
5/31/2022,116.74,2.08,5,2022,2,23,5,2,151,1
6/2/2022,116.81,2.15,6,2022,2,23,1,4,153,1
6/3/2022,116.83,2.18,6,2022,2,23,1,5,154,1
6/6/2022,116.85,2.23,6,2022,2,24,2,1,157,1
6/7/2022,116.9,2.26,6,2022,2,24,2,2,158,1
6/8/2022,116.95,2.29,6,2022,2,24,2,3,159,1
6/9/2022,117.01,2.35,6,2022,2,24,2,4,160,1
6/10/2022,117.05,2.58,6,2022,2,24,2,5,161,1
6/13/2022,117.1,2.89,6,2022,2,25,3,1,164,1
6/14/2022,117.17,3.15,6,2022,2,25,3,2,165,1
6/15/2022,117.24,2.93,6,2022,2,25,3,3,166,1
6/16/2022,117.29,2.88,6,2022,2,25,3,4,167,1
6/17/2022,117.33,2.86,6,2022,2,25,3,5,168,1
6/20/2022,117.4,,6,2022,2,26,4,1,171,1
6/21/2022,117.44,2.92,6,2022,2,26,4,2,172,1
6/22/2022,117.51,2.79,6,2022,2,26,4,3,173,1
6/23/2022,117.57,2.78,6,2022,2,26,4,4,174,1
6/24/2022,117.66,2.83,6,2022,2,26,4,5,175,1
6/27/2022,117.69,2.89,6,2022,2,27,5,1,178,1
6/28/2022,117.7,2.88,6,2022,2,27,5,2,179,1
6/29/2022,117.79,2.88,6,2022,2,27,5,3,180,1
6/30/2022,117.83,2.8,6,2022,2,27,5,4,181,1
7/1/2022,117.87,2.79,7,2022,3,27,1,5,182,1
7/4/2022,117.9,,7,2022,3,28,2,1,185,1
7/5/2022,117.95,2.77,7,2022,3,28,2,2,186,1
7/6/2022,117.99,2.82,7,2022,3,28,2,3,187,1
7/7/2022,118.03,2.87,7,2022,3,28,2,4,188,1
7/8/2022,118.07,2.96,7,2022,3,28,2,5,189,1
7/12/2022,118.13,3.07,7,2022,3,29,3,2,193,1
7/13/2022,118.18,3.21,7,2022,3,29,3,3,194,1
7/14/2022,118.23,3.16,7,2022,3,29,3,4,195,1
7/15/2022,118.27,3.12,7,2022,3,29,3,5,196,1
7/18/2022,118.33,3.13,7,2022,3,30,4,1,199,1
7/19/2022,118.39,3.18,7,2022,3,30,4,2,200,1
7/20/2022,118.45,3.18,7,2022,3,30,4,3,201,1
7/21/2022,118.52,3.11,7,2022,3,30,4,4,202,1
7/22/2022,118.57,3.01,7,2022,3,30,4,5,203,1
7/25/2022,118.62,3.07,7,2022,3,31,5,1,206,1
7/26/2022,118.66,3.06,7,2022,3,31,5,2,207,1
7/27/2022,118.72,3,7,2022,3,31,5,3,208,1
7/28/2022,118.76,2.93,7,2022,3,31,5,4,209,1
7/29/2022,118.8,2.98,7,2022,3,31,5,5,210,1
8/1/2022,118.85,2.98,8,2022,3,32,1,1,213,1
8/2/2022,118.91,3.09,8,2022,3,32,1,2,214,1
8/3/2022,118.99,3.14,8,2022,3,32,1,3,215,1
8/4/2022,119.03,3.11,8,2022,3,32,1,4,216,1
8/5/2022,119.09,3.29,8,2022,3,32,1,5,217,1
8/8/2022,119.13,3.3,8,2022,3,33,2,1,220,1
8/10/2022,119.17,3.26,8,2022,3,33,2,3,222,1
8/11/2022,119.24,3.25,8,2022,3,33,2,4,223,1
8/12/2022,119.31,3.26,8,2022,3,33,2,5,224,1
8/15/2022,119.36,3.23,8,2022,3,34,3,1,227,1
8/16/2022,119.41,3.26,8,2022,3,34,3,2,228,1
8/17/2022,119.45,3.27,8,2022,3,34,3,3,229,1
8/18/2022,119.47,3.24,8,2022,3,34,3,4,230,1
8/19/2022,119.57,3.26,8,2022,3,34,3,5,231,1
8/22/2022,119.63,3.32,8,2022,3,35,4,1,234,1
8/23/2022,119.72,3.29,8,2022,3,35,4,2,235,1
8/24/2022,119.8,3.35,8,2022,3,35,4,3,236,1
8/25/2022,119.86,3.33,8,2022,3,35,4,4,237,1
8/26/2022,119.91,3.36,8,2022,3,35,4,5,238,1
8/29/2022,119.93,3.43,8,2022,3,36,5,1,241,1
8/30/2022,119.98,3.48,8,2022,3,36,5,2,242,1
8/31/2022,120.01,3.5,8,2022,3,36,5,3,243,1
9/1/2022,120.05,3.51,9,2022,3,36,1,4,244,1
9/2/2022,120.12,3.47,9,2022,3,36,1,5,245,1
9/5/2022,120.18,,9,2022,3,37,2,1,248,1
9/6/2022,120.22,3.61,9,2022,3,37,2,2,249,1
9/7/2022,120.26,3.6,9,2022,3,37,2,3,250,1
9/8/2022,120.28,3.6,9,2022,3,37,2,4,251,1
9/9/2022,120.31,3.67,9,2022,3,37,2,5,252,1
9/12/2022,120.34,3.7,9,2022,3,38,3,1,255,1
9/14/2022,120.37,3.95,9,2022,3,38,3,3,257,1
9/15/2022,120.41,4,9,2022,3,38,3,4,258,1
9/16/2022,120.41,3.96,9,2022,3,38,3,5,259,1
9/19/2022,120.43,4.05,9,2022,3,39,4,1,262,1
9/20/2022,120.46,4.03,9,2022,3,39,4,2,263,1
9/21/2022,120.5,4.08,9,2022,3,39,4,3,264,1
9/22/2022,120.54,4.08,9,2022,3,39,4,4,265,1
9/23/2022,120.56,4.15,9,2022,3,39,4,5,266,1
9/26/2022,120.6,4.17,9,2022,3,40,5,1,269,1
9/27/2022,120.62,4.16,9,2022,3,40,5,2,270,1
9/28/2022,120.67,3.99,9,2022,3,40,5,3,271,1
9/29/2022,120.7,3.98,9,2022,3,40,5,4,272,1
9/30/2022,120.73,4.05,9,2022,3,40,5,5,273,1
10/3/2022,120.78,4.01,10,2022,4,41,2,1,276,1
10/4/2022,120.79,4.15,10,2022,4,41,2,2,277,1
10/5/2022,120.81,4.14,10,2022,4,41,2,3,278,1
10/6/2022,120.82,4.19,10,2022,4,41,2,4,279,1
10/7/2022,120.85,4.24,10,2022,4,41,2,5,280,1
10/11/2022,120.86,4.28,10,2022,4,42,3,2,284,1
10/12/2022,120.91,4.28,10,2022,4,42,3,3,285,1
10/13/2022,120.94,4.46,10,2022,4,42,3,4,286,1
10/14/2022,120.97,4.5,10,2022,4,42,3,5,287,1
10/17/2022,121.03,4.5,10,2022,4,43,4,1,290,1
10/18/2022,121.07,4.5,10,2022,4,43,4,2,291,1
10/19/2022,121.11,4.6,10,2022,4,43,4,3,292,1
10/21/2022,121.14,4.58,10,2022,4,43,4,5,294,1
10/24/2022,121.17,4.61,10,2022,4,44,5,1,297,1
10/25/2022,121.19,4.6,10,2022,4,44,5,2,298,1
10/26/2022,121.23,4.54,10,2022,4,44,5,3,299,1
10/27/2022,121.27,4.5,10,2022,4,44,5,4,300,1
10/28/2022,121.31,4.55,10,2022,4,44,5,5,301,1
10/31/2022,121.33,4.66,10,2022,4,45,6,1,304,1
11/1/2022,121.38,4.75,11,2022,4,45,1,2,305,1
11/2/2022,121.41,4.76,11,2022,4,45,1,3,306,1
11/3/2022,121.45,4.78,11,2022,4,45,1,4,307,1
11/4/2022,121.5,4.76,11,2022,4,45,1,5,308,1
11/7/2022,121.54,4.8,11,2022,4,46,2,1,311,1
11/8/2022,121.61,4.77,11,2022,4,46,2,2,312,1
11/9/2022,121.67,4.75,11,2022,4,46,2,3,313,1
11/10/2022,121.74,4.59,11,2022,4,46,2,4,314,1
11/11/2022,121.78,,11,2022,4,46,2,5,315,1
11/14/2022,121.83,4.63,11,2022,4,47,3,1,318,1
11/15/2022,121.9,4.6,11,2022,4,47,3,2,319,1
11/16/2022,121.93,4.62,11,2022,4,47,3,3,320,1
11/17/2022,121.98,4.68,11,2022,4,47,3,4,321,1
11/18/2022,122.03,4.74,11,2022,4,47,3,5,322,1
11/21/2022,122.08,4.75,11,2022,4,48,4,1,325,1
11/22/2022,122.13,4.79,11,2022,4,48,4,2,326,1
11/23/2022,122.18,4.75,11,2022,4,48,4,3,327,1
11/24/2022,122.23,,11,2022,4,48,4,4,328,1
11/25/2022,122.28,4.76,11,2022,4,48,4,5,329,1
11/28/2022,122.34,4.76,11,2022,4,49,5,1,332,1
11/29/2022,122.38,4.78,11,2022,4,49,5,2,333,1
11/30/2022,122.45,4.74,11,2022,4,49,5,3,334,1
12/1/2022,122.5,4.66,12,2022,4,49,1,4,335,1
12/2/2022,122.53,4.69,12,2022,4,49,1,5,336,1
12/5/2022,122.59,4.77,12,2022,4,50,2,1,339,1
12/6/2022,122.63,4.73,12,2022,4,50,2,2,340,1
12/7/2022,122.69,4.67,12,2022,4,50,2,3,341,1
12/8/2022,122.74,4.71,12,2022,4,50,2,4,342,1
12/9/2022,122.79,4.72,12,2022,4,50,2,5,343,1
12/13/2022,122.84,4.64,12,2022,4,51,3,2,347,1
12/14/2022,122.9,4.64,12,2022,4,51,3,3,348,1
12/15/2022,122.94,4.65,12,2022,4,51,3,4,349,1
12/16/2022,122.99,4.61,12,2022,4,51,3,5,350,1
12/19/2022,123.05,4.64,12,2022,4,52,4,1,353,1
12/20/2022,123.09,4.64,12,2022,4,52,4,2,354,1
12/21/2022,123.14,4.6,12,2022,4,52,4,3,355,1
12/22/2022,123.16,4.64,12,2022,4,52,4,4,356,1
12/23/2022,123.21,4.66,12,2022,4,52,4,5,357,1
12/28/2022,123.26,4.71,12,2022,4,53,5,3,362,1
12/29/2022,123.33,4.71,12,2022,4,53,5,4,363,1
12/30/2022,123.37,4.73,12,2022,4,53,5,5,364,1
1/3/2023,123.42,4.72,1,2023,1,1,1,2,3,0
1/4/2023,123.44,4.71,1,2023,1,1,1,3,4,0
1/5/2023,123.48,4.78,1,2023,1,1,1,4,5,0
1/6/2023,123.55,4.71,1,2023,1,1,1,5,6,0
1/9/2023,123.59,4.69,1,2023,1,2,2,1,9,0
1/10/2023,123.65,4.74,1,2023,1,2,2,2,10,0
1/11/2023,123.72,4.73,1,2023,1,2,2,3,11,0
1/12/2023,123.78,4.66,1,2023,1,2,2,4,12,0
1/13/2023,123.84,4.69,1,2023,1,2,2,5,13,0
1/16/2023,123.89,,1,2023,1,3,3,1,16,0
1/17/2023,123.94,4.67,1,2023,1,3,3,2,17,0
1/18/2023,124.01,4.63,1,2023,1,3,3,3,18,0
1/19/2023,124.05,4.65,1,2023,1,3,3,4,19,0
1/20/2023,124.09,4.68,1,2023,1,3,3,5,20,0
1/23/2023,124.13,4.7,1,2023,1,4,4,1,23,0
1/24/2023,124.17,4.7,1,2023,1,4,4,2,24,0
1/25/2023,124.25,4.67,1,2023,1,4,4,3,25,0
1/26/2023,124.3,4.68,1,2023,1,4,4,4,26,0
1/27/2023,124.35,4.68,1,2023,1,4,4,5,27,0
1/30/2023,124.39,4.71,1,2023,1,5,5,1,30,0
1/31/2023,124.4,4.68,1,2023,1,5,5,2,31,0
2/1/2023,124.48,4.66,2,2023,1,5,1,3,32,0
2/2/2023,124.52,4.64,2,2023,1,5,1,4,33,0
2/3/2023,124.59,4.79,2,2023,1,5,1,5,34,0
2/6/2023,124.66,4.85,2,2023,1,6,2,1,37,0
2/7/2023,124.8,4.88,2,2023,1,6,2,2,38,0
2/8/2023,124.88,4.87,2,2023,1,6,2,3,39,0
2/9/2023,124.98,4.88,2,2023,1,6,2,4,40,0
2/10/2023,125.08,4.89,2,2023,1,6,2,5,41,0
2/13/2023,125.19,4.91,2,2023,1,7,3,1,44,0
2/14/2023,125.27,4.99,2,2023,1,7,3,2,45,0
2/15/2023,125.38,4.96,2,2023,1,7,3,3,46,0
2/16/2023,125.52,4.99,2,2023,1,7,3,4,47,0
2/17/2023,125.63,5,2,2023,1,7,3,5,48,0
2/20/2023,125.77,,2,2023,1,8,4,1,51,0
2/21/2023,125.94,5.07,2,2023,1,8,4,2,52,0
2/22/2023,126.08,5.07,2,2023,1,8,4,3,53,0
2/23/2023,126.27,5.03,2,2023,1,8,4,4,54,0
2/24/2023,126.43,5.05,2,2023,1,8,4,5,55,0
2/27/2023,126.61,5.03,2,2023,1,9,5,1,58,0
2/28/2023,126.85,5.02,2,2023,1,9,5,2,59,0
3/1/2023,127.08,5.06,3,2023,1,9,1,3,60,0
3/2/2023,127.29,5.04,3,2023,1,9,1,4,61,0
3/3/2023,127.54,5.03,3,2023,1,9,1,5,62,0
3/6/2023,127.76,5.05,3,2023,1,10,2,1,65,0
3/7/2023,128.11,5.22,3,2023,1,10,2,2,66,0
3/8/2023,128.36,5.25,3,2023,1,10,2,3,67,0
3/9/2023,128.59,5.18,3,2023,1,10,2,4,68,0
3/10/2023,128.89,4.9,3,2023,1,10,2,5,69,0
3/13/2023,129.24,4.3,3,2023,1,11,3,1,72,0
3/14/2023,129.45,4.45,3,2023,1,11,3,2,73,0
3/15/2023,129.59,4.19,3,2023,1,11,3,3,74,0
3/16/2023,129.76,4.49,3,2023,1,11,3,4,75,0
3/17/2023,129.88,4.26,3,2023,1,11,3,5,76,0
3/20/2023,130.01,4.34,3,2023,1,12,4,1,79,0
3/20/2023,130.01,4.34,3,2023,1,12,4,1,79,0
3/21/2023,130.32,4.68,3,2023,1,12,4,2,80,0
3/22/2023,130.62,4.56,3,2023,1,12,4,3,81,0
3/23/2023,130.99,4.38,3,2023,1,12,4,4,82,0
3/24/2023,131.27,4.32,3,2023,1,12,4,5,83,0
3/27/2023,131.4,4.51,3,2023,1,13,5,1,86,0
3/28/2023,131.53,4.55,3,2023,1,13,5,2,87,0
3/29/2023,131.78,4.59,3,2023,1,13,5,3,88,0
3/30/2023,132.13,4.63,3,2023,1,13,5,4,89,0
3/31/2023,132.33,4.64,3,2023,1,13,5,5,90,0
4/3/2023,132.52,4.6,4,2023,2,14,2,1,93,0
4/4/2023,132.67,4.5,4,2023,2,14,2,2,94,0
4/5/2023,132.94,4.43,4,2023,2,14,2,3,95,0
4/6/2023,133.3,4.51,4,2023,2,14,2,4,96,0
4/11/2023,133.59,4.67,4,2023,2,15,3,2,101,0
4/12/2023,133.72,4.64,4,2023,2,15,3,3,102,0
4/13/2023,133.95,4.66,4,2023,2,15,3,4,103,0
4/14/2023,134.35,4.77,4,2023,2,15,3,5,104,0
4/17/2023,134.57,4.8,4,2023,2,16,4,1,107,0
4/18/2023,134.74,4.81,4,2023,2,16,4,2,108,0
4/19/2023,134.97,4.84,4,2023,2,16,4,3,109,0
4/20/2023,135.19,4.77,4,2023,2,16,4,4,110,0
4/24/2023,135.31,4.76,4,2023,2,17,5,1,114,0
4/25/2023,135.48,4.6,4,2023,2,17,5,2,115,0
4/26/2023,135.66,4.64,4,2023,2,17,5,3,116,0
4/27/2023,135.83,4.78,4,2023,2,17,5,4,117,0
4/28/2023,135.91,4.8,4,2023,2,17,5,5,118,0
5/2/2023,136.02,4.74,5,2023,2,18,1,2,122,0
5/3/2023,136.15,4.7,5,2023,2,18,1,3,123,0
5/4/2023,136.26,4.59,5,2023,2,18,1,4,124,0
5/5/2023,136.4,4.73,5,2023,2,18,1,5,125,0
5/8/2023,136.47,4.79,5,2023,2,19,2,1,128,0
5/9/2023,136.59,4.81,5,2023,2,19,2,2,129,0
5/10/2023,136.68,4.7,5,2023,2,19,2,3,130,0
5/11/2023,136.79,4.7,5,2023,2,19,2,4,131,0
5/12/2023,136.88,4.75,5,2023,2,19,2,5,132,0
5/15/2023,136.98,4.73,5,2023,2,20,3,1,135,0
5/16/2023,137.1,4.88,5,2023,2,20,3,2,136,0
5/18/2023,137.37,5.02,5,2023,2,20,3,4,138,0
5/17/2023,137.24,4.92,5,2023,2,20,3,3,137,0
5/19/2023,137.49,5.02,5,2023,2,20,3,5,139,0
5/22/2023,137.63,5.07,5,2023,2,21,4,1,142,0
5/23/2023,137.76,5.06,5,2023,2,21,4,2,143,0
5/24/2023,137.96,5.12,5,2023,2,21,4,3,144,0
5/25/2023,138.13,5.24,5,2023,2,21,4,4,145,0
5/26/2023,138.25,5.25,5,2023,2,21,4,5,146,0
5/29/2023,138.33,,5,2023,2,22,5,1,149,0
5/30/2023,138.42,5.22,5,2023,2,22,5,2,150,0
5/31/2023,138.49,5.18,5,2023,2,22,5,3,151,0
6/2/2023,138.61,5.22,6,2023,2,22,1,5,153,0
6/5/2023,138.76,5.17,6,2023,2,23,2,1,156,0
6/6/2023,138.87,5.2,6,2023,2,23,2,2,157,0
6/7/2023,138.97,5.16,6,2023,2,23,2,3,158,0
6/8/2023,139.11,5.12,6,2023,2,23,2,4,159,0
6/9/2023,139.22,5.17,6,2023,2,23,2,5,160,0
6/12/2023,139.35,5.18,6,2023,2,24,3,1,163,0
6/13/2023,139.48,5.26,6,2023,2,24,3,2,164,0
6/14/2023,139.63,5.27,6,2023,2,24,3,3,165,0
6/15/2023,139.71,5.21,6,2023,2,24,3,4,166,0
6/16/2023,139.87,5.24,6,2023,2,24,3,5,167,0
6/19/2023,140.04,,6,2023,2,25,4,1,170,0
6/20/2023,140.12,5.24,6,2023,2,25,4,2,171,0
6/21/2023,140.2,5.25,6,2023,2,25,4,3,172,0
6/22/2023,140.31,5.29,6,2023,2,25,4,4,173,0
6/23/2023,140.4,5.25,6,2023,2,25,4,5,174,0
6/26/2023,140.44,5.27,6,2023,2,26,5,1,177,0
6/27/2023,140.44,5.33,6,2023,2,26,5,2,178,0
6/29/2023,140.45,5.41,6,2023,2,26,5,4,180,0
6/30/2023,140.52,5.4,6,2023,2,26,5,5,181,0
7/3/2023,140.57,5.43,7,2023,3,27,2,1,184,0
7/4/2023,140.67,,7,2023,3,27,2,2,185,0
7/5/2023,140.72,5.4,7,2023,3,27,2,3,186,0
7/6/2023,140.78,5.44,7,2023,3,27,2,4,187,0
7/7/2023,140.92,5.41,7,2023,3,27,2,5,188,0
7/10/2023,140.99,5.38,7,2023,3,28,3,1,191,0
7/11/2023,141.06,5.44,7,2023,3,28,3,2,192,0
7/12/2023,141.21,5.35,7,2023,3,28,3,3,193,0
7/13/2023,141.29,5.27,7,2023,3,28,3,4,194,0
7/14/2023,141.38,5.34,7,2023,3,28,3,5,195,0
7/17/2023,141.44,5.33,7,2023,3,29,4,1,198,0
7/18/2023,141.5,5.32,7,2023,3,29,4,2,199,0
7/19/2023,141.59,5.32,7,2023,3,29,4,3,200,0
7/20/2023,141.7,5.35,7,2023,3,29,4,4,201,0
7/21/2023,141.77,5.35,7,2023,3,29,4,5,202,0
7/24/2023,141.84,5.38,7,2023,3,30,5,1,205,0
7/25/2023,142,5.38,7,2023,3,30,5,2,206,0
7/26/2023,142.12,5.37,7,2023,3,30,5,3,207,0
7/27/2023,142.2,5.4,7,2023,3,30,5,4,208,0
7/28/2023,142.3,5.37,7,2023,3,30,5,5,209,0
7/31/2023,142.36,5.37,7,2023,3,31,6,1,212,0
8/1/2023,142.53,5.38,8,2023,3,31,1,2,213,0
8/2/2023,142.64,5.36,8,2023,3,31,1,3,214,0
8/3/2023,142.78,5.37,8,2023,3,31,1,4,215,0
8/4/2023,142.89,5.33,8,2023,3,31,1,5,216,0
8/7/2023,142.99,5.3,8,2023,3,32,2,1,219,0
8/8/2023,143.12,5.35,8,2023,3,32,2,2,220,0
8/9/2023,143.27,5.35,8,2023,3,32,2,3,221,0
8/10/2023,143.44,5.33,8,2023,3,32,2,4,222,0
8/11/2023,143.58,5.36,8,2023,3,32,2,5,223,0
8/14/2023,143.61,5.37,8,2023,3,33,3,1,226,0
8/15/2023,143.76,5.36,8,2023,3,33,3,2,227,0
8/16/2023,143.91,5.37,8,2023,3,33,3,3,228,0
8/17/2023,144.04,5.36,8,2023,3,33,3,4,229,0
8/18/2023,144.18,5.35,8,2023,3,33,3,5,230,0
8/21/2023,144.32,5.37,8,2023,3,34,4,1,233,0
8/22/2023,144.41,5.39,8,2023,3,34,4,2,234,0
8/23/2023,144.56,5.35,8,2023,3,34,4,3,235,0
8/24/2023,144.72,5.39,8,2023,3,34,4,4,236,0
8/25/2023,144.87,5.44,8,2023,3,34,4,5,237,0
8/28/2023,144.99,5.44,8,2023,3,35,5,1,240,0
8/29/2023,145.15,5.37,8,2023,3,35,5,2,241,0
8/30/2023,145.26,5.39,8,2023,3,35,5,3,242,0
8/31/2023,145.41,5.37,8,2023,3,35,5,4,243,0
9/1/2023,145.51,5.36,9,2023,3,35,1,5,244,0
9/4/2023,145.63,,9,2023,3,36,2,1,247,0
9/5/2023,145.76,5.42,9,2023,3,36,2,2,248,0
9/6/2023,145.91,5.44,9,2023,3,36,2,3,249,0
9/7/2023,146.04,5.4,9,2023,3,36,2,4,250,0
9/8/2023,146.14,5.42,9,2023,3,36,2,5,251,0
9/11/2023,146.22,5.4,9,2023,3,37,3,1,254,0
9/12/2023,146.36,5.42,9,2023,3,37,3,2,255,0
9/13/2023,146.49,5.42,9,2023,3,37,3,3,256,0
9/14/2023,146.66,5.42,9,2023,3,37,3,4,257,0
9/15/2023,146.79,5.43,9,2023,3,37,3,5,258,0
9/18/2023,146.91,5.44,9,2023,3,38,4,1,261,0
9/19/2023,147.01,5.45,9,2023,3,38,4,2,262,0
9/20/2023,147.14,5.47,9,2023,3,38,4,3,263,0
9/21/2023,147.26,5.46,9,2023,3,38,4,4,264,0
9/22/2023,147.36,5.46,9,2023,3,38,4,5,265,0
9/25/2023,147.47,5.45,9,2023,3,39,5,1,268,0
9/26/2023,147.64,5.45,9,2023,3,39,5,2,269,0
9/27/2023,147.81,5.49,9,2023,3,39,5,3,270,0
9/28/2023,147.94,5.46,9,2023,3,39,5,4,271,0
9/29/2023,148.1,5.46,9,2023,3,39,5,5,272,0
10/2/2023,148.2,5.49,10,2023,4,40,1,1,275,0
10/3/2023,148.32,5.49,10,2023,4,40,1,2,276,0
10/4/2023,148.45,5.42,10,2023,4,40,1,3,277,0
10/5/2023,148.56,5.39,10,2023,4,40,1,4,278,0
10/6/2023,148.69,5.43,10,2023,4,40,1,5,279,0
10/9/2023,148.79,,10,2023,4,41,2,1,282,0
10/11/2023,148.88,5.38,10,2023,4,41,2,3,284,0
10/12/2023,149.01,5.43,10,2023,4,41,2,4,285,0
10/13/2023,149.13,5.41,10,2023,4,41,2,5,286,0
10/16/2023,149.27,5.42,10,2023,4,42,3,1,289,0
10/17/2023,149.44,5.48,10,2023,4,42,3,2,290,0
10/18/2023,149.58,5.47,10,2023,4,42,3,3,291,0
10/19/2023,149.79,5.44,10,2023,4,42,3,4,292,0
10/23/2023,149.94,5.42,10,2023,4,43,4,1,296,0
10/24/2023,150.07,5.41,10,2023,4,43,4,2,297,0
10/25/2023,150.17,5.43,10,2023,4,43,4,3,298,0
10/26/2023,150.27,5.39,10,2023,4,43,4,4,299,0
10/27/2023,150.36,5.39,10,2023,4,43,4,5,300,0
10/30/2023,150.46,5.41,10,2023,4,44,5,1,303,0
10/31/2023,150.56,5.44,10,2023,4,44,5,2,304,0
11/1/2023,150.7,5.37,11,2023,4,44,1,3,305,0
11/2/2023,150.86,5.38,11,2023,4,44,1,4,306,0
11/3/2023,151.06,5.29,11,2023,4,44,1,5,307,0
11/6/2023,151.16,5.33,11,2023,4,45,2,1,310,0
11/7/2023,151.27,5.33,11,2023,4,45,2,2,311,0
11/8/2023,151.38,5.34,11,2023,4,45,2,3,312,0
11/9/2023,151.53,5.39,11,2023,4,45,2,4,313,0
11/10/2023,151.68,5.38,11,2023,4,45,2,5,314,0
11/14/2023,151.84,5.24,11,2023,4,46,3,2,318,0
11/15/2023,151.94,5.27,11,2023,4,46,3,3,319,0
11/16/2023,152.11,5.23,11,2023,4,46,3,4,320,0
11/17/2023,152.23,5.24,11,2023,4,46,3,5,321,0
11/20/2023,152.34,5.25,11,2023,4,47,4,1,324,0
11/21/2023,152.45,5.24,11,2023,4,47,4,2,325,0
11/22/2023,152.55,5.26,11,2023,4,47,4,3,326,0
11/23/2023,152.69,,11,2023,4,47,4,4,327,0
11/24/2023,152.81,5.27,11,2023,4,47,4,5,328,0
11/27/2023,152.9,5.24,11,2023,4,48,5,1,331,0
11/28/2023,152.97,5.21,11,2023,4,48,5,2,332,0
11/29/2023,153.06,5.12,11,2023,4,48,5,3,333,0
11/30/2023,153.15,5.16,11,2023,4,48,5,4,334,0
12/1/2023,153.24,5.05,12,2023,4,48,1,5,335,0
12/4/2023,153.24,5.1,12,2023,4,49,2,1,338,0
12/5/2023,153.28,5.06,12,2023,4,49,2,2,339,0
12/6/2023,153.29,5.07,12,2023,4,49,2,3,340,0
12/7/2023,153.32,5.05,12,2023,4,49,2,4,341,0
12/8/2023,153.34,5.13,12,2023,4,49,2,5,342,0
12/11/2023,153.34,5.14,12,2023,4,50,3,1,345,0
12/13/2023,153.35,4.94,12,2023,4,50,3,3,347,0
12/14/2023,153.37,4.9,12,2023,4,50,3,4,348,0
12/15/2023,153.74,4.95,12,2023,4,50,3,5,349,0
12/18/2023,153.78,4.95,12,2023,4,51,4,1,352,0
12/19/2023,154.16,4.93,12,2023,4,51,4,2,353,0
12/20/2023,154.39,4.88,12,2023,4,51,4,3,354,0
12/21/2023,154.69,4.84,12,2023,4,51,4,4,355,0
12/22/2023,155.09,4.82,12,2023,4,51,4,5,356,0
12/27/2023,155.47,4.79,12,2023,4,52,5,3,361,0
12/28/2023,156.09,4.82,12,2023,4,52,5,4,362,0
12/29/2023,156.46,4.79,12,2023,4,52,5,5,363,0
1/2/2024,156.99,4.8,1,2024,1,1,1,2,2,0
1/2/2024,157.32,4.8,1,2024,1,1,1,2,2,0
1/3/2024,157.32,4.81,1,2024,1,1,1,3,3,0
1/4/2024,156.41,4.85,1,2024,1,1,1,4,4,0
1/5/2024,156.675,4.84,1,2024,1,1,1,5,5,0
1/8/2024,154.9456,4.82,1,2024,1,2,2,1,8,0
1/9/2024,156.9375,4.82,1,2024,1,2,2,2,9,0
1/10/2024,157.375,4.82,1,2024,1,2,2,3,10,0
1/11/2024,157.9375,4.75,1,2024,1,2,2,4,11,0
1/12/2024,158.2475,4.65,1,2024,1,2,2,5,12,0
1/15/2024,157.38005,,1,2024,1,3,3,1,15,0
1/16/2024,158.815,4.7,1,2024,1,3,3,2,16,0
1/17/2024,158.225,4.8,1,2024,1,3,3,3,17,0
1/18/2024,159.0625,4.8,1,2024,1,3,3,4,18,0
1/19/2024,160.7625,4.84,1,2024,1,3,3,5,19,0
1/22/2024,158.854725,4.83,1,2024,1,4,4,1,22,0
1/23/2024,161.5625,4.81,1,2024,1,4,4,2,23,0
1/24/2024,161.9125,4.83,1,2024,1,4,4,3,24,0
1/25/2024,162.2675,4.76,1,2024,1,4,4,4,25,0
1/26/2024,162.315,4.78,1,2024,1,4,4,5,26,0
1/29/2024,161.3446,4.76,1,2024,1,5,5,1,29,0
1/30/2024,160.875,4.8,1,2024,1,5,5,2,30,0
1/31/2024,160.3,4.73,1,2024,1,5,5,3,31,0
2/1/2024,159.725,4.68,2,2024,1,5,1,4,32,0
2/2/2024,160.015,4.81,2,2024,1,5,1,5,33,0
2/5/2024,162.074625,4.87,2,2024,1,6,2,1,36,0
2/6/2024,161.01755,4.82,2,2024,1,6,2,2,37,0
2/7/2024,159.725,4.83,2,2024,1,6,2,3,38,0
2/8/2024,159.525,4.83,2,2024,1,6,2,4,39,0
2/9/2024,159,4.86,2,2024,1,6,2,5,40,0
2/12/2024,159.407725,4.87,2,2024,1,7,3,1,43,0
2/13/2024,157.7575,4.99,2,2024,1,7,3,2,44,0
2/14/2024,156.25,4.94,2,2024,1,7,3,3,45,0
2/15/2024,151.75,4.93,2,2024,1,7,3,4,46,0
2/16/2024,147.6875,4.98,2,2024,1,7,3,5,47,0
2/19/2024,142.0508,,2,2024,1,8,4,1,50,0
2/20/2024,143.495,4.97,2,2024,1,8,4,2,51,0
2/21/2024,144.75,4.98,2,2024,1,8,4,3,52,0
2/22/2024,145,5.02,2,2024,1,8,4,4,53,0
2/23/2024,145.125,5,2,2024,1,8,4,5,54,0
2/26/2024,143.03245,5.03,2,2024,1,9,5,1,57,0
2/27/2024,145.375,5.03,2,2024,1,9,5,2,58,0
2/28/2024,145.125,5,2,2024,1,9,5,3,59,0
2/29/2024,145.145,5.01,2,2024,1,9,5,4,60,0
3/1/2024,145.625,4.94,3,2024,1,9,1,5,61,0
3/4/2024,143.951775,4.98,3,2024,1,10,2,1,64,0
3/5/2024,143.145,4.94,3,2024,1,10,2,2,65,0
3/6/2024,142,4.95,3,2024,1,10,2,3,66,0
3/7/2024,142.175,4.93,3,2024,1,10,2,4,67,0
3/8/2024,140.8225,4.92,3,2024,1,10,2,5,68,0
3/11/2024,139.858875,4.95,3,2024,1,11,3,1,71,0
3/12/2024,138.775,5,3,2024,1,11,3,2,72,0
3/13/2024,137.52715,5.01,3,2024,1,11,3,3,73,0
3/14/2024,136.125,5.04,3,2024,1,11,3,4,74,0
3/15/2024,133.875,5.05,3,2024,1,11,3,5,75,0
3/18/2024,135.437075,5.06,3,2024,1,12,4,1,78,0
3/19/2024,134.035,5.06,3,2024,1,12,4,2,79,0
3/20/2024,132.625,5.01,3,2024,1,12,4,3,80,0
3/21/2024,132.2175,5.01,3,2024,1,12,4,4,81,0
3/22/2024,131.5,4.98,3,2024,1,12,4,5,82,0
3/25/2024,130.954675,5,3,2024,1,13,5,1,85,0
3/26/2024,131,5,3,2024,1,13,5,2,86,0
3/27/2024,130.455,4.99,3,2024,1,13,5,3,87,0
3/28/2024,131.1975,5.03,3,2024,1,13,5,4,88,0
3/29/2024,131.5275,,3,2024,1,13,5,5,89,0
4/1/2024,130.9225,5.06,4,2024,2,14,1,1,92,0
4/2/2024,130.5625,5.05,4,2024,2,14,1,2,93,0
4/3/2024,130.0625,5.03,4,2024,2,14,1,3,94,0
4/4/2024,129.7425,5,4,2024,2,14,1,4,95,0
4/5/2024,129,5.05,4,2024,2,14,1,5,96,0
4/8/2024,128.9775,5.07,4,2024,2,15,2,1,99,0
4/9/2024,126.8825,5.03,4,2024,2,15,2,2,100,0
4/10/2024,129.035,5.19,4,2024,2,15,2,3,101,0
4/11/2024,128.9975,5.17,4,2024,2,15,2,4,102,0
4/12/2024,129.005,5.13,4,2024,2,15,2,5,103,0
4/15/2024,127.1271,5.16,4,2024,2,16,3,1,106,0
4/16/2024,130.125,5.18,4,2024,2,16,3,2,107,0
4/17/2024,130.9375,5.16,4,2024,2,16,3,3,108,0
4/18/2024,131.625,5.18,4,2024,2,16,3,4,109,0
4/19/2024,132.075,5.17,4,2024,2,16,3,5,110,0
4/22/2024,130.9225,5.16,4,2024,2,17,4,1,113,0
4/23/2024,132.9975,5.14,4,2024,2,17,4,2,114,0
4/24/2024,133.25,5.17,4,2024,2,17,4,3,115,0
4/25/2024,133.625,5.21,4,2024,2,17,4,4,116,0
4/26/2024,133.875,5.21,4,2024,2,17,4,5,117,0
4/29/2024,132.2402,5.2,4,2024,2,18,5,1,120,0
4/30/2024,134,5.25,4,2024,2,18,5,2,121,0
5/1/2024,133.3725,5.21,5,2024,2,18,1,3,122,0
5/2/2024,134,5.16,5,2024,2,18,1,4,123,0
5/3/2024,133.875,5.12,5,2024,2,18,1,5,124,0
5/6/2024,131.8075,5.12,5,2024,2,19,2,1,127,0
5/7/2024,132.875,5.13,5,2024,2,19,2,2,128,0
5/8/2024,131.875,5.13,5,2024,2,19,2,3,129,0
5/9/2024,130.125,5.12,5,2024,2,19,2,4,130,0
5/10/2024,130.1225,5.17,5,2024,2,19,2,5,131,0
5/13/2024,130.3375,5.16,5,2024,2,20,3,1,134,0
5/14/2024,129.859975,5.16,5,2024,2,20,3,2,135,0
5/15/2024,129.125,5.1,5,2024,2,20,3,3,136,0
5/16/2024,129.1675,5.13,5,2024,2,20,3,4,137,0
5/17/2024,130,5.14,5,2024,2,20,3,5,138,0
5/20/2024,129.365,5.15,5,2024,2,21,4,1,141,0
5/21/2024,128.0275,5.14,5,2024,2,21,4,2,142,0
5/22/2024,130.6425,5.16,5,2024,2,21,4,3,143,0
5/23/2024,130.85,5.2,5,2024,2,21,4,4,144,0
5/24/2024,131.875,5.21,5,2024,2,21,4,5,145,0
5/27/2024,130.015,,5,2024,2,22,5,1,148,0
5/28/2024,131.825,5.21,5,2024,2,22,5,2,149,0
5/29/2024,130.3125,5.22,5,2024,2,22,5,3,150,0
5/30/2024,130.2525,5.19,5,2024,2,22,5,4,151,0
5/31/2024,129.125,5.18,5,2024,2,22,5,5,152,0
6/3/2024,129.5,5.14,6,2024,2,23,2,1,155,0
6/4/2024,129.5225,5.11,6,2024,2,23,2,2,156,0
6/5/2024,129.8225,5.08,6,2024,2,23,2,3,157,0
6/6/2024,129.5,5.08,6,2024,2,23,2,4,158,0
6/7/2024,129.0925,5.17,6,2024,2,23,2,5,159,0
6/10/2024,130.065,5.16,6,2024,2,24,3,1,162,0
6/11/2024,128.4925,5.17,6,2024,2,24,3,2,163,0
6/12/2024,127.875,5.13,6,2024,2,24,3,3,164,0
6/13/2024,127.5625,5.07,6,2024,2,24,3,4,165,0
6/14/2024,127.6875,5.07,6,2024,2,24,3,5,166,0
6/17/2024,128.42,5.11,6,2024,2,25,4,1,169,0
6/18/2024,127.625,5.09,6,2024,2,25,4,2,170,0
6/19/2024,128.135,,6,2024,2,25,4,3,171,0
6/20/2024,127.9475,5.1,6,2024,2,25,4,4,172,0
6/21/2024,127.375,5.1,6,2024,2,25,4,5,173,0
6/24/2024,128.1175,5.1,6,2024,2,26,5,1,176,0
6/25/2024,127.8925,5.1,6,2024,2,26,5,2,177,0
6/26/2024,127.7225,5.13,6,2024,2,26,5,3,178,0
6/27/2024,127.8125,5.1,6,2024,2,26,5,4,179,0
6/28/2024,128.1625,5.09,6,2024,2,26,5,5,180,0
7/1/2024,128.202425,5.1,7,2024,3,27,1,1,183,0
7/2/2024,127.915,5.07,7,2024,3,27,1,2,184,0
7/3/2024,127.66,5.04,7,2024,3,27,1,3,185,0
7/4/2024,127.5825,,7,2024,3,27,1,4,186,0
7/5/2024,127.1925,4.98,7,2024,3,27,1,5,187,0
7/8/2024,126.82,4.99,7,2024,3,28,2,1,190,0
7/9/2024,126.7725,5.02,7,2024,3,28,2,2,191,0
7/10/2024,126.98,5.01,7,2024,3,28,2,3,192,0
7/11/2024,128.03,4.91,7,2024,3,28,2,4,193,0
7/12/2024,128.1875,4.87,7,2024,3,28,2,5,194,0
7/15/2024,126.70285,4.85,7,2024,3,29,3,1,197,0
7/16/2024,128.3125,4.85,7,2024,3,29,3,2,198,0
7/17/2024,127.2575,4.85,7,2024,3,29,3,3,199,0
7/18/2024,127.3275,4.86,7,2024,3,29,3,4,200,0
7/19/2024,129.555,4.87,7,2024,3,29,3,5,201,0
7/22/2024,128.335,4.88,7,2024,3,30,4,1,204,0
7/23/2024,130.4375,4.85,7,2024,3,30,4,2,205,0
7/24/2024,131.625,4.82,7,2024,3,30,4,3,206,0
7/25/2024,131.875,4.83,7,2024,3,30,4,4,207,0
7/26/2024,129.6175,4.79,7,2024,3,30,4,5,208,0
7/29/2024,129.266375,4.79,7,2024,3,31,5,1,211,0
7/30/2024,129.63,4.78,7,2024,3,31,5,2,212,0
7/31/2024,128.6625,4.73,7,2024,3,31,5,3,213,0
8/1/2024,128.25,4.62,8,2024,3,31,1,4,214,0
8/2/2024,128.875,4.33,8,2024,3,31,1,5,215,0
8/5/2024,128.0657,4.34,8,2024,3,32,2,1,218,0
8/6/2024,129,4.46,8,2024,3,32,2,2,219,0
8/7/2024,128.4375,4.45,8,2024,3,32,2,3,220,0
8/8/2024,128.1575,4.48,8,2024,3,32,2,4,221,0
8/9/2024,128.535,4.5,8,2024,3,32,2,5,222,0
8/12/2024,128.325425,4.47,8,2024,3,33,3,1,225,0
8/13/2024,127.94,4.4,8,2024,3,33,3,2,226,0
8/14/2024,128,4.42,8,2024,3,33,3,3,227,0
8/15/2024,128.3075,4.52,8,2024,3,33,3,4,228,0
8/16/2024,129.2125,4.49,8,2024,3,33,3,5,229,0
8/19/2024,127.928025,4.48,8,2024,3,34,4,1,232,0
8/20/2024,127.8075,4.43,8,2024,3,34,4,2,233,0
8/21/2024,127.8925,4.36,8,2024,3,34,4,3,234,0
8/22/2024,127.9575,4.43,8,2024,3,34,4,4,235,0
8/23/2024,128.0125,4.36,8,2024,3,34,4,5,236,0
8/26/2024,127.9183,4.38,8,2024,3,35,5,1,239,0
8/27/2024,127.9675,4.34,8,2024,3,35,5,2,240,0
8/28/2024,127.93,4.36,8,2024,3,35,5,3,241,0
8/29/2024,127.8375,4.38,8,2024,3,35,5,4,242,0
8/30/2024,127.9375,4.38,8,2024,3,35,5,5,243,0
9/2/2024,128.01265,,9,2024,3,36,1,1,246,0
9/3/2024,127.71765,4.35,9,2024,3,36,1,2,247,0
9/4/2024,127.9025,4.23,9,2024,3,36,1,3,248,0
9/5/2024,127.5725,4.21,9,2024,3,36,1,4,249,0
9/6/2024,127.6975,4.1,9,2024,3,36,1,5,250,0
9/9/2024,127.842425,4.12,9,2024,3,37,2,1,253,0
9/10/2024,127.8425,4.07,9,2024,3,37,2,2,254,0
9/11/2024,127.9975,4.12,9,2024,3,37,2,3,255,0
9/12/2024,128.065,4.09,9,2024,3,37,2,4,256,0
9/13/2024,127.94,4,9,2024,3,37,2,5,257,0
9/16/2024,128.0875,3.96,9,2024,3,38,3,1,260,0
9/17/2024,128.0225,3.99,9,2024,3,38,3,2,261,0
9/18/2024,128.175,3.95,9,2024,3,38,3,3,262,0
9/19/2024,128.1425,3.93,9,2024,3,38,3,4,263,0
9/20/2024,128.0275,3.92,9,2024,3,38,3,5,264,0
9/23/2024,127.819925,3.91,9,2024,3,39,4,1,267,0
9/24/2024,127.9575,3.88,9,2024,3,39,4,2,268,0
9/25/2024,127.75,3.89,9,2024,3,39,4,3,269,0
9/26/2024,128.1175,3.96,9,2024,3,39,4,4,270,0
9/27/2024,127.9325,3.9,9,2024,3,39,4,5,271,0
9/30/2024,127.830475,3.98,9,2024,3,40,5,1,274,0
10/1/2024,128.1425,3.96,10,2024,4,40,1,2,275,0
10/2/2024,128.05,3.97,10,2024,4,40,1,3,276,0
10/3/2024,128.0175,4.02,10,2024,4,40,1,4,277,0
10/4/2024,128.0125,4.2,10,2024,4,40,1,5,278,0
10/7/2024,128.1075,4.24,10,2024,4,41,2,1,281,0
10/8/2024,127.9625,4.21,10,2024,4,41,2,2,282,0
10/9/2024,128.0625,4.24,10,2024,4,41,2,3,283,0
10/10/2024,128.08,4.22,10,2024,4,41,2,4,284,0
10/11/2024,128.0175,4.18,10,2024,4,41,2,5,285,0
10/14/2024,127.9057,,10,2024,4,42,3,1,288,0
10/15/2024,127.995,4.18,10,2024,4,42,3,2,289,0
10/16/2024,128.12,4.17,10,2024,4,42,3,3,290,0
10/17/2024,128.12,4.21,10,2024,4,42,3,4,291,0
10/18/2024,128.13,4.19,10,2024,4,42,3,5,292,0
10/21/2024,128.104875,4.24,10,2024,4,43,4,1,295,0
10/22/2024,128.0925,4.24,10,2024,4,43,4,2,296,0
10/23/2024,128.0925,4.27,10,2024,4,43,4,3,297,0
10/24/2024,127.9675,4.25,10,2024,4,43,4,4,298,0
10/25/2024,128.40275,4.29,10,2024,4,43,4,5,299,0
10/28/2024,127.952725,4.28,10,2024,4,44,5,1,302,0
10/29/2024,128.0375,4.29,10,2024,4,44,5,2,303,0
10/30/2024,127.6625,4.28,10,2024,4,44,5,3,304,0
10/31/2024,127.94,4.27,10,2024,4,44,5,4,305,0
11/1/2024,127.9725,4.28,11,2024,4,44,1,5,306,0
11/4/2024,127.6572,4.25,11,2024,4,45,2,1,309,0
11/5/2024,128.0075,4.27,11,2024,4,45,2,2,310,0
11/6/2024,127.9975,4.31,11,2024,4,45,2,3,311,0
11/7/2024,127.9725,4.28,11,2024,4,45,2,4,312,0
11/8/2024,127.93,4.32,11,2024,4,45,2,5,313,0
11/11/2024,128.269075,,11,2024,4,46,3,1,316,0
11/12/2024,128.135,4.38,11,2024,4,46,3,2,317,0
11/13/2024,128.36845,4.31,11,2024,4,46,3,3,318,0
11/14/2024,128.375,4.36,11,2024,4,46,3,4,319,0
11/15/2024,128.675,4.34,11,2024,4,46,3,5,320,0
11/18/2024,128.475475,4.33,11,2024,4,47,4,1,323,0
11/19/2024,127.7525,4.34,11,2024,4,47,4,2,324,0
11/20/2024,128.3875,4.37,11,2024,4,47,4,3,325,0
11/21/2024,128.3075,4.39,11,2024,4,47,4,4,326,0
11/22/2024,128.55,4.42,11,2024,4,47,4,5,327,0
11/25/2024,128.3357,4.37,11,2024,4,48,5,1,330,0
11/26/2024,128.515,4.37,11,2024,4,48,5,2,331,0
11/27/2024,128.5825,4.34,11,2024,4,48,5,3,332,0
11/28/2024,128.47,,11,2024,4,48,5,4,333,0
11/29/2024,128.685,4.3,11,2024,4,48,5,5,334,0
12/2/2024,128.5597,4.3,12,2024,4,49,1,1,337,0
12/3/2024,128.795,4.27,12,2024,4,49,1,2,338,0
12/4/2024,128.625,4.23,12,2024,4,49,1,3,339,0
12/5/2024,128.575,4.23,12,2024,4,49,1,4,340,0
12/6/2024,128.465,4.19,12,2024,4,49,1,5,341,0
12/9/2024,128.32375,4.2,12,2024,4,50,2,1,344,0
12/10/2024,128.415,4.22,12,2024,4,50,2,2,345,0
12/11/2024,128.6525,4.21,12,2024,4,50,2,3,346,0
12/12/2024,128.58,4.22,12,2024,4,50,2,4,347,0
12/13/2024,128.5825,4.24,12,2024,4,50,2,5,348,0
12/16/2024,127.96115,4.24,12,2024,4,51,3,1,351,0
12/17/2024,128.124975,4.25,12,2024,4,51,3,2,352,0
12/18/2024,128.25,4.3,12,2024,4,51,3,3,353,0
12/19/2024,128.26,4.28,12,2024,4,51,3,4,354,0
12/20/2024,128.52,4.27,12,2024,4,51,3,5,355,0
12/23/2024,127.73115,4.26,12,2024,4,52,4,1,358,0
12/24/2024,128.3075,4.24,12,2024,4,52,4,2,359,0
12/25/2024,128.13,,12,2024,4,52,4,3,360,0
12/26/2024,128.04,4.23,12,2024,4,52,4,4,361,0
12/27/2024,128.1475,4.2,12,2024,4,52,4,5,362,0
12/30/2024,128.28045,4.17,12,2024,4,53,5,1,365,0
12/31/2024,128.26,4.16,12,2024,4,53,5,2,366,0
1/2/2025,128.2275,4.17,1,2025,1,1,1,4,2,0
1/3/2025,128.346175,4.18,1,2025,1,1,1,5,3,0
1/6/2025,127.89225,4.17,1,2025,1,2,2,1,6,0
1/7/2025,128.41735,4.19,1,2025,1,2,2,2,7,0
1/8/2025,128.515,4.19,1,2025,1,2,2,3,8,0
1/9/2025,128.485175,4.16,1,2025,1,2,2,4,9,0
1/10/2025,128.4945,4.25,1,2025,1,2,2,5,10,0
1/13/2025,128.75565,4.24,1,2025,1,3,3,1,13,0
1/14/2025,128.42745,4.22,1,2025,1,3,3,2,14,0
1/15/2025,128.292175,4.19,1,2025,1,3,3,3,15,0
1/16/2025,128.584425,4.18,1,2025,1,3,3,4,16,0
1/17/2025,128.50095,4.21,1,2025,1,3,3,5,17,0
1/20/2025,128.353675,,1,2025,1,4,4,1,20,0
1/21/2025,128.174825,4.21,1,2025,1,4,4,2,21,0
,101.3,,,,,,,,,0
,101.3,,,,,,,,,0
,103.58,,,,,,,,,0
,100.86,,,,,,,,,0
,128.555,,,,,,,,,0
,129.42,,,,,,,,,0
