Date,Mean-value_x,Interest-rate,Month,Year,Quarter,Week-of-year,Week-of-month,Day-of-week,Day-of-year,election-year,US_election,Mean-value_y,preds
10/13/2016,101.3,0.66,10.0,2016.0,4.0,42.0,3.0,4.0,287.0,0,1,101.3,101.29959999999996
11/23/2016,101.85,0.8,11.0,2016.0,4.0,48.0,4.0,3.0,328.0,0,1,101.85,101.85190000000013
12/1/2016,101.85,0.82,12.0,2016.0,4.0,49.0,1.0,4.0,336.0,0,1,101.85,101.86260000000001
12/2/2016,101.86,0.8,12.0,2016.0,4.0,49.0,1.0,5.0,337.0,0,1,101.86,101.8828
12/6/2016,101.87,0.83,12.0,2016.0,4.0,50.0,2.0,2.0,341.0,0,1,101.87,101.89190000000004
12/22/2016,102.35,0.87,12.0,2016.0,4.0,52.0,4.0,4.0,357.0,0,1,102.35,102.18089999999998
12/23/2016,102.36,0.87,12.0,2016.0,4.0,52.0,4.0,5.0,358.0,0,1,102.36,102.1608
1/3/2017,102.56,0.89,1.0,2017.0,1.0,1.0,1.0,2.0,3.0,1,0,102.56,105.81760000000004
1/4/2017,102.81,0.87,1.0,2017.0,1.0,1.0,1.0,3.0,4.0,1,0,102.81,104.4182
1/11/2017,103.84,0.82,1.0,2017.0,1.0,2.0,2.0,3.0,11.0,1,0,103.84,103.81109999999997
1/17/2017,103.93,0.8,1.0,2017.0,1.0,3.0,3.0,2.0,17.0,1,0,103.93,103.92949999999998
1/23/2017,103.8,0.79,1.0,2017.0,1.0,4.0,4.0,1.0,23.0,1,0,103.8,104.4004
1/25/2017,103.99,0.82,1.0,2017.0,1.0,4.0,4.0,3.0,25.0,1,0,103.99,103.9534
1/27/2017,103.96,0.82,1.0,2017.0,1.0,4.0,4.0,5.0,27.0,1,0,103.96,103.90919999999997
1/31/2017,103.96,0.84,1.0,2017.0,1.0,5.0,5.0,2.0,31.0,1,0,103.96,104.10159999999996
2/1/2017,103.86,0.83,2.0,2017.0,1.0,5.0,1.0,3.0,32.0,1,0,103.86,104.45520000000005
2/2/2017,103.82,0.84,2.0,2017.0,1.0,5.0,1.0,4.0,33.0,1,0,103.82,104.47320000000003
2/6/2017,103.76,0.79,2.0,2017.0,1.0,6.0,2.0,1.0,37.0,1,0,103.76,104.58789999999999
2/9/2017,103.7,0.8,2.0,2017.0,1.0,6.0,2.0,4.0,40.0,1,0,103.7,103.77850000000004
2/13/2017,103.63,0.82,2.0,2017.0,1.0,7.0,3.0,1.0,44.0,1,0,103.63,103.8311999999999
3/13/2017,102.62,1.06,3.0,2017.0,1.0,11.0,3.0,1.0,72.0,1,0,102.62,113.95320000000001
3/14/2017,102.67,1.06,3.0,2017.0,1.0,11.0,3.0,2.0,73.0,1,0,102.67,113.95380000000003
3/27/2017,102.91,1.0,3.0,2017.0,1.0,13.0,5.0,1.0,86.0,1,0,102.91,104.08909999999996
3/29/2017,102.95,1.04,3.0,2017.0,1.0,13.0,5.0,3.0,88.0,1,0,102.95,103.06559999999996
4/4/2017,103.19,1.03,4.0,2017.0,2.0,14.0,2.0,2.0,94.0,1,0,103.19,103.13660000000009
4/11/2017,103.44,1.05,4.0,2017.0,2.0,15.0,3.0,2.0,101.0,1,0,103.44,103.37930000000001
4/18/2017,103.36,1.02,4.0,2017.0,2.0,16.0,4.0,2.0,108.0,1,0,103.36,103.38709999999993
4/19/2017,103.43,1.02,4.0,2017.0,2.0,16.0,4.0,3.0,109.0,1,0,103.43,103.39209999999991
4/25/2017,103.27,1.09,4.0,2017.0,2.0,17.0,5.0,2.0,115.0,1,0,103.27,103.2824000000001
5/5/2017,103.14,1.1,5.0,2017.0,2.0,18.0,1.0,5.0,125.0,1,0,103.14,103.14430000000013
5/15/2017,103.22,1.11,5.0,2017.0,2.0,20.0,3.0,1.0,135.0,1,0,103.22,103.27149999999988
6/15/2017,103.41,1.21,6.0,2017.0,2.0,24.0,3.0,4.0,166.0,1,0,103.41,103.3706
6/16/2017,103.55,1.21,6.0,2017.0,2.0,24.0,3.0,5.0,167.0,1,0,103.55,103.37679999999999
6/23/2017,103.63,1.21,6.0,2017.0,2.0,25.0,4.0,5.0,174.0,1,0,103.63,103.61809999999994
6/30/2017,103.71,1.24,6.0,2017.0,2.0,26.0,5.0,5.0,181.0,1,0,103.71,103.6772000000001
7/5/2017,103.77,1.24,7.0,2017.0,3.0,27.0,2.0,3.0,186.0,1,0,103.77,103.77090000000005
7/18/2017,103.91,1.19,7.0,2017.0,3.0,29.0,4.0,2.0,199.0,1,0,103.91,103.90990000000002
7/19/2017,103.93,1.23,7.0,2017.0,3.0,29.0,4.0,3.0,200.0,1,0,103.93,103.90790000000007
7/24/2017,103.87,1.23,7.0,2017.0,3.0,30.0,5.0,1.0,205.0,1,0,103.87,103.88009999999998
7/31/2017,103.91,1.23,7.0,2017.0,3.0,31.0,6.0,1.0,212.0,1,0,103.91,103.88560000000005
8/2/2017,103.87,1.24,8.0,2017.0,3.0,31.0,1.0,3.0,214.0,1,0,103.87,103.87290000000002
8/4/2017,103.87,1.23,8.0,2017.0,3.0,31.0,1.0,5.0,216.0,1,0,103.87,103.85740000000001
8/9/2017,103.9,1.21,8.0,2017.0,3.0,32.0,2.0,3.0,221.0,1,0,103.9,103.92079999999993
8/16/2017,103.75,1.24,8.0,2017.0,3.0,33.0,3.0,3.0,228.0,1,0,103.75,103.72620000000013
8/25/2017,103.25,1.23,8.0,2017.0,3.0,34.0,4.0,5.0,237.0,1,0,103.25,103.1989999999999
8/28/2017,103.16,1.24,8.0,2017.0,3.0,35.0,5.0,1.0,240.0,1,0,103.16,103.11660000000005
8/29/2017,103.17,1.23,8.0,2017.0,3.0,35.0,5.0,2.0,241.0,1,0,103.17,103.17300000000006
9/7/2017,103.24,1.21,9.0,2017.0,3.0,36.0,2.0,4.0,250.0,1,0,103.24,103.1984999999999
9/8/2017,103.16,1.22,9.0,2017.0,3.0,36.0,2.0,5.0,251.0,1,0,103.16,103.17669999999991
9/25/2017,103.26,1.3,9.0,2017.0,3.0,39.0,5.0,1.0,268.0,1,0,103.26,103.25090000000014
9/27/2017,103.34,1.33,9.0,2017.0,3.0,39.0,5.0,3.0,270.0,1,0,103.34,103.2858000000001
10/3/2017,103.22,1.32,10.0,2017.0,4.0,40.0,1.0,2.0,276.0,1,0,103.22,103.25880000000002
10/5/2017,103.31,1.35,10.0,2017.0,4.0,40.0,1.0,4.0,278.0,1,0,103.31,103.29600000000008
10/6/2017,103.21,1.35,10.0,2017.0,4.0,40.0,1.0,5.0,279.0,1,0,103.21,103.28450000000008
10/12/2017,103.3,1.41,10.0,2017.0,4.0,41.0,2.0,4.0,285.0,1,0,103.3,103.28519999999995
10/17/2017,103.3,1.41,10.0,2017.0,4.0,42.0,3.0,2.0,290.0,1,0,103.3,103.29970000000007
10/23/2017,103.55,1.42,10.0,2017.0,4.0,43.0,4.0,1.0,296.0,1,0,103.55,103.52560000000005
10/24/2017,103.7,1.43,10.0,2017.0,4.0,43.0,4.0,2.0,297.0,1,0,103.7,103.62080000000006
10/30/2017,103.69,1.42,10.0,2017.0,4.0,44.0,5.0,1.0,303.0,1,0,103.69,103.66909999999999
11/1/2017,103.75,1.46,11.0,2017.0,4.0,44.0,1.0,3.0,305.0,1,0,103.75,103.72210000000008
11/6/2017,103.66,1.5,11.0,2017.0,4.0,45.0,2.0,1.0,310.0,1,0,103.66,103.6261000000001
11/8/2017,103.61,1.53,11.0,2017.0,4.0,45.0,2.0,3.0,312.0,1,0,103.61,103.60560000000008
11/13/2017,103.58,1.55,11.0,2017.0,4.0,46.0,3.0,1.0,317.0,1,0,103.58,103.62520000000006
11/15/2017,103.68,1.55,11.0,2017.0,4.0,46.0,3.0,3.0,319.0,1,0,103.68,103.61910000000006
11/21/2017,103.6,1.62,11.0,2017.0,4.0,47.0,4.0,2.0,325.0,1,0,103.6,103.56500000000013
11/22/2017,103.36,1.61,11.0,2017.0,4.0,47.0,4.0,3.0,326.0,1,0,103.36,103.5689000000001
11/27/2017,103.34,1.62,11.0,2017.0,4.0,48.0,5.0,1.0,331.0,1,0,103.34,103.31540000000015
11/30/2017,103.25,1.62,11.0,2017.0,4.0,48.0,5.0,4.0,334.0,1,0,103.25,103.29690000000011
12/8/2017,102.96,1.65,12.0,2017.0,4.0,49.0,2.0,5.0,342.0,1,0,102.96,102.9868
12/21/2017,103.09,1.73,12.0,2017.0,4.0,51.0,4.0,4.0,355.0,1,0,103.09,103.25909999999993
1/5/2018,103.28,1.8,1.0,2018.0,1.0,1.0,1.0,5.0,5.0,0,0,103.28,103.2804000000001
1/8/2018,103.26,1.79,1.0,2018.0,1.0,2.0,2.0,1.0,8.0,0,0,103.26,103.18929999999999
1/10/2018,103.18,1.78,1.0,2018.0,1.0,2.0,2.0,3.0,10.0,0,0,103.18,103.19330000000005
1/16/2018,103.06,1.79,1.0,2018.0,1.0,3.0,3.0,2.0,16.0,0,0,103.06,103.0559000000001
1/18/2018,102.89,1.79,1.0,2018.0,1.0,3.0,3.0,4.0,18.0,0,0,102.89,103.0193000000001
1/19/2018,102.91,1.79,1.0,2018.0,1.0,3.0,3.0,5.0,19.0,0,0,102.91,103.03080000000011
1/22/2018,102.87,1.79,1.0,2018.0,1.0,4.0,4.0,1.0,22.0,0,0,102.87,102.68990000000002
1/25/2018,102.34,1.8,1.0,2018.0,1.0,4.0,4.0,4.0,25.0,0,0,102.34,102.50390000000002
2/2/2018,101.92,1.88,2.0,2018.0,1.0,5.0,1.0,5.0,33.0,0,0,101.92,101.8152999999999
2/12/2018,100.85,1.93,2.0,2018.0,1.0,7.0,3.0,1.0,43.0,0,0,100.85,101.19710000000006
2/14/2018,101.23,1.98,2.0,2018.0,1.0,7.0,3.0,3.0,45.0,0,0,101.23,101.20460000000008
2/26/2018,101.83,2.03,2.0,2018.0,1.0,9.0,5.0,1.0,57.0,0,0,101.83,101.4924
2/27/2018,101.74,2.08,2.0,2018.0,1.0,9.0,5.0,2.0,58.0,0,0,101.74,101.44030000000004
3/8/2018,101.29,2.05,3.0,2018.0,1.0,10.0,2.0,4.0,67.0,0,0,101.29,101.3065
3/13/2018,101.29,2.03,3.0,2018.0,1.0,11.0,3.0,2.0,72.0,0,0,101.29,101.22810000000001
3/15/2018,101.26,2.07,3.0,2018.0,1.0,11.0,3.0,4.0,74.0,0,0,101.26,101.23010000000015
3/23/2018,100.97,2.04,3.0,2018.0,1.0,12.0,4.0,5.0,82.0,0,0,100.97,101.2547
3/26/2018,100.96,2.06,3.0,2018.0,1.0,13.0,5.0,1.0,85.0,0,0,100.96,101.31380000000003
3/27/2018,100.91,2.1,3.0,2018.0,1.0,13.0,5.0,2.0,86.0,0,0,100.91,101.1819
3/28/2018,100.86,2.12,3.0,2018.0,1.0,13.0,5.0,3.0,87.0,0,0,100.86,101.10620000000003
3/29/2018,100.85,2.09,3.0,2018.0,1.0,13.0,5.0,4.0,88.0,0,0,100.85,101.2059
4/11/2018,101.0,2.09,4.0,2018.0,2.0,15.0,2.0,3.0,101.0,0,0,101.0,100.98639999999986
4/17/2018,100.63,2.16,4.0,2018.0,2.0,16.0,3.0,2.0,107.0,0,0,100.63,100.85310000000013
4/18/2018,100.4,2.17,4.0,2018.0,2.0,16.0,3.0,3.0,108.0,0,0,100.4,100.86170000000011
4/19/2018,100.4,2.21,4.0,2018.0,2.0,16.0,3.0,4.0,109.0,0,0,100.4,100.76980000000007
4/20/2018,100.26,2.22,4.0,2018.0,2.0,16.0,3.0,5.0,110.0,0,0,100.26,100.73640000000009
4/30/2018,100.36,2.24,4.0,2018.0,2.0,18.0,5.0,1.0,120.0,0,0,100.36,100.34230000000005
5/3/2018,100.19,2.24,5.0,2018.0,2.0,18.0,1.0,4.0,123.0,0,0,100.19,100.37040000000006
5/10/2018,100.6,2.27,5.0,2018.0,2.0,19.0,2.0,4.0,130.0,0,0,100.6,100.46429999999992
5/11/2018,100.44,2.28,5.0,2018.0,2.0,19.0,2.0,5.0,131.0,0,0,100.44,100.49999999999991
5/14/2018,100.43,2.28,5.0,2018.0,2.0,20.0,3.0,1.0,134.0,0,0,100.43,100.7325
5/29/2018,101.54,2.17,5.0,2018.0,2.0,22.0,5.0,2.0,149.0,0,0,101.54,101.35319999999993
5/30/2018,101.57,2.23,5.0,2018.0,2.0,22.0,5.0,3.0,150.0,0,0,101.57,101.37529999999988
6/6/2018,101.0,2.32,6.0,2018.0,2.0,23.0,2.0,3.0,157.0,0,0,101.0,100.9473999999999
6/21/2018,100.96,2.34,6.0,2018.0,2.0,25.0,4.0,4.0,172.0,0,0,100.96,101.05179999999997
6/25/2018,100.76,2.34,6.0,2018.0,2.0,26.0,5.0,1.0,176.0,0,0,100.76,100.83999999999995
6/27/2018,100.94,2.33,6.0,2018.0,2.0,26.0,5.0,3.0,178.0,0,0,100.94,100.84469999999996
6/28/2018,101.04,2.33,6.0,2018.0,2.0,26.0,5.0,4.0,179.0,0,0,101.04,100.83819999999996
6/29/2018,101.05,2.33,6.0,2018.0,2.0,26.0,5.0,5.0,180.0,0,0,101.05,100.83739999999995
7/2/2018,100.89,2.34,7.0,2018.0,3.0,27.0,1.0,1.0,183.0,0,0,100.89,100.82790000000004
7/9/2018,100.81,2.34,7.0,2018.0,3.0,28.0,2.0,1.0,190.0,0,0,100.81,100.84100000000001
7/11/2018,100.91,2.36,7.0,2018.0,3.0,28.0,2.0,3.0,192.0,0,0,100.91,100.85170000000005
7/16/2018,100.66,2.39,7.0,2018.0,3.0,29.0,3.0,1.0,197.0,0,0,100.66,100.75239999999992
7/17/2018,100.39,2.39,7.0,2018.0,3.0,29.0,3.0,2.0,198.0,0,0,100.39,100.72189999999992
7/18/2018,100.62,2.43,7.0,2018.0,3.0,29.0,3.0,3.0,199.0,0,0,100.62,100.65499999999993
7/20/2018,100.73,2.41,7.0,2018.0,3.0,29.0,3.0,5.0,201.0,0,0,100.73,100.67949999999993
7/25/2018,100.51,2.42,7.0,2018.0,3.0,30.0,4.0,3.0,206.0,0,0,100.51,100.56709999999995
7/26/2018,100.49,2.41,7.0,2018.0,3.0,30.0,4.0,4.0,207.0,0,0,100.49,100.5339999999999
7/31/2018,100.41,2.44,7.0,2018.0,3.0,31.0,5.0,2.0,212.0,0,0,100.41,100.42339999999994
8/2/2018,100.46,2.45,8.0,2018.0,3.0,31.0,1.0,4.0,214.0,0,0,100.46,100.46109999999985
8/3/2018,100.35,2.43,8.0,2018.0,3.0,31.0,1.0,5.0,215.0,0,0,100.35,100.41849999999997
8/13/2018,100.49,2.42,8.0,2018.0,3.0,33.0,3.0,1.0,225.0,0,0,100.49,100.78329999999988
8/17/2018,100.79,2.44,8.0,2018.0,3.0,33.0,3.0,5.0,229.0,0,0,100.79,100.77500000000018
8/23/2018,100.64,2.43,8.0,2018.0,3.0,34.0,4.0,4.0,235.0,0,0,100.64,100.71700000000011
9/5/2018,100.72,2.49,9.0,2018.0,3.0,36.0,2.0,3.0,248.0,0,0,100.72,100.68019999999991
9/7/2018,100.72,2.53,9.0,2018.0,3.0,36.0,2.0,5.0,250.0,0,0,100.72,100.70569999999992
9/18/2018,100.84,2.58,9.0,2018.0,3.0,38.0,4.0,2.0,261.0,0,0,100.84,100.87839999999997
9/27/2018,100.91,2.58,9.0,2018.0,3.0,39.0,5.0,4.0,270.0,0,0,100.91,100.98249999999999
9/28/2018,100.96,2.59,9.0,2018.0,3.0,39.0,5.0,5.0,271.0,0,0,100.96,100.98209999999992
10/1/2018,100.9,2.6,10.0,2018.0,4.0,40.0,1.0,1.0,274.0,0,0,100.9,100.91789999999996
10/3/2018,100.95,2.62,10.0,2018.0,4.0,40.0,1.0,3.0,276.0,0,0,100.95,100.9275
10/4/2018,100.97,2.63,10.0,2018.0,4.0,40.0,1.0,4.0,277.0,0,0,100.97,100.93590000000002
10/9/2018,100.9,2.65,10.0,2018.0,4.0,41.0,2.0,2.0,282.0,0,0,100.9,100.92200000000003
10/11/2018,100.92,2.66,10.0,2018.0,4.0,41.0,2.0,4.0,284.0,0,0,100.92,100.92340000000002
10/23/2018,101.1,2.67,10.0,2018.0,4.0,43.0,4.0,2.0,296.0,0,0,101.1,101.103
10/24/2018,101.13,2.64,10.0,2018.0,4.0,43.0,4.0,3.0,297.0,0,0,101.13,101.17959999999992
11/9/2018,101.86,2.73,11.0,2018.0,4.0,45.0,2.0,5.0,313.0,0,0,101.86,101.76619999999997
11/21/2018,102.86,2.67,11.0,2018.0,4.0,47.0,4.0,3.0,325.0,0,0,102.86,102.80890000000004
11/29/2018,102.6,2.69,11.0,2018.0,4.0,48.0,5.0,4.0,333.0,0,0,102.6,102.6246000000001
12/11/2018,102.47,2.7,12.0,2018.0,4.0,50.0,3.0,2.0,345.0,0,0,102.47,102.55590000000005
12/13/2018,102.66,2.69,12.0,2018.0,4.0,50.0,3.0,4.0,347.0,0,0,102.66,102.59270000000001
12/17/2018,102.53,2.66,12.0,2018.0,4.0,51.0,4.0,1.0,351.0,0,0,102.53,102.40350000000002
12/18/2018,102.48,2.64,12.0,2018.0,4.0,51.0,4.0,2.0,352.0,0,0,102.48,102.20839999999997
12/20/2018,101.94,2.64,12.0,2018.0,4.0,51.0,4.0,4.0,354.0,0,0,101.94,102.18719999999996
12/24/2018,101.85,2.61,12.0,2018.0,4.0,52.0,5.0,1.0,358.0,0,0,101.85,101.77130000000007
12/27/2018,101.82,2.58,12.0,2018.0,4.0,52.0,5.0,4.0,361.0,0,0,101.82,101.82450000000003
1/2/2019,101.83,2.6,1.0,2019.0,1.0,1.0,1.0,3.0,2.0,0,0,101.83,102.08770000000008
1/9/2019,101.96,2.59,1.0,2019.0,1.0,2.0,2.0,3.0,9.0,0,0,101.96,101.94560000000008
1/10/2019,101.86,2.59,1.0,2019.0,1.0,2.0,2.0,4.0,10.0,0,0,101.86,101.81290000000003
1/23/2019,101.6,2.59,1.0,2019.0,1.0,4.0,4.0,3.0,23.0,0,0,101.6,101.5685000000001
1/25/2019,101.08,2.6,1.0,2019.0,1.0,4.0,4.0,5.0,25.0,0,0,101.08,101.4489
1/28/2019,100.8,2.6,1.0,2019.0,1.0,5.0,5.0,1.0,28.0,0,0,100.8,100.74739999999991
2/19/2019,100.17,2.54,2.0,2019.0,1.0,8.0,4.0,2.0,50.0,0,0,100.17,100.32080000000008
2/21/2019,100.24,2.55,2.0,2019.0,1.0,8.0,4.0,4.0,52.0,0,0,100.24,100.24439999999998
2/27/2019,100.13,2.54,2.0,2019.0,1.0,9.0,5.0,3.0,58.0,0,0,100.13,100.12469999999996
3/4/2019,100.04,2.54,3.0,2019.0,1.0,10.0,2.0,1.0,63.0,0,0,100.04,100.15310000000007
3/6/2019,100.05,2.54,3.0,2019.0,1.0,10.0,2.0,3.0,65.0,0,0,100.05,100.07980000000005
3/7/2019,100.02,2.52,3.0,2019.0,1.0,10.0,2.0,4.0,66.0,0,0,100.02,100.08350000000007
3/8/2019,99.71,2.53,3.0,2019.0,1.0,10.0,2.0,5.0,67.0,0,0,99.71,100.08780000000006
3/11/2019,99.65,2.53,3.0,2019.0,1.0,11.0,3.0,1.0,70.0,0,0,99.65,100.24589999999993
3/12/2019,99.61,2.52,3.0,2019.0,1.0,11.0,3.0,2.0,71.0,0,0,99.61,100.24339999999991
3/15/2019,100.17,2.52,3.0,2019.0,1.0,11.0,3.0,5.0,74.0,0,0,100.17,100.23099999999994
3/19/2019,100.66,2.5,3.0,2019.0,1.0,12.0,4.0,2.0,78.0,0,0,100.66,100.50659999999999
3/20/2019,100.85,2.47,3.0,2019.0,1.0,12.0,4.0,3.0,79.0,0,0,100.85,100.77030000000002
3/22/2019,100.78,2.45,3.0,2019.0,1.0,12.0,4.0,5.0,81.0,0,0,100.78,100.79250000000003
3/27/2019,100.96,2.4,3.0,2019.0,1.0,13.0,5.0,3.0,86.0,0,0,100.96,100.87919999999997
4/1/2019,100.78,2.41,4.0,2019.0,2.0,14.0,1.0,1.0,91.0,0,0,100.78,100.78379999999996
4/4/2019,100.8,2.41,4.0,2019.0,2.0,14.0,1.0,4.0,94.0,0,0,100.8,100.84509999999986
4/11/2019,101.09,2.44,4.0,2019.0,2.0,15.0,2.0,4.0,101.0,0,0,101.09,100.873
4/16/2019,101.0,2.45,4.0,2019.0,2.0,16.0,3.0,2.0,106.0,0,0,101.0,100.9403999999999
4/17/2019,101.06,2.44,4.0,2019.0,2.0,16.0,3.0,3.0,107.0,0,0,101.06,100.97479999999992
5/10/2019,101.13,2.36,5.0,2019.0,2.0,19.0,2.0,5.0,130.0,0,0,101.13,100.76579999999996
5/13/2019,101.07,2.32,5.0,2019.0,2.0,20.0,3.0,1.0,133.0,0,0,101.07,100.87379999999996
5/16/2019,101.11,2.33,5.0,2019.0,2.0,20.0,3.0,4.0,136.0,0,0,101.11,100.50320000000009
5/17/2019,101.12,2.33,5.0,2019.0,2.0,20.0,3.0,5.0,137.0,0,0,101.12,100.4550000000001
5/21/2019,101.11,2.36,5.0,2019.0,2.0,21.0,4.0,2.0,141.0,0,0,101.11,100.729
5/31/2019,101.36,2.21,5.0,2019.0,2.0,22.0,5.0,5.0,151.0,0,0,101.36,101.39279999999987
6/4/2019,101.28,2.11,6.0,2019.0,2.0,23.0,2.0,2.0,155.0,0,0,101.28,101.16260000000004
6/14/2019,101.55,2.0,6.0,2019.0,2.0,24.0,3.0,5.0,165.0,0,0,101.55,101.3758
7/3/2019,103.0,1.91,7.0,2019.0,3.0,27.0,1.0,3.0,184.0,0,0,103.0,102.56580000000002
7/5/2019,102.63,1.98,7.0,2019.0,3.0,27.0,1.0,5.0,186.0,0,0,102.63,102.50729999999996
7/10/2019,102.75,1.93,7.0,2019.0,3.0,28.0,2.0,3.0,191.0,0,0,102.75,102.72439999999999
7/31/2019,104.21,2.0,7.0,2019.0,3.0,31.0,5.0,3.0,212.0,0,0,104.21,104.08769999999986
8/6/2019,103.2,1.8,8.0,2019.0,3.0,32.0,2.0,2.0,218.0,0,0,103.2,103.19580000000008
8/13/2019,103.07,1.86,8.0,2019.0,3.0,33.0,3.0,2.0,225.0,0,0,103.07,103.48969999999997
8/14/2019,103.25,1.79,8.0,2019.0,3.0,33.0,3.0,3.0,226.0,0,0,103.25,103.33319999999996
8/15/2019,103.26,1.72,8.0,2019.0,3.0,33.0,3.0,4.0,227.0,0,0,103.26,103.31720000000004
9/3/2019,103.64,1.72,9.0,2019.0,3.0,36.0,1.0,2.0,246.0,0,0,103.64,103.78130000000002
9/4/2019,103.82,1.69,9.0,2019.0,3.0,36.0,1.0,3.0,247.0,0,0,103.82,103.77570000000003
9/5/2019,103.82,1.73,9.0,2019.0,3.0,36.0,1.0,4.0,248.0,0,0,103.82,103.80409999999998
9/16/2019,103.77,1.86,9.0,2019.0,3.0,38.0,3.0,1.0,259.0,0,0,103.77,103.80540000000005
9/23/2019,103.83,1.81,9.0,2019.0,3.0,39.0,4.0,1.0,266.0,0,0,103.83,103.82989999999994
10/1/2019,103.86,1.73,10.0,2019.0,4.0,40.0,1.0,2.0,274.0,0,0,103.86,103.85500000000002
10/4/2019,103.81,1.58,10.0,2019.0,4.0,40.0,1.0,5.0,277.0,0,0,103.81,103.78809999999994
10/15/2019,103.79,1.65,10.0,2019.0,4.0,42.0,3.0,2.0,288.0,0,0,103.79,103.7234
10/30/2019,103.41,1.59,10.0,2019.0,4.0,44.0,5.0,3.0,303.0,0,0,103.41,103.50450000000012
11/7/2019,102.95,1.58,11.0,2019.0,4.0,45.0,2.0,4.0,311.0,0,0,102.95,103.05749999999998
11/15/2019,102.08,1.54,11.0,2019.0,4.0,46.0,3.0,5.0,319.0,0,0,102.08,102.0703000000001
11/19/2019,101.93,1.54,11.0,2019.0,4.0,47.0,4.0,2.0,323.0,0,0,101.93,101.84399999999997
11/20/2019,101.8,1.54,11.0,2019.0,4.0,47.0,4.0,3.0,324.0,0,0,101.8,101.7140999999999
11/22/2019,101.36,1.56,11.0,2019.0,4.0,47.0,4.0,5.0,326.0,0,0,101.36,101.99689999999991
12/3/2019,102.61,1.57,12.0,2019.0,4.0,49.0,1.0,2.0,337.0,0,0,102.61,102.14070000000001
12/6/2019,101.75,1.57,12.0,2019.0,4.0,49.0,1.0,5.0,340.0,0,0,101.75,102.24640000000004
12/10/2019,101.42,1.56,12.0,2019.0,4.0,50.0,2.0,2.0,344.0,0,0,101.42,101.78020000000001
12/13/2019,101.67,1.54,12.0,2019.0,4.0,50.0,2.0,5.0,347.0,0,0,101.67,101.6235
12/20/2019,100.71,1.52,12.0,2019.0,4.0,51.0,3.0,5.0,354.0,0,0,100.71,101.21899999999991
12/23/2019,100.7,1.53,12.0,2019.0,4.0,52.0,4.0,1.0,357.0,0,0,100.7,101.09569999999992
1/3/2020,100.96,1.55,1.0,2020.0,1.0,1.0,1.0,5.0,3.0,0,1,100.96,101.25880000000005
1/16/2020,101.38,1.54,1.0,2020.0,1.0,3.0,3.0,4.0,16.0,0,1,101.38,101.26789999999994
1/21/2020,101.1,1.54,1.0,2020.0,1.0,4.0,4.0,2.0,21.0,0,1,101.1,101.01030000000003
1/24/2020,100.86,1.55,1.0,2020.0,1.0,4.0,4.0,5.0,24.0,0,1,100.86,100.90750000000008
1/27/2020,100.88,1.53,1.0,2020.0,1.0,5.0,5.0,1.0,27.0,0,1,100.88,100.88739999999996
1/28/2020,100.87,1.53,1.0,2020.0,1.0,5.0,5.0,2.0,28.0,0,1,100.87,100.88569999999996
2/3/2020,100.44,1.46,2.0,2020.0,1.0,6.0,2.0,1.0,34.0,0,1,100.44,100.46899999999994
2/19/2020,101.08,1.47,2.0,2020.0,1.0,8.0,4.0,3.0,50.0,0,1,101.08,100.99680000000004
2/25/2020,101.15,1.3,2.0,2020.0,1.0,9.0,5.0,2.0,56.0,0,1,101.15,101.19669999999984
2/27/2020,100.93,1.18,2.0,2020.0,1.0,9.0,5.0,4.0,58.0,0,1,100.93,101.1702999999999
2/28/2020,100.98,0.97,2.0,2020.0,1.0,9.0,5.0,5.0,59.0,0,1,100.98,101.15549999999992
3/12/2020,102.47,0.39,3.0,2020.0,1.0,11.0,2.0,4.0,72.0,0,1,102.47,102.70720000000004
3/20/2020,105.1,0.15,3.0,2020.0,1.0,12.0,3.0,5.0,80.0,0,1,105.1,104.30519999999996
3/27/2020,105.11,0.11,3.0,2020.0,1.0,13.0,4.0,5.0,87.0,0,1,105.11,106.27680000000008
4/3/2020,105.67,0.15,4.0,2020.0,2.0,14.0,1.0,5.0,94.0,0,1,105.67,105.3741
4/7/2020,106.18,0.2,4.0,2020.0,2.0,15.0,2.0,2.0,98.0,0,1,106.18,106.00199999999988
4/9/2020,106.0,0.25,4.0,2020.0,2.0,15.0,2.0,4.0,100.0,0,1,106.0,106.1481999999999
4/20/2020,106.79,0.15,4.0,2020.0,2.0,17.0,4.0,1.0,111.0,0,1,106.79,106.8658999999999
5/7/2020,106.08,0.15,5.0,2020.0,2.0,19.0,2.0,4.0,128.0,0,1,106.08,106.38560000000007
5/11/2020,106.03,0.16,5.0,2020.0,2.0,20.0,3.0,1.0,132.0,0,1,106.03,106.39700000000005
5/13/2020,106.53,0.15,5.0,2020.0,2.0,20.0,3.0,3.0,134.0,0,1,106.53,106.40730000000005
6/16/2020,106.49,0.18,6.0,2020.0,2.0,25.0,3.0,2.0,168.0,0,1,106.49,106.4289
6/23/2020,106.42,0.18,6.0,2020.0,2.0,26.0,4.0,2.0,175.0,0,1,106.42,106.48530000000002
6/24/2020,106.37,0.17,6.0,2020.0,2.0,26.0,4.0,3.0,176.0,0,1,106.37,106.51689999999999
6/25/2020,106.4,0.17,6.0,2020.0,2.0,26.0,4.0,4.0,177.0,0,1,106.4,106.52180000000003
6/26/2020,106.51,0.17,6.0,2020.0,2.0,26.0,4.0,5.0,178.0,0,1,106.51,106.52160000000003
7/14/2020,107.15,0.17,7.0,2020.0,3.0,29.0,3.0,2.0,196.0,0,1,107.15,107.09599999999999
7/22/2020,107.88,0.14,7.0,2020.0,3.0,30.0,4.0,3.0,204.0,0,1,107.88,107.59380000000014
7/23/2020,108.13,0.14,7.0,2020.0,3.0,30.0,4.0,4.0,205.0,0,1,108.13,107.76990000000012
7/27/2020,107.79,0.14,7.0,2020.0,3.0,31.0,5.0,1.0,209.0,0,1,107.79,107.7298999999999
8/4/2020,107.82,0.14,8.0,2020.0,3.0,32.0,2.0,2.0,217.0,0,1,107.82,107.80999999999993
8/20/2020,108.56,0.12,8.0,2020.0,3.0,34.0,4.0,4.0,233.0,0,1,108.56,108.30790000000006
8/27/2020,108.15,0.13,8.0,2020.0,3.0,35.0,5.0,4.0,240.0,0,1,108.15,108.09070000000015
8/28/2020,108.22,0.12,8.0,2020.0,3.0,35.0,5.0,5.0,241.0,0,1,108.22,108.10530000000013
9/3/2020,108.3,0.12,9.0,2020.0,3.0,36.0,1.0,4.0,247.0,0,1,108.3,108.25080000000008
9/9/2020,108.37,0.14,9.0,2020.0,3.0,37.0,2.0,3.0,253.0,0,1,108.37,108.42190000000001
9/10/2020,108.4,0.15,9.0,2020.0,3.0,37.0,2.0,4.0,254.0,0,1,108.4,108.58110000000005
9/14/2020,108.5,0.14,9.0,2020.0,3.0,38.0,3.0,1.0,258.0,0,1,108.5,108.56209999999999
9/22/2020,108.36,0.12,9.0,2020.0,3.0,39.0,4.0,2.0,266.0,0,1,108.36,108.46109999999986
9/23/2020,108.42,0.13,9.0,2020.0,3.0,39.0,4.0,3.0,267.0,0,1,108.42,108.4627999999999
9/24/2020,108.41,0.12,9.0,2020.0,3.0,39.0,4.0,4.0,268.0,0,1,108.41,108.45669999999991
9/28/2020,108.48,0.12,9.0,2020.0,3.0,40.0,5.0,1.0,272.0,0,1,108.48,108.48129999999986
10/13/2020,108.55,0.13,10.0,2020.0,4.0,42.0,3.0,2.0,287.0,0,1,108.55,108.57790000000008
10/16/2020,108.62,0.12,10.0,2020.0,4.0,42.0,3.0,5.0,290.0,0,1,108.62,108.61630000000005
10/19/2020,108.68,0.13,10.0,2020.0,4.0,43.0,4.0,1.0,293.0,0,1,108.68,108.7076
10/22/2020,108.75,0.13,10.0,2020.0,4.0,43.0,4.0,4.0,296.0,0,1,108.75,108.73500000000006
10/29/2020,108.83,0.12,10.0,2020.0,4.0,44.0,5.0,4.0,303.0,0,1,108.83,108.83270000000007
10/30/2020,108.82,0.13,10.0,2020.0,4.0,44.0,5.0,5.0,304.0,0,1,108.82,108.87650000000006
11/5/2020,108.87,0.12,11.0,2020.0,4.0,45.0,1.0,4.0,310.0,0,1,108.87,108.85600000000004
11/6/2020,108.91,0.12,11.0,2020.0,4.0,45.0,1.0,5.0,311.0,0,1,108.91,108.90310000000001
11/12/2020,109.03,0.13,11.0,2020.0,4.0,46.0,2.0,4.0,317.0,0,1,109.03,109.04650000000007
11/18/2020,109.26,0.11,11.0,2020.0,4.0,47.0,3.0,3.0,323.0,0,1,109.26,109.62379999999997
11/19/2020,109.32,0.11,11.0,2020.0,4.0,47.0,3.0,4.0,324.0,0,1,109.32,109.64630000000001
11/20/2020,109.39,0.11,11.0,2020.0,4.0,47.0,3.0,5.0,325.0,0,1,109.39,109.71739999999996
11/30/2020,110.05,0.11,11.0,2020.0,4.0,49.0,5.0,1.0,335.0,0,1,110.05,109.75150000000009
12/1/2020,110.07,0.12,12.0,2020.0,4.0,49.0,1.0,2.0,336.0,0,1,110.07,109.69259999999997
12/15/2020,111.56,0.09,12.0,2020.0,4.0,51.0,3.0,2.0,350.0,0,1,111.56,111.45260000000007
12/16/2020,111.59,0.09,12.0,2020.0,4.0,51.0,3.0,3.0,351.0,0,1,111.59,111.41580000000008
12/18/2020,111.57,0.09,12.0,2020.0,4.0,51.0,3.0,5.0,353.0,0,1,111.57,111.44630000000005
12/29/2020,108.77,0.11,12.0,2020.0,4.0,53.0,5.0,2.0,364.0,0,1,108.77,109.03030000000021
1/12/2021,109.55,0.11,1.0,2021.0,1.0,3.0,3.0,2.0,12.0,0,0,109.55,109.65579999999996
1/13/2021,109.67,0.12,1.0,2021.0,1.0,3.0,3.0,3.0,13.0,0,0,109.67,110.3483000000001
1/20/2021,110.18,0.1,1.0,2021.0,1.0,4.0,4.0,3.0,20.0,0,0,110.18,110.10270000000017
1/22/2021,109.81,0.1,1.0,2021.0,1.0,4.0,4.0,5.0,22.0,0,0,109.81,110.1140000000001
1/28/2021,110.15,0.08,1.0,2021.0,1.0,5.0,5.0,4.0,28.0,0,0,110.15,110.05520000000006
1/29/2021,110.14,0.1,1.0,2021.0,1.0,5.0,5.0,5.0,29.0,0,0,110.14,110.08640000000008
2/3/2021,110.01,0.08,2.0,2021.0,1.0,6.0,1.0,3.0,34.0,0,0,110.01,110.05809999999992
2/18/2021,109.55,0.06,2.0,2021.0,1.0,8.0,3.0,4.0,49.0,0,0,109.55,109.48989999999995
2/25/2021,109.77,0.09,2.0,2021.0,1.0,9.0,4.0,4.0,56.0,0,0,109.77,109.74230000000003
3/1/2021,109.8,0.08,3.0,2021.0,1.0,10.0,1.0,1.0,60.0,0,0,109.8,109.78329999999993
3/2/2021,109.8,0.08,3.0,2021.0,1.0,10.0,1.0,2.0,61.0,0,0,109.8,109.78339999999993
3/12/2021,109.65,0.09,3.0,2021.0,1.0,11.0,2.0,5.0,71.0,0,0,109.65,109.65289999999983
3/30/2021,109.72,0.06,3.0,2021.0,1.0,14.0,5.0,2.0,89.0,0,0,109.72,109.69780000000009
4/13/2021,107.1,0.06,4.0,2021.0,2.0,16.0,3.0,2.0,103.0,0,0,107.1,107.25860000000013
4/14/2021,106.9,0.06,4.0,2021.0,2.0,16.0,3.0,3.0,104.0,0,0,106.9,107.09580000000005
4/22/2021,108.42,0.06,4.0,2021.0,2.0,17.0,4.0,4.0,112.0,0,0,108.42,107.77200000000008
4/28/2021,107.85,0.05,4.0,2021.0,2.0,18.0,5.0,3.0,118.0,0,0,107.85,107.96220000000015
5/10/2021,106.74,0.05,5.0,2021.0,2.0,20.0,3.0,1.0,130.0,0,0,106.74,106.86670000000015
5/17/2021,107.17,0.06,5.0,2021.0,2.0,21.0,4.0,1.0,137.0,0,0,107.17,107.48120000000009
5/21/2021,108.23,0.04,5.0,2021.0,2.0,21.0,4.0,5.0,141.0,0,0,108.23,107.67130000000009
6/3/2021,107.73,0.04,6.0,2021.0,2.0,23.0,1.0,4.0,154.0,0,0,107.73,107.68669999999995
6/9/2021,107.95,0.05,6.0,2021.0,2.0,24.0,2.0,3.0,160.0,0,0,107.95,107.87379999999985
6/18/2021,107.8,0.09,6.0,2021.0,2.0,25.0,3.0,5.0,169.0,0,0,107.8,107.8143
7/2/2021,107.95,0.08,7.0,2021.0,3.0,27.0,1.0,5.0,183.0,0,0,107.95,107.93850000000008
7/23/2021,108.2,0.07,7.0,2021.0,3.0,30.0,4.0,5.0,204.0,0,0,108.2,108.23940000000007
8/2/2021,108.63,0.07,8.0,2021.0,3.0,32.0,1.0,1.0,214.0,0,0,108.63,108.61760000000002
8/4/2021,108.65,0.07,8.0,2021.0,3.0,32.0,1.0,3.0,216.0,0,0,108.65,108.62610000000002
8/6/2021,108.72,0.09,8.0,2021.0,3.0,32.0,1.0,5.0,218.0,0,0,108.72,108.64480000000003
8/12/2021,109.14,0.09,8.0,2021.0,3.0,33.0,2.0,4.0,224.0,0,0,109.14,109.0362000000002
8/26/2021,109.71,0.07,8.0,2021.0,3.0,35.0,4.0,4.0,238.0,0,0,109.71,109.66219999999997
9/1/2021,109.89,0.07,9.0,2021.0,3.0,36.0,1.0,3.0,244.0,0,0,109.89,109.91720000000007
9/3/2021,109.99,0.08,9.0,2021.0,3.0,36.0,1.0,5.0,246.0,0,0,109.99,109.9373000000001
9/10/2021,109.87,0.08,9.0,2021.0,3.0,37.0,2.0,5.0,253.0,0,0,109.87,110.07310000000008
9/14/2021,109.85,0.07,9.0,2021.0,3.0,38.0,3.0,2.0,257.0,0,0,109.85,109.93260000000005
9/16/2021,110.03,0.07,9.0,2021.0,3.0,38.0,3.0,4.0,259.0,0,0,110.03,109.99410000000009
10/7/2021,110.69,0.1,10.0,2021.0,4.0,41.0,2.0,4.0,280.0,0,0,110.69,110.62320000000004
10/12/2021,110.74,0.1,10.0,2021.0,4.0,42.0,3.0,2.0,285.0,0,0,110.74,110.74010000000015
10/14/2021,110.81,0.1,10.0,2021.0,4.0,42.0,3.0,4.0,287.0,0,0,110.81,110.73070000000013
11/2/2021,111.29,0.15,11.0,2021.0,4.0,45.0,1.0,2.0,306.0,0,0,111.29,111.30029999999988
11/4/2021,111.44,0.14,11.0,2021.0,4.0,45.0,1.0,4.0,308.0,0,0,111.44,111.37489999999991
11/9/2021,111.65,0.14,11.0,2021.0,4.0,46.0,2.0,2.0,313.0,0,0,111.65,111.49299999999998
11/10/2021,111.7,0.17,11.0,2021.0,4.0,46.0,2.0,3.0,314.0,0,0,111.7,111.69800000000001
11/17/2021,112.01,0.18,11.0,2021.0,4.0,47.0,3.0,3.0,321.0,0,0,112.01,111.99069999999996
11/19/2021,112.18,0.18,11.0,2021.0,4.0,47.0,3.0,5.0,323.0,0,0,112.18,112.01890000000003
11/23/2021,112.29,0.21,11.0,2021.0,4.0,48.0,4.0,2.0,327.0,0,0,112.29,112.29169999999998
12/2/2021,112.56,0.27,12.0,2021.0,4.0,49.0,1.0,4.0,336.0,0,0,112.56,112.66999999999996
12/6/2021,112.67,0.28,12.0,2021.0,4.0,50.0,2.0,1.0,340.0,0,0,112.67,112.76369999999984
12/8/2021,112.81,0.29,12.0,2021.0,4.0,50.0,2.0,3.0,342.0,0,0,112.81,112.79669999999989
12/14/2021,112.91,0.26,12.0,2021.0,4.0,51.0,3.0,2.0,348.0,0,0,112.91,112.88229999999989
12/20/2021,113.03,0.27,12.0,2021.0,4.0,52.0,4.0,1.0,354.0,0,0,113.03,113.02500000000002
1/5/2022,113.17,0.41,1.0,2022.0,1.0,2.0,2.0,3.0,5.0,1,0,113.17,113.16729999999993
1/14/2022,113.37,0.51,1.0,2022.0,1.0,3.0,3.0,5.0,14.0,1,0,113.37,113.30849999999995
1/24/2022,113.53,0.58,1.0,2022.0,1.0,5.0,5.0,1.0,24.0,1,0,113.53,113.46809999999999
1/25/2022,113.54,0.65,1.0,2022.0,1.0,5.0,5.0,2.0,25.0,1,0,113.54,113.45249999999989
1/31/2022,113.57,0.78,1.0,2022.0,1.0,6.0,6.0,1.0,31.0,1,0,113.57,112.21489999999994
2/2/2022,113.58,0.76,2.0,2022.0,1.0,6.0,1.0,3.0,33.0,1,0,113.58,113.28389999999997
2/9/2022,113.63,0.91,2.0,2022.0,1.0,7.0,2.0,3.0,40.0,1,0,113.63,110.84450000000004
2/16/2022,113.64,1.09,2.0,2022.0,1.0,8.0,3.0,3.0,47.0,1,0,113.64,113.63629999999986
2/22/2022,113.69,1.17,2.0,2022.0,1.0,9.0,4.0,2.0,53.0,1,0,113.69,113.76629999999986
3/14/2022,114.19,1.28,3.0,2022.0,1.0,12.0,3.0,1.0,73.0,1,0,114.19,114.23619999999984
3/16/2022,114.29,1.35,3.0,2022.0,1.0,12.0,3.0,3.0,75.0,1,0,114.29,114.3100999999998
3/17/2022,114.31,1.3,3.0,2022.0,1.0,12.0,3.0,4.0,76.0,1,0,114.31,114.20339999999986
3/22/2022,114.44,1.59,3.0,2022.0,1.0,13.0,4.0,2.0,81.0,1,0,114.44,114.56690000000002
3/23/2022,114.5,1.52,3.0,2022.0,1.0,13.0,4.0,3.0,82.0,1,0,114.5,114.57160000000007
3/31/2022,114.95,1.63,3.0,2022.0,1.0,14.0,5.0,4.0,90.0,1,0,114.95,112.9457000000001
4/1/2022,115.0,1.72,4.0,2022.0,2.0,14.0,1.0,5.0,91.0,1,0,115.0,113.76990000000012
4/5/2022,115.1,1.77,4.0,2022.0,2.0,15.0,2.0,2.0,95.0,1,0,115.1,107.04930000000006
4/11/2022,115.33,1.85,4.0,2022.0,2.0,16.0,3.0,1.0,101.0,1,0,115.33,115.24490000000007
4/12/2022,115.38,1.77,4.0,2022.0,2.0,16.0,3.0,2.0,102.0,1,0,115.38,105.17380000000004
4/13/2022,115.41,1.78,4.0,2022.0,2.0,16.0,3.0,3.0,103.0,1,0,115.41,114.2437000000001
4/21/2022,115.54,2.01,4.0,2022.0,2.0,17.0,4.0,4.0,111.0,1,0,115.54,115.57130000000008
4/25/2022,115.65,2.03,4.0,2022.0,2.0,18.0,5.0,1.0,115.0,1,0,115.65,115.72470000000014
5/6/2022,115.9,2.08,5.0,2022.0,2.0,19.0,1.0,5.0,126.0,1,0,115.9,115.8395000000001
5/13/2022,116.12,2.04,5.0,2022.0,2.0,20.0,2.0,5.0,133.0,1,0,116.12,116.08280000000006
5/18/2022,116.32,2.16,5.0,2022.0,2.0,21.0,3.0,3.0,138.0,1,0,116.32,116.29639999999993
5/25/2022,116.58,2.01,5.0,2022.0,2.0,22.0,4.0,3.0,145.0,1,0,116.58,116.53210000000021
5/27/2022,116.69,2.01,5.0,2022.0,2.0,22.0,4.0,5.0,147.0,1,0,116.69,116.55280000000013
5/31/2022,116.74,2.08,5.0,2022.0,2.0,23.0,5.0,2.0,151.0,1,0,116.74,116.59490000000005
6/3/2022,116.83,2.18,6.0,2022.0,2.0,23.0,1.0,5.0,154.0,1,0,116.83,116.79070000000006
6/13/2022,117.1,2.89,6.0,2022.0,2.0,25.0,3.0,1.0,164.0,1,0,117.1,117.27930000000006
6/24/2022,117.66,2.83,6.0,2022.0,2.0,26.0,4.0,5.0,175.0,1,0,117.66,117.51999999999998
7/12/2022,118.13,3.07,7.0,2022.0,3.0,29.0,3.0,2.0,193.0,1,0,118.13,118.22840000000011
7/13/2022,118.18,3.21,7.0,2022.0,3.0,29.0,3.0,3.0,194.0,1,0,118.18,118.24880000000006
7/14/2022,118.23,3.16,7.0,2022.0,3.0,29.0,3.0,4.0,195.0,1,0,118.23,118.2288000000001
7/19/2022,118.39,3.18,7.0,2022.0,3.0,30.0,4.0,2.0,200.0,1,0,118.39,118.4101
7/22/2022,118.57,3.01,7.0,2022.0,3.0,30.0,4.0,5.0,203.0,1,0,118.57,118.45110000000011
7/26/2022,118.66,3.06,7.0,2022.0,3.0,31.0,5.0,2.0,207.0,1,0,118.66,118.69460000000002
7/27/2022,118.72,3.0,7.0,2022.0,3.0,31.0,5.0,3.0,208.0,1,0,118.72,118.74520000000005
8/12/2022,119.31,3.26,8.0,2022.0,3.0,33.0,2.0,5.0,224.0,1,0,119.31,119.2166999999999
8/22/2022,119.63,3.32,8.0,2022.0,3.0,35.0,4.0,1.0,234.0,1,0,119.63,119.75899999999994
8/29/2022,119.93,3.43,8.0,2022.0,3.0,36.0,5.0,1.0,241.0,1,0,119.93,120.0110000000001
8/30/2022,119.98,3.48,8.0,2022.0,3.0,36.0,5.0,2.0,242.0,1,0,119.98,120.01850000000012
9/8/2022,120.28,3.6,9.0,2022.0,3.0,37.0,2.0,4.0,251.0,1,0,120.28,120.25000000000006
9/20/2022,120.46,4.03,9.0,2022.0,3.0,39.0,4.0,2.0,263.0,1,0,120.46,120.4567000000001
9/22/2022,120.54,4.08,9.0,2022.0,3.0,39.0,4.0,4.0,265.0,1,0,120.54,120.50269999999996
9/26/2022,120.6,4.17,9.0,2022.0,3.0,40.0,5.0,1.0,269.0,1,0,120.6,120.6811
9/27/2022,120.62,4.16,9.0,2022.0,3.0,40.0,5.0,2.0,270.0,1,0,120.62,120.69890000000001
10/4/2022,120.79,4.15,10.0,2022.0,4.0,41.0,2.0,2.0,277.0,1,0,120.79,120.79370000000006
10/7/2022,120.85,4.24,10.0,2022.0,4.0,41.0,2.0,5.0,280.0,1,0,120.85,120.83399999999992
10/17/2022,121.03,4.5,10.0,2022.0,4.0,43.0,4.0,1.0,290.0,1,0,121.03,121.07689999999997
10/18/2022,121.07,4.5,10.0,2022.0,4.0,43.0,4.0,2.0,291.0,1,0,121.07,121.08409999999995
10/26/2022,121.23,4.54,10.0,2022.0,4.0,44.0,5.0,3.0,299.0,1,0,121.23,121.18160000000006
11/3/2022,121.45,4.78,11.0,2022.0,4.0,45.0,1.0,4.0,307.0,1,0,121.45,125.56219999999993
11/7/2022,121.54,4.8,11.0,2022.0,4.0,46.0,2.0,1.0,311.0,1,0,121.54,140.9974000000001
11/9/2022,121.67,4.75,11.0,2022.0,4.0,46.0,2.0,3.0,313.0,1,0,121.67,121.68759999999995
11/14/2022,121.83,4.63,11.0,2022.0,4.0,47.0,3.0,1.0,318.0,1,0,121.83,121.9156999999999
11/22/2022,122.13,4.79,11.0,2022.0,4.0,48.0,4.0,2.0,326.0,1,0,122.13,139.03439999999995
11/25/2022,122.28,4.76,11.0,2022.0,4.0,48.0,4.0,5.0,329.0,1,0,122.28,122.14630000000005
12/13/2022,122.84,4.64,12.0,2022.0,4.0,51.0,3.0,2.0,347.0,1,0,122.84,122.91869999999989
12/22/2022,123.16,4.64,12.0,2022.0,4.0,52.0,4.0,4.0,356.0,1,0,123.16,123.09589999999999
12/23/2022,123.21,4.66,12.0,2022.0,4.0,52.0,4.0,5.0,357.0,1,0,123.21,123.09339999999999
1/6/2023,123.55,4.71,1.0,2023.0,1.0,1.0,1.0,5.0,6.0,0,0,123.55,124.36917000000001
1/10/2023,123.65,4.74,1.0,2023.0,1.0,2.0,2.0,2.0,10.0,0,0,123.65,126.96854999999998
1/12/2023,123.78,4.66,1.0,2023.0,1.0,2.0,2.0,4.0,12.0,0,0,123.78,126.87287500000002
1/23/2023,124.13,4.7,1.0,2023.0,1.0,4.0,4.0,1.0,23.0,0,0,124.13,128.651225
1/24/2023,124.17,4.7,1.0,2023.0,1.0,4.0,4.0,2.0,24.0,0,0,124.17,128.45582500000003
1/26/2023,124.3,4.68,1.0,2023.0,1.0,4.0,4.0,4.0,26.0,0,0,124.3,124.2551000000001
2/2/2023,124.52,4.64,2.0,2023.0,1.0,5.0,1.0,4.0,33.0,0,0,124.52,128.1765577499999
2/21/2023,125.94,5.07,2.0,2023.0,1.0,8.0,4.0,2.0,52.0,0,0,125.94,126.40845000000009
3/1/2023,127.08,5.06,3.0,2023.0,1.0,9.0,1.0,3.0,60.0,0,0,127.08,127.68265000000018
3/2/2023,127.29,5.04,3.0,2023.0,1.0,9.0,1.0,4.0,61.0,0,0,127.29,127.60462500000021
3/6/2023,127.76,5.05,3.0,2023.0,1.0,10.0,2.0,1.0,65.0,0,0,127.76,128.23202050000017
3/8/2023,128.36,5.25,3.0,2023.0,1.0,10.0,2.0,3.0,67.0,0,0,128.36,138.27629999999985
3/10/2023,128.89,4.9,3.0,2023.0,1.0,10.0,2.0,5.0,69.0,0,0,128.89,129.93100000000004
3/13/2023,129.24,4.3,3.0,2023.0,1.0,11.0,3.0,1.0,72.0,0,0,129.24,129.6369407500001
3/15/2023,129.59,4.19,3.0,2023.0,1.0,11.0,3.0,3.0,74.0,0,0,129.59,129.46671050000006
3/20/2023,130.01,4.34,3.0,2023.0,1.0,12.0,4.0,1.0,79.0,0,0,130.01,130.23820000000012
3/27/2023,131.4,4.51,3.0,2023.0,1.0,13.0,5.0,1.0,86.0,0,0,131.4,131.61530000000016
3/28/2023,131.53,4.55,3.0,2023.0,1.0,13.0,5.0,2.0,87.0,0,0,131.53,131.64660000000015
3/30/2023,132.13,4.63,3.0,2023.0,1.0,13.0,5.0,4.0,89.0,0,0,132.13,130.46840000000012
4/11/2023,133.59,4.67,4.0,2023.0,2.0,15.0,3.0,2.0,101.0,0,0,133.59,131.24589999999986
4/13/2023,133.95,4.66,4.0,2023.0,2.0,15.0,3.0,4.0,103.0,0,0,133.95,131.25939999999983
4/14/2023,134.35,4.77,4.0,2023.0,2.0,15.0,3.0,5.0,104.0,0,0,134.35,135.19455
4/19/2023,134.97,4.84,4.0,2023.0,2.0,16.0,4.0,3.0,109.0,0,0,134.97,135.1248999999999
4/25/2023,135.48,4.6,4.0,2023.0,2.0,17.0,5.0,2.0,115.0,0,0,135.48,133.85469999999998
5/4/2023,136.26,4.59,5.0,2023.0,2.0,18.0,1.0,4.0,124.0,0,0,136.26,134.31889999999993
5/8/2023,136.47,4.79,5.0,2023.0,2.0,19.0,2.0,1.0,128.0,0,0,136.47,136.3141637500001
5/23/2023,137.76,5.06,5.0,2023.0,2.0,21.0,4.0,2.0,143.0,0,0,137.76,136.8273499999999
5/24/2023,137.96,5.12,5.0,2023.0,2.0,21.0,4.0,3.0,144.0,0,0,137.96,136.7815
6/2/2023,138.61,5.22,6.0,2023.0,2.0,22.0,1.0,5.0,153.0,0,0,138.61,138.0065
6/6/2023,138.87,5.2,6.0,2023.0,2.0,23.0,2.0,2.0,157.0,0,0,138.87,138.50140000000005
6/20/2023,140.12,5.24,6.0,2023.0,2.0,25.0,4.0,2.0,171.0,0,0,140.12,140.1303999999998
6/21/2023,140.2,5.25,6.0,2023.0,2.0,25.0,4.0,3.0,172.0,0,0,140.2,140.17499999999984
6/26/2023,140.44,5.27,6.0,2023.0,2.0,26.0,5.0,1.0,177.0,0,0,140.44,140.35159999999988
6/27/2023,140.44,5.33,6.0,2023.0,2.0,26.0,5.0,2.0,178.0,0,0,140.44,140.485
6/29/2023,140.45,5.41,6.0,2023.0,2.0,26.0,5.0,4.0,180.0,0,0,140.45,140.53040000000013
7/12/2023,141.21,5.35,7.0,2023.0,3.0,28.0,3.0,3.0,193.0,0,0,141.21,141.12599999999998
7/27/2023,142.2,5.4,7.0,2023.0,3.0,30.0,5.0,4.0,208.0,0,0,142.2,142.05760000000018
8/3/2023,142.78,5.37,8.0,2023.0,3.0,31.0,1.0,4.0,215.0,0,0,142.78,142.61279999999996
8/4/2023,142.89,5.33,8.0,2023.0,3.0,31.0,1.0,5.0,216.0,0,0,142.89,142.66379999999992
8/7/2023,142.99,5.3,8.0,2023.0,3.0,32.0,2.0,1.0,219.0,0,0,142.99,143.20460000000026
8/14/2023,143.61,5.37,8.0,2023.0,3.0,33.0,3.0,1.0,226.0,0,0,143.61,143.78930000000014
8/16/2023,143.91,5.37,8.0,2023.0,3.0,33.0,3.0,3.0,228.0,0,0,143.91,143.8822000000002
8/22/2023,144.41,5.39,8.0,2023.0,3.0,34.0,4.0,2.0,234.0,0,0,144.41,144.46099999999987
8/24/2023,144.72,5.39,8.0,2023.0,3.0,34.0,4.0,4.0,236.0,0,0,144.72,144.61559999999994
8/30/2023,145.26,5.39,8.0,2023.0,3.0,35.0,5.0,3.0,242.0,0,0,145.26,145.09669999999986
8/31/2023,145.41,5.37,8.0,2023.0,3.0,35.0,5.0,4.0,243.0,0,0,145.41,145.1514999999999
9/8/2023,146.14,5.42,9.0,2023.0,3.0,36.0,2.0,5.0,251.0,0,0,146.14,145.88260000000014
9/12/2023,146.36,5.42,9.0,2023.0,3.0,37.0,3.0,2.0,255.0,0,0,146.36,146.3232999999999
9/14/2023,146.66,5.42,9.0,2023.0,3.0,37.0,3.0,4.0,257.0,0,0,146.66,146.44029999999984
9/15/2023,146.79,5.43,9.0,2023.0,3.0,37.0,3.0,5.0,258.0,0,0,146.79,146.46339999999984
9/21/2023,147.26,5.46,9.0,2023.0,3.0,38.0,4.0,4.0,264.0,0,0,147.26,147.0334999999999
9/22/2023,147.36,5.46,9.0,2023.0,3.0,38.0,4.0,5.0,265.0,0,0,147.36,147.0610999999999
9/28/2023,147.94,5.46,9.0,2023.0,3.0,39.0,5.0,4.0,271.0,0,0,147.94,147.80419999999992
10/19/2023,149.79,5.44,10.0,2023.0,4.0,42.0,3.0,4.0,292.0,0,0,149.79,149.44980000000004
10/27/2023,150.36,5.39,10.0,2023.0,4.0,43.0,4.0,5.0,300.0,0,0,150.36,150.2222000000002
11/9/2023,151.53,5.39,11.0,2023.0,4.0,45.0,2.0,4.0,313.0,0,0,151.53,151.32159999999993
11/17/2023,152.23,5.24,11.0,2023.0,4.0,46.0,3.0,5.0,321.0,0,0,152.23,152.00840000000014
11/28/2023,152.97,5.21,11.0,2023.0,4.0,48.0,5.0,2.0,332.0,0,0,152.97,152.3758999999998
12/11/2023,153.34,5.14,12.0,2023.0,4.0,50.0,3.0,1.0,345.0,0,0,153.34,153.33910000000012
12/18/2023,153.78,4.95,12.0,2023.0,4.0,51.0,4.0,1.0,352.0,0,0,153.78,154.05329999999992
12/20/2023,154.39,4.88,12.0,2023.0,4.0,51.0,4.0,3.0,354.0,0,0,154.39,154.25509999999994
1/2/2024,157.32,4.8,1.0,2024.0,1.0,1.0,1.0,2.0,2.0,0,1,157.32,156.64390199999988
1/9/2024,156.9375,4.82,1.0,2024.0,1.0,2.0,2.0,2.0,9.0,0,1,156.9375,156.45010399999984
1/11/2024,157.9375,4.75,1.0,2024.0,1.0,2.0,2.0,4.0,11.0,0,1,157.9375,153.15356899999995
1/30/2024,160.875,4.8,1.0,2024.0,1.0,5.0,5.0,2.0,30.0,0,1,160.875,160.42389800000004
2/6/2024,161.01755,4.82,2.0,2024.0,1.0,6.0,2.0,2.0,37.0,0,1,161.01755,156.18097199999994
2/9/2024,159.0,4.86,2.0,2024.0,1.0,6.0,2.0,5.0,40.0,0,1,159.0,149.38953499999982
2/12/2024,159.407725,4.87,2.0,2024.0,1.0,7.0,3.0,1.0,43.0,0,1,159.407725,149.79048499999993
2/14/2024,156.25,4.94,2.0,2024.0,1.0,7.0,3.0,3.0,45.0,0,1,156.25,149.48062074999999
2/16/2024,147.6875,4.98,2.0,2024.0,1.0,7.0,3.0,5.0,47.0,0,1,147.6875,147.52064574999997
2/22/2024,145.0,5.02,2.0,2024.0,1.0,8.0,4.0,4.0,53.0,0,1,145.0,140.94192400000009
3/11/2024,139.858875,4.95,3.0,2024.0,1.0,11.0,3.0,1.0,71.0,0,1,139.858875,139.58773624999992
3/18/2024,135.437075,5.06,3.0,2024.0,1.0,12.0,4.0,1.0,78.0,0,1,135.437075,133.09297674999993
4/1/2024,130.9225,5.06,4.0,2024.0,2.0,14.0,1.0,1.0,92.0,0,1,130.9225,129.4205775000001
4/2/2024,130.5625,5.05,4.0,2024.0,2.0,14.0,1.0,2.0,93.0,0,1,130.5625,129.33297175000004
4/10/2024,129.035,5.19,4.0,2024.0,2.0,15.0,2.0,3.0,101.0,0,1,129.035,129.23870099999993
4/17/2024,130.9375,5.16,4.0,2024.0,2.0,16.0,3.0,3.0,108.0,0,1,130.9375,130.02483599999996
4/22/2024,130.9225,5.16,4.0,2024.0,2.0,17.0,4.0,1.0,113.0,0,1,130.9225,131.629157
4/23/2024,132.9975,5.14,4.0,2024.0,2.0,17.0,4.0,2.0,114.0,0,1,132.9975,131.900522
4/29/2024,132.2402,5.2,4.0,2024.0,2.0,18.0,5.0,1.0,120.0,0,1,132.2402,132.44556525000004
4/30/2024,134.0,5.25,4.0,2024.0,2.0,18.0,5.0,2.0,121.0,0,1,134.0,138.23307499999984
5/8/2024,131.875,5.13,5.0,2024.0,2.0,19.0,2.0,3.0,129.0,0,1,131.875,132.076025
5/14/2024,129.859975,5.16,5.0,2024.0,2.0,20.0,3.0,2.0,135.0,0,1,129.859975,130.04012099999989
5/16/2024,129.1675,5.13,5.0,2024.0,2.0,20.0,3.0,4.0,137.0,0,1,129.1675,129.78795
6/6/2024,129.5,5.08,6.0,2024.0,2.0,23.0,2.0,4.0,158.0,0,1,129.5,130.1184750000001
6/10/2024,130.065,5.16,6.0,2024.0,2.0,24.0,3.0,1.0,162.0,0,1,130.065,129.07843675000012
6/17/2024,128.42,5.11,6.0,2024.0,2.0,25.0,4.0,1.0,169.0,0,1,128.42,128.01484150000005
6/25/2024,127.8925,5.1,6.0,2024.0,2.0,26.0,5.0,2.0,177.0,0,1,127.8925,127.95054625000006
7/2/2024,127.915,5.07,7.0,2024.0,3.0,27.0,1.0,2.0,184.0,0,1,127.915,127.88892449999994
7/8/2024,126.82,4.99,7.0,2024.0,3.0,28.0,2.0,1.0,190.0,0,1,126.82,127.68011599999987
7/9/2024,126.7725,5.02,7.0,2024.0,3.0,28.0,2.0,2.0,191.0,0,1,126.7725,127.70762624999986
7/12/2024,128.1875,4.87,7.0,2024.0,3.0,28.0,2.0,5.0,194.0,0,1,128.1875,127.53254174999996
7/17/2024,127.2575,4.85,7.0,2024.0,3.0,29.0,3.0,3.0,199.0,0,1,127.2575,127.80050249999991
7/19/2024,129.555,4.87,7.0,2024.0,3.0,29.0,3.0,5.0,201.0,0,1,129.555,127.62013549999995
8/19/2024,127.928025,4.48,8.0,2024.0,3.0,34.0,4.0,1.0,232.0,0,1,127.928025,128.53625649999992
8/29/2024,127.8375,4.38,8.0,2024.0,3.0,35.0,5.0,4.0,242.0,0,1,127.8375,127.93248000000011
9/4/2024,127.9025,4.23,9.0,2024.0,3.0,36.0,1.0,3.0,248.0,0,1,127.9025,127.72165000000008
9/9/2024,127.842425,4.12,9.0,2024.0,3.0,37.0,2.0,1.0,253.0,0,1,127.842425,127.89118750000003
9/12/2024,128.065,4.09,9.0,2024.0,3.0,37.0,2.0,4.0,256.0,0,1,128.065,127.94805000000001
9/13/2024,127.94,4.0,9.0,2024.0,3.0,37.0,2.0,5.0,257.0,0,1,127.94,127.97077499999997
9/18/2024,128.175,3.95,9.0,2024.0,3.0,38.0,3.0,3.0,262.0,0,1,128.175,127.84012499999992
9/23/2024,127.819925,3.91,9.0,2024.0,3.0,39.0,4.0,1.0,267.0,0,1,127.819925,127.72699899999998
9/24/2024,127.9575,3.88,9.0,2024.0,3.0,39.0,4.0,2.0,268.0,0,1,127.9575,127.64422500000002
9/26/2024,128.1175,3.96,9.0,2024.0,3.0,39.0,4.0,4.0,270.0,0,1,128.1175,127.94820000000001
9/27/2024,127.9325,3.9,9.0,2024.0,3.0,39.0,4.0,5.0,271.0,0,1,127.9325,127.64320250000003
9/30/2024,127.830475,3.98,9.0,2024.0,3.0,40.0,5.0,1.0,274.0,0,1,127.830475,127.99298499999998
10/3/2024,128.0175,4.02,10.0,2024.0,4.0,40.0,1.0,4.0,277.0,0,1,128.0175,128.0462749999999
10/8/2024,127.9625,4.21,10.0,2024.0,4.0,41.0,2.0,2.0,282.0,0,1,127.9625,128.07000000000005
10/9/2024,128.0625,4.24,10.0,2024.0,4.0,41.0,2.0,3.0,283.0,0,1,128.0625,128.05810000000005
10/10/2024,128.08,4.22,10.0,2024.0,4.0,41.0,2.0,4.0,284.0,0,1,128.08,128.0518000000001
10/15/2024,127.995,4.18,10.0,2024.0,4.0,42.0,3.0,2.0,289.0,0,1,127.995,128.10772500000013
10/21/2024,128.104875,4.24,10.0,2024.0,4.0,43.0,4.0,1.0,295.0,0,1,128.104875,128.06686475000015
10/28/2024,127.952725,4.28,10.0,2024.0,4.0,44.0,5.0,1.0,302.0,0,1,127.952725,127.88477675000014
11/6/2024,127.9975,4.31,11.0,2024.0,4.0,45.0,2.0,3.0,311.0,0,1,127.9975,127.96915699999998
11/25/2024,128.3357,4.37,11.0,2024.0,4.0,48.0,5.0,1.0,330.0,0,1,128.3357,128.42890649999995
11/29/2024,128.685,4.3,11.0,2024.0,4.0,48.0,5.0,5.0,334.0,0,1,128.685,128.52144550000006
12/2/2024,128.5597,4.3,12.0,2024.0,4.0,49.0,1.0,1.0,337.0,0,1,128.5597,128.635839
12/13/2024,128.5825,4.24,12.0,2024.0,4.0,50.0,2.0,5.0,348.0,0,1,128.5825,128.56220000000005
12/16/2024,127.96115,4.24,12.0,2024.0,4.0,51.0,3.0,1.0,351.0,0,1,127.96115,128.2226450000001
12/23/2024,127.73115,4.26,12.0,2024.0,4.0,52.0,4.0,1.0,358.0,0,1,127.73115,128.28100825000018
1/2/2025,128.2275,4.17,1.0,2025.0,1.0,1.0,1.0,4.0,2.0,0,0,128.2275,128.57881350000014
1/7/2025,128.41735,4.19,1.0,2025.0,1.0,2.0,2.0,2.0,7.0,0,0,128.41735,128.1502777500001
1/14/2025,128.42745,4.22,1.0,2025.0,1.0,3.0,3.0,2.0,14.0,0,0,128.42745,128.37267199999997
