Date,Time,Currency,Mean-value,Buy,Sell
2016-10-11,12:00:00 AM,US DOLLAR,101.28,101.19,101.38
2016-10-13,12:00:00 AM,US DOLLAR,101.3,101.2,101.39
2016-10-13,12:00:00 AM,US DOLLAR,101.3,101.2,101.39
2016-10-13,12:00:00 AM,US DOLLAR,101.3,101.2,101.39
2016-10-13,12:00:00 AM,US DOLLAR,101.3,101.2,101.39
2016-10-13,12:00:00 AM,US DOLLAR,101.3,101.2,101.39
2016-10-15,12:00:00 AM,US DOLLAR,101.3,101.2,101.39
2016-10-16,12:00:00 AM,US DOLLAR,101.3,101.2,101.39
2016-10-17,12:00:00 AM,US DOLLAR,101.3,101.2,101.39
2016-10-18,12:00:00 AM,US DOLLAR,101.3,101.2,101.39
2016-10-19,12:00:00 AM,US DOLLAR,101.3,101.2,101.39
2016-10-19,12:00:00 AM,US DOLLAR,101.3,101.2,101.39
2016-11-01,12:00:00 AM,US DOLLAR,101.3,101.2,101.39
2016-11-01,12:00:00 AM,US DOLLAR,101.3,101.2,101.39
2016-11-01,12:00:00 AM,US DOLLAR,101.3,101.2,101.39
2016-11-01,12:00:00 AM,US DOLLAR,101.3,101.2,101.39
2016-11-09,12:00:00 AM,US DOLLAR,101.72,101.62,101.82
2016-11-10,12:00:00 AM,US DOLLAR,101.7,101.6,101.8
2016-11-11,12:00:00 AM,US DOLLAR,101.7,101.61,101.8
2016-11-14,12:00:00 AM,US DOLLAR,101.74,101.64,101.84
2016-11-15,12:00:00 AM,US DOLLAR,101.77,101.67,101.86
2016-11-16,12:00:00 AM,US DOLLAR,101.77,101.67,101.87
2016-11-17,12:00:00 AM,US DOLLAR,101.85,101.75,101.95
2016-11-18,12:00:00 AM,US DOLLAR,101.83,101.73,101.93
2016-11-21,12:00:00 AM,US DOLLAR,101.84,101.75,101.94
2016-11-22,12:00:00 AM,US DOLLAR,101.86,101.76,101.96
2016-11-23,12:00:00 AM,US DOLLAR,101.85,101.75,101.95
2016-11-24,12:00:00 AM,US DOLLAR,101.86,101.76,101.96
2016-11-24,12:00:00 AM,US DOLLAR,101.86,101.76,101.96
2016-11-23,12:00:00 AM,US DOLLAR,101.85,101.75,101.95
2016-11-28,12:00:00 AM,US DOLLAR,101.89,101.79,101.99
2016-11-28,12:00:00 AM,US DOLLAR,101.89,101.79,101.99
2016-11-29,12:00:00 AM,US DOLLAR,101.88,101.78,101.98
2016-11-30,12:00:00 AM,US DOLLAR,101.88,101.78,101.97
2016-12-01,12:00:00 AM,US DOLLAR,101.85,101.75,101.95
2016-12-02,12:00:00 AM,US DOLLAR,101.86,101.76,101.95
2016-12-05,12:00:00 AM,US DOLLAR,101.87,101.77,101.97
2016-12-06,12:00:00 AM,US DOLLAR,101.87,101.77,101.97
2016-12-07,12:00:00 AM,US DOLLAR,101.91,101.81,102.01
2016-12-08,12:00:00 AM,US DOLLAR,101.97,101.88,102.07
2016-12-09,12:00:00 AM,US DOLLAR,101.97,101.87,102.07
2016-12-13,12:00:00 AM,US DOLLAR,102.08,101.98,102.18
2016-12-14,12:00:00 AM,US DOLLAR,102.1,102.0,102.2
2016-12-15,12:00:00 AM,US DOLLAR,102.1,102.0,102.2
2016-12-16,12:00:00 AM,US DOLLAR,102.19,102.09,102.29
2016-12-19,12:00:00 AM,US DOLLAR,102.2,102.1,102.3
2016-12-20,12:00:00 AM,US DOLLAR,102.24,102.14,102.34
2016-12-20,12:00:00 AM,US DOLLAR,102.24,102.14,102.34
2016-12-21,12:00:00 AM,US DOLLAR,102.3,102.21,102.4
2016-12-22,12:00:00 AM,US DOLLAR,102.35,102.25,102.45
2016-12-23,12:00:00 AM,US DOLLAR,102.36,102.26,102.46
2016-12-28,12:00:00 AM,US DOLLAR,102.36,102.26,102.46
2016-12-29,12:00:00 AM,US DOLLAR,102.44,102.34,102.54
2016-12-30,12:00:00 AM,US DOLLAR,102.49,102.39,102.58
2017-01-03,12:00:00 AM,US DOLLAR,102.56,102.46,102.66
2017-01-03,12:00:00 AM,US DOLLAR,102.56,102.46,102.66
2017-01-04,12:00:00 AM,US DOLLAR,102.81,102.72,102.91
2017-01-05,12:00:00 AM,US DOLLAR,103.47,103.37,103.57
2017-01-06,12:00:00 AM,US DOLLAR,103.61,103.51,103.71
2017-01-09,12:00:00 AM,US DOLLAR,103.66,103.56,103.76
2017-01-10,12:00:00 AM,US DOLLAR,103.81,103.71,103.91
2017-01-11,12:00:00 AM,US DOLLAR,103.84,103.74,103.94
2017-01-12,12:00:00 AM,US DOLLAR,103.83,103.73,103.93
2017-01-13,12:00:00 AM,US DOLLAR,103.88,103.78,103.98
2017-01-16,12:00:00 AM,US DOLLAR,103.92,103.79,104.04
2017-01-17,12:00:00 AM,US DOLLAR,103.93,103.83,104.03
2017-01-18,12:00:00 AM,US DOLLAR,103.96,103.86,104.06
2017-01-19,12:00:00 AM,US DOLLAR,103.95,103.85,104.05
2017-01-20,12:00:00 AM,US DOLLAR,103.83,103.73,103.93
2017-01-23,12:00:00 AM,US DOLLAR,103.8,103.7,103.9
2017-01-24,12:00:00 AM,US DOLLAR,103.95,103.85,104.05
2017-01-25,12:00:00 AM,US DOLLAR,103.99,103.89,104.09
2017-01-26,12:00:00 AM,US DOLLAR,104.0,103.9,104.1
2017-01-27,12:00:00 AM,US DOLLAR,103.96,103.86,104.06
2017-01-30,12:00:00 AM,US DOLLAR,103.97,103.87,104.07
2017-01-31,12:00:00 AM,US DOLLAR,103.96,103.86,104.06
2017-02-01,12:00:00 AM,US DOLLAR,103.86,103.76,103.96
2017-02-02,12:00:00 AM,US DOLLAR,103.82,103.72,103.92
2017-02-03,12:00:00 AM,US DOLLAR,103.81,103.71,103.91
2017-02-06,12:00:00 AM,US DOLLAR,103.76,103.66,103.86
2017-02-07,12:00:00 AM,US DOLLAR,103.69,103.59,103.79
2017-02-08,12:00:00 AM,US DOLLAR,103.7,103.6,103.8
2017-02-09,12:00:00 AM,US DOLLAR,103.7,103.6,103.8
2017-02-10,12:00:00 AM,US DOLLAR,103.53,103.43,103.63
2017-02-13,12:00:00 AM,US DOLLAR,103.63,103.53,103.73
2017-02-13,12:00:00 AM,US DOLLAR,103.63,103.53,103.73
2017-02-14,12:00:00 AM,US DOLLAR,103.67,103.57,103.77
2017-02-15,12:00:00 AM,US DOLLAR,103.66,103.56,103.76
2017-02-16,12:00:00 AM,US DOLLAR,103.65,103.55,103.75
2017-02-17,12:00:00 AM,US DOLLAR,103.65,103.55,103.75
2017-02-20,12:00:00 AM,US DOLLAR,103.62,103.52,103.72
2017-02-21,12:00:00 AM,US DOLLAR,103.58,103.48,103.68
2017-02-22,12:00:00 AM,US DOLLAR,103.58,103.48,103.68
2017-02-22,12:00:00 AM,US DOLLAR,103.58,103.48,103.68
2017-02-23,12:00:00 AM,US DOLLAR,103.59,103.49,103.69
2017-02-24,12:00:00 AM,US DOLLAR,103.55,103.45,103.65
2017-02-27,12:00:00 AM,US DOLLAR,103.47,103.37,103.57
2017-02-28,12:00:00 AM,US DOLLAR,103.34,103.24,103.44
2017-03-01,12:00:00 AM,US DOLLAR,102.98,102.88,103.08
2017-03-02,12:00:00 AM,US DOLLAR,102.83,102.73,102.93
2017-03-03,12:00:00 AM,US DOLLAR,102.88,102.78,102.98
2017-03-06,12:00:00 AM,US DOLLAR,102.65,102.55,102.75
2017-03-07,12:00:00 AM,US DOLLAR,102.64,102.54,102.74
2017-03-08,12:00:00 AM,US DOLLAR,102.62,102.52,102.72
2017-03-09,12:00:00 AM,US DOLLAR,102.56,102.46,102.66
2017-03-10,12:00:00 AM,US DOLLAR,102.56,102.46,102.66
2017-03-13,12:00:00 AM,US DOLLAR,102.62,102.52,102.72
2017-03-14,12:00:00 AM,US DOLLAR,102.67,102.57,102.77
2017-03-15,12:00:00 AM,US DOLLAR,102.81,102.71,102.91
2017-03-16,12:00:00 AM,US DOLLAR,102.89,102.79,102.99
2017-03-17,12:00:00 AM,US DOLLAR,103.03,102.93,103.13
2017-03-20,12:00:00 AM,US DOLLAR,103.11,103.01,103.21
2017-03-21,12:00:00 AM,US DOLLAR,103.11,103.01,103.21
2017-03-22,12:00:00 AM,US DOLLAR,103.11,103.01,103.21
2017-03-23,12:00:00 AM,US DOLLAR,102.9,102.8,103.0
2017-03-24,12:00:00 AM,US DOLLAR,102.95,102.85,103.05
2017-03-27,12:00:00 AM,US DOLLAR,102.91,102.81,103.01
2017-03-28,12:00:00 AM,US DOLLAR,102.71,102.91,102.81
2017-03-29,12:00:00 AM,US DOLLAR,102.95,102.85,103.05
2017-03-30,12:00:00 AM,US DOLLAR,103.02,102.92,103.12
2017-03-31,12:00:00 AM,US DOLLAR,103.0,102.9,103.1
2017-04-03,12:00:00 AM,US DOLLAR,103.1,103.0,103.2
2017-04-04,12:00:00 AM,US DOLLAR,103.19,103.09,103.29
2017-04-05,12:00:00 AM,US DOLLAR,103.24,103.14,103.34
2017-04-06,12:00:00 AM,US DOLLAR,103.28,103.18,103.38
2017-04-07,12:00:00 AM,US DOLLAR,103.44,103.34,103.54
2017-04-10,12:00:00 AM,US DOLLAR,103.39,103.29,103.49
2017-04-11,12:00:00 AM,US DOLLAR,103.44,103.34,103.54
2017-04-12,12:00:00 AM,US DOLLAR,103.42,103.32,103.52
2017-04-13,12:00:00 AM,US DOLLAR,103.41,103.31,103.51
2017-04-18,12:00:00 AM,US DOLLAR,103.36,103.26,103.46
2017-04-19,12:00:00 AM,US DOLLAR,103.43,103.33,103.53
2017-04-20,12:00:00 AM,US DOLLAR,103.41,103.31,103.51
2017-04-21,12:00:00 AM,US DOLLAR,103.38,103.28,103.48
2017-04-24,12:00:00 AM,US DOLLAR,103.32,103.22,103.43
2017-04-25,12:00:00 AM,US DOLLAR,103.27,103.17,103.37
2017-04-26,12:00:00 AM,US DOLLAR,103.27,103.17,103.37
2017-04-27,12:00:00 AM,US DOLLAR,103.28,103.18,103.38
2017-04-28,12:00:00 AM,US DOLLAR,103.22,103.12,103.32
2017-05-02,12:00:00 AM,US DOLLAR,103.15,103.05,103.25
2017-05-03,12:00:00 AM,US DOLLAR,103.1,103.0,103.2
2017-05-04,12:00:00 AM,US DOLLAR,103.09,102.99,103.19
2017-05-05,12:00:00 AM,US DOLLAR,103.14,103.04,103.25
2017-05-08,12:00:00 AM,US DOLLAR,103.14,103.04,103.24
2017-05-09,12:00:00 AM,US DOLLAR,103.18,103.08,103.28
2017-05-10,12:00:00 AM,US DOLLAR,103.2,103.1,103.3
2017-05-11,12:00:00 AM,US DOLLAR,103.32,103.22,103.41
2017-05-12,12:00:00 AM,US DOLLAR,103.38,103.28,103.48
2017-05-15,12:00:00 AM,US DOLLAR,103.22,103.12,103.32
2017-05-16,12:00:00 AM,US DOLLAR,103.23,103.14,103.32
2017-05-17,12:00:00 AM,US DOLLAR,103.35,103.25,103.45
2017-05-18,12:00:00 AM,US DOLLAR,103.34,103.24,103.44
2017-05-19,12:00:00 AM,US DOLLAR,103.34,103.24,103.44
2017-05-22,12:00:00 AM,US DOLLAR,103.31,103.21,103.4
2017-05-23,12:00:00 AM,US DOLLAR,103.29,103.19,103.39
2017-05-24,12:00:00 AM,US DOLLAR,103.3,103.2,103.4
2017-05-25,12:00:00 AM,US DOLLAR,103.3,103.2,103.4
2017-05-26,12:00:00 AM,US DOLLAR,103.31,103.21,103.41
2017-05-29,12:00:00 AM,US DOLLAR,103.34,103.24,103.44
2017-05-30,12:00:00 AM,US DOLLAR,103.36,103.26,103.46
2017-05-31,12:00:00 AM,US DOLLAR,103.38,103.28,103.48
2017-06-02,12:00:00 AM,US DOLLAR,103.35,103.26,103.45
2017-06-05,12:00:00 AM,US DOLLAR,103.33,103.23,103.43
2017-06-06,12:00:00 AM,US DOLLAR,103.36,103.26,103.46
2017-06-07,12:00:00 AM,US DOLLAR,103.35,103.25,103.44
2017-06-08,12:00:00 AM,US DOLLAR,103.32,103.22,103.42
2017-06-09,12:00:00 AM,US DOLLAR,103.32,103.23,103.41
2017-06-12,12:00:00 AM,US DOLLAR,103.32,103.22,103.42
2017-06-13,12:00:00 AM,US DOLLAR,103.34,103.25,103.43
2017-06-14,12:00:00 AM,US DOLLAR,103.37,103.27,103.47
2017-06-15,12:00:00 AM,US DOLLAR,103.41,103.31,103.51
2017-06-16,12:00:00 AM,US DOLLAR,103.55,103.46,103.65
2017-06-19,12:00:00 AM,US DOLLAR,103.58,103.48,103.67
2017-06-20,12:00:00 AM,US DOLLAR,103.62,103.52,103.72
2017-06-21,12:00:00 AM,US DOLLAR,103.62,103.52,103.72
2017-06-22,12:00:00 AM,US DOLLAR,103.63,103.53,103.73
2017-06-23,12:00:00 AM,US DOLLAR,103.63,103.53,103.73
2017-06-27,12:00:00 AM,US DOLLAR,103.67,103.57,103.77
2017-06-28,12:00:00 AM,US DOLLAR,103.67,103.57,103.77
2017-06-28,12:00:00 AM,US DOLLAR,103.67,103.57,103.77
2017-06-29,12:00:00 AM,US DOLLAR,103.68,103.58,103.78
2017-06-30,12:00:00 AM,US DOLLAR,103.71,103.61,103.81
2017-07-03,12:00:00 AM,US DOLLAR,103.72,103.62,103.82
2017-07-04,12:00:00 AM,US DOLLAR,103.81,103.71,103.91
2017-07-05,12:00:00 AM,US DOLLAR,103.77,103.67,103.87
2017-07-06,12:00:00 AM,US DOLLAR,103.78,103.68,103.88
2017-07-07,12:00:00 AM,US DOLLAR,103.84,103.74,103.94
2017-07-10,12:00:00 AM,US DOLLAR,103.84,103.74,103.94
2017-07-11,12:00:00 AM,US DOLLAR,103.92,103.82,104.02
2017-07-12,12:00:00 AM,US DOLLAR,104.02,103.92,104.12
2017-07-13,12:00:00 AM,US DOLLAR,103.93,103.83,104.03
2017-07-14,12:00:00 AM,US DOLLAR,103.89,103.79,103.99
2017-07-17,12:00:00 AM,US DOLLAR,103.91,103.81,104.01
2017-07-18,12:00:00 AM,US DOLLAR,103.91,103.81,104.01
2017-07-19,12:00:00 AM,US DOLLAR,103.93,103.83,104.03
2017-07-20,12:00:00 AM,US DOLLAR,103.95,103.85,104.05
2017-07-21,12:00:00 AM,US DOLLAR,103.84,103.74,103.94
2017-07-24,12:00:00 AM,US DOLLAR,103.87,103.77,103.97
2017-07-25,12:00:00 AM,US DOLLAR,103.88,103.78,103.98
2017-07-27,12:00:00 AM,US DOLLAR,103.9,103.8,104.0
2017-07-28,12:00:00 AM,US DOLLAR,103.91,103.81,104.01
2017-07-31,12:00:00 AM,US DOLLAR,103.91,103.81,104.01
2017-08-01,12:00:00 AM,US DOLLAR,103.92,103.82,104.01
2017-08-02,12:00:00 AM,US DOLLAR,103.87,103.78,103.97
2017-08-03,12:00:00 AM,US DOLLAR,103.86,103.76,103.96
2017-08-04,12:00:00 AM,US DOLLAR,103.87,103.77,103.97
2017-08-07,12:00:00 AM,US DOLLAR,103.89,103.79,103.99
2017-08-09,12:00:00 AM,US DOLLAR,103.9,103.8,104.0
2017-08-10,12:00:00 AM,US DOLLAR,103.9,103.8,104.0
2017-08-11,12:00:00 AM,US DOLLAR,103.9,103.8,104.0
2017-08-14,12:00:00 AM,US DOLLAR,103.87,103.77,103.97
2017-08-15,12:00:00 AM,US DOLLAR,103.76,103.66,103.86
2017-08-16,12:00:00 AM,US DOLLAR,103.75,103.65,103.85
2017-08-17,12:00:00 AM,US DOLLAR,103.7,103.6,103.8
2017-08-18,12:00:00 AM,US DOLLAR,103.39,103.29,103.49
2017-08-21,12:00:00 AM,US DOLLAR,103.22,103.12,103.32
2017-08-22,12:00:00 AM,US DOLLAR,103.1,103.0,103.2
2017-08-23,12:00:00 AM,US DOLLAR,103.18,103.08,103.28
2017-08-24,12:00:00 AM,US DOLLAR,103.24,103.14,103.34
2017-08-25,12:00:00 AM,US DOLLAR,103.25,103.16,103.35
2017-08-28,12:00:00 AM,US DOLLAR,103.16,103.06,103.26
2017-08-29,12:00:00 AM,US DOLLAR,103.17,103.07,103.27
2017-08-30,12:00:00 AM,US DOLLAR,103.18,103.09,103.28
2017-08-31,12:00:00 AM,US DOLLAR,103.14,103.04,103.24
2017-09-01,12:00:00 AM,US DOLLAR,102.81,102.71,102.91
2017-09-04,12:00:00 AM,US DOLLAR,103.16,103.06,103.27
2017-09-05,12:00:00 AM,US DOLLAR,103.23,103.13,103.33
2017-09-06,12:00:00 AM,US DOLLAR,103.25,103.15,103.35
2017-09-07,12:00:00 AM,US DOLLAR,103.24,103.14,103.34
2017-09-07,12:00:00 AM,US DOLLAR,103.24,103.14,103.34
2017-09-08,12:00:00 AM,US DOLLAR,103.16,103.06,103.26
2017-09-11,12:00:00 AM,US DOLLAR,102.89,102.79,102.99
2017-09-12,12:00:00 AM,US DOLLAR,102.7,102.6,102.8
2017-09-13,12:00:00 AM,US DOLLAR,102.88,102.78,102.98
2017-09-14,12:00:00 AM,US DOLLAR,102.87,102.77,102.97
2017-09-15,12:00:00 AM,US DOLLAR,102.85,102.75,102.95
2017-09-18,12:00:00 AM,US DOLLAR,103.03,102.93,103.13
2017-09-19,12:00:00 AM,US DOLLAR,103.14,103.04,103.24
2017-09-20,12:00:00 AM,US DOLLAR,103.28,103.18,103.38
2017-09-21,12:00:00 AM,US DOLLAR,103.32,103.22,103.42
2017-09-22,12:00:00 AM,US DOLLAR,103.29,103.19,103.39
2017-09-25,12:00:00 AM,US DOLLAR,103.26,103.16,103.36
2017-09-26,12:00:00 AM,US DOLLAR,103.27,103.17,103.37
2017-09-27,12:00:00 AM,US DOLLAR,103.34,103.24,103.44
2017-09-28,12:00:00 AM,US DOLLAR,103.34,103.24,103.44
2017-09-29,12:00:00 AM,US DOLLAR,103.25,103.15,103.35
2017-10-02,12:00:00 AM,US DOLLAR,103.22,103.12,103.32
2017-10-03,12:00:00 AM,US DOLLAR,103.22,103.12,103.31
2017-10-04,12:00:00 AM,US DOLLAR,103.31,103.21,103.41
2017-10-05,12:00:00 AM,US DOLLAR,103.31,103.21,103.41
2017-10-06,12:00:00 AM,US DOLLAR,103.21,103.11,103.31
2017-10-09,12:00:00 AM,US DOLLAR,103.22,103.13,103.32
2017-10-10,12:00:00 AM,US DOLLAR,103.27,103.17,103.37
2017-10-11,12:00:00 AM,US DOLLAR,103.22,103.12,103.32
2017-10-12,12:00:00 AM,US DOLLAR,103.3,103.2,103.4
2017-10-12,12:00:00 AM,US DOLLAR,103.3,103.2,103.4
2017-10-13,12:00:00 AM,US DOLLAR,103.28,103.18,103.38
2017-10-16,12:00:00 AM,US DOLLAR,103.28,103.18,103.38
2017-10-17,12:00:00 AM,US DOLLAR,103.3,103.2,103.4
2017-10-18,12:00:00 AM,US DOLLAR,103.36,103.26,103.46
2017-10-19,12:00:00 AM,US DOLLAR,103.42,103.32,103.52
2017-10-23,12:00:00 AM,US DOLLAR,103.55,103.45,103.65
2017-10-24,12:00:00 AM,US DOLLAR,103.7,103.6,103.8
2017-10-27,12:00:00 AM,US DOLLAR,103.81,103.71,103.91
2017-10-30,12:00:00 AM,US DOLLAR,103.69,103.59,103.79
2017-10-30,12:00:00 AM,US DOLLAR,103.69,103.59,103.79
2017-10-31,12:00:00 AM,US DOLLAR,103.69,103.59,103.79
2017-11-01,12:00:00 AM,US DOLLAR,103.75,103.65,103.85
2017-11-02,12:00:00 AM,US DOLLAR,103.79,103.69,103.89
2017-11-03,12:00:00 AM,US DOLLAR,103.74,103.64,103.84
2017-11-06,12:00:00 AM,US DOLLAR,103.66,103.56,103.76
2017-11-07,12:00:00 AM,US DOLLAR,103.62,103.52,103.72
2017-11-08,12:00:00 AM,US DOLLAR,103.61,103.51,103.71
2017-11-09,12:00:00 AM,US DOLLAR,103.6,103.5,103.7
2017-11-10,12:00:00 AM,US DOLLAR,103.59,103.49,103.69
2017-11-12,12:00:00 AM,US DOLLAR,103.58,103.48,103.68
2017-11-14,12:00:00 AM,US DOLLAR,103.59,103.49,103.69
2017-11-13,12:00:00 AM,US DOLLAR,103.58,103.48,103.68
2017-11-15,12:00:00 AM,US DOLLAR,103.68,103.58,103.78
2017-11-16,12:00:00 AM,US DOLLAR,103.74,103.64,103.84
2017-11-17,12:00:00 AM,US DOLLAR,103.69,103.59,103.79
2017-11-20,12:00:00 AM,US DOLLAR,103.79,103.69,103.89
2017-11-21,12:00:00 AM,US DOLLAR,103.6,103.5,103.7
2017-11-22,12:00:00 AM,US DOLLAR,103.36,103.26,103.46
2017-11-23,12:00:00 AM,US DOLLAR,103.39,103.29,103.49
2017-11-24,12:00:00 AM,US DOLLAR,103.26,103.16,103.36
2017-11-27,12:00:00 AM,US DOLLAR,103.34,103.25,103.44
2017-11-29,12:00:00 AM,US DOLLAR,103.35,103.25,103.45
2017-11-30,12:00:00 AM,US DOLLAR,103.25,103.15,103.35
2017-12-01,12:00:00 AM,US DOLLAR,103.1,103.0,103.2
2017-12-04,12:00:00 AM,US DOLLAR,103.04,102.94,103.14
2017-12-05,12:00:00 AM,US DOLLAR,103.06,102.96,103.16
2017-12-06,12:00:00 AM,US DOLLAR,102.98,102.88,103.08
2017-12-07,12:00:00 AM,US DOLLAR,102.88,102.78,102.98
2017-12-08,12:00:00 AM,US DOLLAR,102.96,102.86,103.06
2017-12-11,12:00:00 AM,US DOLLAR,103.08,102.98,103.18
2017-12-13,12:00:00 AM,US DOLLAR,103.11,103.01,103.21
2017-12-14,12:00:00 AM,US DOLLAR,103.17,103.07,103.26
2017-12-15,12:00:00 AM,US DOLLAR,103.22,103.12,103.32
2017-12-18,12:00:00 AM,US DOLLAR,103.2,103.1,103.3
2017-12-19,12:00:00 AM,US DOLLAR,103.16,103.06,103.26
2017-12-20,12:00:00 AM,US DOLLAR,103.13,103.03,103.23
2017-12-21,12:00:00 AM,US DOLLAR,103.09,102.99,103.19
2017-12-22,12:00:00 AM,US DOLLAR,103.08,102.98,103.18
2017-12-27,12:00:00 AM,US DOLLAR,103.08,102.98,103.18
2017-12-28,12:00:00 AM,US DOLLAR,103.15,103.05,103.25
2017-12-29,12:00:00 AM,US DOLLAR,103.23,103.13,103.33
2018-01-02,12:00:00 AM,US DOLLAR,103.29,103.19,103.39
2018-01-03,12:00:00 AM,US DOLLAR,103.35,103.25,103.45
2018-01-04,12:00:00 AM,US DOLLAR,103.44,103.34,103.54
2018-01-05,12:00:00 AM,US DOLLAR,103.28,103.18,103.38
2018-01-08,12:00:00 AM,US DOLLAR,103.26,103.16,103.36
2018-01-09,12:00:00 AM,US DOLLAR,103.22,103.12,103.32
2018-01-10,12:00:00 AM,US DOLLAR,103.18,103.08,103.28
2018-01-11,12:00:00 AM,US DOLLAR,103.14,103.04,103.24
2018-01-12,12:00:00 AM,US DOLLAR,103.09,102.99,103.19
2018-01-15,12:00:00 AM,US DOLLAR,103.07,102.97,103.17
2018-01-16,12:00:00 AM,US DOLLAR,103.06,102.96,103.16
2018-01-17,12:00:00 AM,US DOLLAR,103.04,102.94,103.14
2018-01-18,12:00:00 AM,US DOLLAR,102.89,102.79,102.99
2018-01-19,12:00:00 AM,US DOLLAR,102.91,102.81,103.01
2018-01-22,12:00:00 AM,US DOLLAR,102.87,102.77,102.97
2018-01-23,12:00:00 AM,US DOLLAR,102.78,102.66,102.91
2018-01-24,12:00:00 AM,US DOLLAR,102.56,102.46,102.66
2018-01-25,12:00:00 AM,US DOLLAR,102.34,102.24,102.44
2018-01-26,12:00:00 AM,US DOLLAR,102.37,102.27,102.47
2018-01-29,12:00:00 AM,US DOLLAR,102.35,102.25,102.45
2018-01-30,12:00:00 AM,US DOLLAR,102.36,102.26,102.46
2018-01-31,12:00:00 AM,US DOLLAR,102.36,102.26,102.46
2018-02-01,12:00:00 AM,US DOLLAR,101.99,101.89,102.09
2018-02-02,12:00:00 AM,US DOLLAR,101.92,101.82,102.02
2018-02-05,12:00:00 AM,US DOLLAR,101.74,101.64,101.84
2018-02-06,12:00:00 AM,US DOLLAR,101.36,101.26,101.46
2018-02-07,12:00:00 AM,US DOLLAR,101.31,101.21,101.41
2018-02-08,12:00:00 AM,US DOLLAR,101.01,100.91,101.11
2018-02-09,12:00:00 AM,US DOLLAR,100.8,100.7,100.9
2018-02-12,12:00:00 AM,US DOLLAR,100.85,100.75,100.95
2018-02-13,12:00:00 AM,US DOLLAR,101.04,100.94,101.14
2018-02-14,12:00:00 AM,US DOLLAR,101.23,101.13,101.33
2018-02-15,12:00:00 AM,US DOLLAR,101.22,101.12,101.32
2018-02-16,12:00:00 AM,US DOLLAR,101.25,101.15,101.35
2018-02-19,12:00:00 AM,US DOLLAR,101.31,101.21,101.41
2018-02-20,12:00:00 AM,US DOLLAR,101.3,101.2,101.4
2018-02-21,12:00:00 AM,US DOLLAR,101.3,101.2,101.4
2018-02-22,12:00:00 AM,US DOLLAR,101.47,101.36,101.58
2018-02-23,12:00:00 AM,US DOLLAR,101.73,101.64,101.83
2018-02-26,12:00:00 AM,US DOLLAR,101.83,101.73,101.93
2018-02-27,12:00:00 AM,US DOLLAR,101.74,101.64,101.84
2018-02-28,12:00:00 AM,US DOLLAR,101.62,101.52,101.72
2018-03-01,12:00:00 AM,US DOLLAR,101.38,101.29,101.48
2018-03-02,12:00:00 AM,US DOLLAR,101.29,101.19,101.38
2018-03-05,12:00:00 AM,US DOLLAR,101.32,101.22,101.42
2018-03-06,12:00:00 AM,US DOLLAR,101.33,101.23,101.42
2018-03-07,12:00:00 AM,US DOLLAR,101.31,101.21,101.4
2018-03-08,12:00:00 AM,US DOLLAR,101.29,101.19,101.39
2018-03-09,12:00:00 AM,US DOLLAR,101.2,101.11,101.29
2018-03-12,12:00:00 AM,US DOLLAR,101.15,101.05,101.25
2018-03-13,12:00:00 AM,US DOLLAR,101.29,101.19,101.39
2018-03-14,12:00:00 AM,US DOLLAR,101.27,101.17,101.37
2018-03-15,12:00:00 AM,US DOLLAR,101.26,101.16,101.36
2018-03-16,12:00:00 AM,US DOLLAR,101.29,101.19,101.39
2018-03-19,12:00:00 AM,US DOLLAR,101.28,101.18,101.38
2018-03-20,12:00:00 AM,US DOLLAR,101.27,101.17,101.37
2018-03-21,12:00:00 AM,US DOLLAR,101.27,101.17,101.36
2018-03-22,12:00:00 AM,US DOLLAR,101.06,100.97,101.16
2018-03-23,12:00:00 AM,US DOLLAR,100.97,100.87,101.07
2018-03-26,12:00:00 AM,US DOLLAR,100.96,100.86,101.06
2018-03-27,12:00:00 AM,US DOLLAR,100.91,100.81,101.01
2018-03-28,12:00:00 AM,US DOLLAR,100.86,100.76,100.96
2018-03-29,12:00:00 AM,US DOLLAR,100.85,100.75,100.95
2018-04-03,12:00:00 AM,US DOLLAR,100.89,100.79,100.99
2018-04-04,12:00:00 AM,US DOLLAR,101.07,100.97,101.17
2018-04-05,12:00:00 AM,US DOLLAR,101.06,100.96,101.16
2018-04-06,12:00:00 AM,US DOLLAR,101.03,100.93,101.13
2018-04-09,12:00:00 AM,US DOLLAR,101.0,100.9,101.1
2018-04-10,12:00:00 AM,US DOLLAR,100.99,100.89,101.09
2018-04-11,12:00:00 AM,US DOLLAR,101.0,100.9,101.1
2018-04-12,12:00:00 AM,US DOLLAR,100.98,100.88,101.08
2018-04-13,12:00:00 AM,US DOLLAR,100.87,100.77,100.97
2018-04-16,12:00:00 AM,US DOLLAR,100.77,100.67,100.87
2018-04-17,12:00:00 AM,US DOLLAR,100.63,100.52,100.73
2018-04-18,12:00:00 AM,US DOLLAR,100.4,100.3,100.5
2018-04-19,12:00:00 AM,US DOLLAR,100.4,100.3,100.5
2018-04-20,12:00:00 AM,US DOLLAR,100.26,100.16,100.36
2018-04-23,12:00:00 AM,US DOLLAR,100.06,99.96,100.15
2018-04-24,12:00:00 AM,US DOLLAR,99.98,99.85,100.11
2018-04-25,12:00:00 AM,US DOLLAR,100.05,99.94,100.15
2018-04-26,12:00:00 AM,US DOLLAR,100.11,100.01,100.2
2018-04-27,12:00:00 AM,US DOLLAR,100.33,100.23,100.43
2018-04-30,12:00:00 AM,US DOLLAR,100.36,100.26,100.46
2018-05-02,12:00:00 AM,US DOLLAR,100.34,100.24,100.44
2018-05-03,12:00:00 AM,US DOLLAR,100.19,100.09,100.29
2018-05-04,12:00:00 AM,US DOLLAR,100.22,100.12,100.32
2018-05-07,12:00:00 AM,US DOLLAR,100.26,100.16,100.36
2018-05-08,12:00:00 AM,US DOLLAR,100.29,100.19,100.39
2018-05-09,12:00:00 AM,US DOLLAR,100.46,100.36,100.56
2018-05-10,12:00:00 AM,US DOLLAR,100.6,100.5,100.7
2018-05-11,12:00:00 AM,US DOLLAR,100.44,100.34,100.54
2018-05-14,12:00:00 AM,US DOLLAR,100.43,100.33,100.53
2018-05-15,12:00:00 AM,US DOLLAR,100.27,100.17,100.37
2018-05-16,12:00:00 AM,US DOLLAR,100.45,100.35,100.55
2018-05-17,12:00:00 AM,US DOLLAR,100.43,100.33,100.53
2018-05-18,12:00:00 AM,US DOLLAR,100.42,100.32,100.52
2018-05-21,12:00:00 AM,US DOLLAR,100.55,100.45,100.65
2018-05-22,12:00:00 AM,US DOLLAR,100.6,100.5,100.7
2018-05-23,12:00:00 AM,US DOLLAR,100.8,100.7,100.9
2018-05-24,12:00:00 AM,US DOLLAR,101.0,100.9,101.1
2018-05-25,12:00:00 AM,US DOLLAR,101.07,100.97,101.17
2018-05-28,12:00:00 AM,US DOLLAR,101.18,101.08,101.28
2018-05-29,12:00:00 AM,US DOLLAR,101.54,101.44,101.64
2018-05-30,12:00:00 AM,US DOLLAR,101.57,101.46,101.67
2018-05-31,12:00:00 AM,US DOLLAR,101.57,101.46,101.67
2018-06-04,12:00:00 AM,US DOLLAR,101.38,101.28,101.48
2018-06-05,12:00:00 AM,US DOLLAR,100.91,100.81,101.01
2018-06-06,12:00:00 AM,US DOLLAR,101.0,100.9,101.1
2018-06-07,12:00:00 AM,US DOLLAR,100.82,100.72,100.92
2018-06-08,12:00:00 AM,US DOLLAR,100.84,100.74,100.94
2018-06-11,12:00:00 AM,US DOLLAR,101.0,100.9,101.1
2018-06-12,12:00:00 AM,US DOLLAR,101.05,100.95,101.14
2018-06-13,12:00:00 AM,US DOLLAR,101.13,101.03,101.22
2018-06-14,12:00:00 AM,US DOLLAR,101.14,101.04,101.24
2018-06-18,12:00:00 AM,US DOLLAR,101.11,101.01,101.21
2018-06-19,12:00:00 AM,US DOLLAR,101.13,101.03,101.23
2018-06-20,12:00:00 AM,US DOLLAR,101.12,101.02,101.22
2018-06-21,12:00:00 AM,US DOLLAR,100.96,100.86,101.06
2018-06-22,12:00:00 AM,US DOLLAR,100.83,100.73,100.93
2018-06-25,12:00:00 AM,US DOLLAR,100.83,100.73,100.93
2018-06-26,12:00:00 AM,US DOLLAR,100.83,100.73,100.93
2018-06-25,12:00:00 AM,US DOLLAR,100.76,100.66,100.86
2018-06-27,12:00:00 AM,US DOLLAR,100.94,100.84,101.04
2018-06-28,12:00:00 AM,US DOLLAR,101.04,100.94,101.14
2018-06-29,12:00:00 AM,US DOLLAR,101.05,100.95,101.15
2018-07-02,12:00:00 AM,US DOLLAR,100.89,100.79,100.99
2018-07-03,12:00:00 AM,US DOLLAR,100.84,100.74,100.94
2018-07-04,12:00:00 AM,US DOLLAR,100.84,100.74,100.94
2018-07-05,12:00:00 AM,US DOLLAR,100.72,100.62,100.82
2018-07-06,12:00:00 AM,US DOLLAR,100.76,100.66,100.86
2018-07-09,12:00:00 AM,US DOLLAR,100.81,100.71,100.91
2018-07-10,12:00:00 AM,US DOLLAR,100.89,100.79,100.99
2018-07-11,12:00:00 AM,US DOLLAR,100.91,100.81,101.01
2018-07-12,12:00:00 AM,US DOLLAR,100.79,100.69,100.89
2018-07-13,12:00:00 AM,US DOLLAR,100.79,100.69,100.89
2018-07-16,12:00:00 AM,US DOLLAR,100.66,100.56,100.76
2018-07-17,12:00:00 AM,US DOLLAR,100.39,100.29,100.49
2018-07-18,12:00:00 AM,US DOLLAR,100.62,100.52,100.72
2018-07-19,12:00:00 AM,US DOLLAR,100.63,100.53,100.73
2018-07-20,12:00:00 AM,US DOLLAR,100.73,100.63,100.83
2018-07-23,12:00:00 AM,US DOLLAR,100.74,100.64,100.84
2018-07-24,12:00:00 AM,US DOLLAR,100.55,100.45,100.65
2018-07-25,12:00:00 AM,US DOLLAR,100.51,100.41,100.61
2018-07-26,12:00:00 AM,US DOLLAR,100.49,100.39,100.59
2018-07-27,12:00:00 AM,US DOLLAR,100.46,100.36,100.56
2018-07-30,12:00:00 AM,US DOLLAR,100.34,100.24,100.44
2018-07-31,12:00:00 AM,US DOLLAR,100.41,100.31,100.51
2018-08-01,12:00:00 AM,US DOLLAR,100.48,100.38,100.58
2018-08-02,12:00:00 AM,US DOLLAR,100.46,100.36,100.56
2018-08-03,12:00:00 AM,US DOLLAR,100.35,100.25,100.45
2018-08-06,12:00:00 AM,US DOLLAR,100.38,100.28,100.48
2018-08-07,12:00:00 AM,US DOLLAR,100.47,100.37,100.57
2018-08-08,12:00:00 AM,US DOLLAR,100.4,100.3,100.5
2018-08-09,12:00:00 AM,US DOLLAR,100.42,100.32,100.52
2018-08-10,12:00:00 AM,US DOLLAR,100.36,100.26,100.46
2018-08-13,12:00:00 AM,US DOLLAR,100.49,100.39,100.59
2018-08-14,12:00:00 AM,US DOLLAR,100.73,100.63,100.83
2018-08-15,12:00:00 AM,US DOLLAR,100.73,100.63,100.83
2018-08-16,12:00:00 AM,US DOLLAR,100.77,100.67,100.87
2018-08-17,12:00:00 AM,US DOLLAR,100.79,100.69,100.89
2018-08-18,12:00:00 AM,US DOLLAR,100.86,100.76,100.96
2018-08-17,12:00:00 AM,US DOLLAR,100.79,100.69,100.89
2018-08-22,12:00:00 AM,US DOLLAR,100.89,100.79,100.99
2018-08-20,12:00:00 AM,US DOLLAR,100.86,100.76,100.96
2018-08-23,12:00:00 AM,US DOLLAR,100.64,100.54,100.74
2018-08-23,12:00:00 AM,US DOLLAR,100.68,100.58,100.78
2018-08-24,12:00:00 AM,US DOLLAR,100.68,100.58,100.78
2018-08-27,12:00:00 AM,US DOLLAR,100.79,100.69,100.89
2018-08-28,12:00:00 AM,US DOLLAR,100.79,100.69,100.89
2018-08-29,12:00:00 AM,US DOLLAR,100.68,100.58,100.78
2018-08-30,12:00:00 AM,US DOLLAR,100.69,100.59,100.79
2018-08-31,12:00:00 AM,US DOLLAR,100.65,100.55,100.75
2018-09-03,12:00:00 AM,US DOLLAR,100.65,100.55,100.75
2018-09-04,12:00:00 AM,US DOLLAR,100.66,100.56,100.76
2018-09-05,12:00:00 AM,US DOLLAR,100.72,100.62,100.82
2018-09-06,12:00:00 AM,US DOLLAR,100.71,100.61,100.81
2018-09-07,12:00:00 AM,US DOLLAR,100.72,100.62,100.82
2018-09-10,12:00:00 AM,US DOLLAR,100.72,100.62,100.82
2018-09-11,12:00:00 AM,US DOLLAR,100.71,100.61,100.81
2018-09-12,12:00:00 AM,US DOLLAR,100.75,100.65,100.85
2018-09-13,12:00:00 AM,US DOLLAR,100.92,100.82,101.02
2018-09-14,12:00:00 AM,US DOLLAR,101.18,101.08,101.28
2018-09-17,12:00:00 AM,US DOLLAR,100.96,100.86,101.06
2018-09-18,12:00:00 AM,US DOLLAR,100.84,100.74,100.94
2018-09-19,12:00:00 AM,US DOLLAR,100.8,100.7,100.9
2018-09-20,12:00:00 AM,US DOLLAR,100.79,100.69,100.89
2018-09-21,12:00:00 AM,US DOLLAR,100.8,100.7,100.9
2018-09-24,12:00:00 AM,US DOLLAR,100.86,100.76,100.96
2018-09-25,12:00:00 AM,US DOLLAR,100.98,100.88,101.08
2018-09-26,12:00:00 AM,US DOLLAR,101.06,100.96,101.16
2018-09-27,12:00:00 AM,US DOLLAR,100.91,100.81,101.01
2018-09-28,12:00:00 AM,US DOLLAR,100.96,100.86,101.06
2018-10-01,12:00:00 AM,US DOLLAR,100.9,100.8,101.0
2018-10-02,12:00:00 AM,US DOLLAR,100.92,100.82,101.02
2018-10-03,12:00:00 AM,US DOLLAR,100.95,100.85,101.05
2018-10-04,12:00:00 AM,US DOLLAR,100.97,100.87,101.07
2018-10-05,12:00:00 AM,US DOLLAR,100.95,100.85,101.05
2018-10-08,12:00:00 AM,US DOLLAR,100.85,100.75,100.95
2018-10-09,12:00:00 AM,US DOLLAR,100.9,100.8,101.0
2018-10-11,12:00:00 AM,US DOLLAR,100.92,100.82,101.02
2018-10-12,12:00:00 AM,US DOLLAR,100.92,100.82,101.02
2018-10-15,12:00:00 AM,US DOLLAR,100.9,100.8,101.0
2018-10-16,12:00:00 AM,US DOLLAR,100.92,100.82,101.02
2018-10-17,12:00:00 AM,US DOLLAR,100.97,100.87,101.07
2018-10-18,12:00:00 AM,US DOLLAR,100.97,100.87,101.07
2018-10-19,12:00:00 AM,US DOLLAR,101.03,100.93,101.13
2018-10-22,12:00:00 AM,US DOLLAR,101.04,100.94,101.14
2018-10-23,12:00:00 AM,US DOLLAR,101.1,101.0,101.2
2018-10-24,12:00:00 AM,US DOLLAR,101.13,101.03,101.23
2018-10-25,12:00:00 AM,US DOLLAR,101.21,101.11,101.31
2018-10-26,12:00:00 AM,US DOLLAR,101.23,101.13,101.33
2018-10-29,12:00:00 AM,US DOLLAR,101.32,101.22,101.42
2018-10-30,12:00:00 AM,US DOLLAR,101.7,101.6,101.8
2018-10-31,12:00:00 AM,US DOLLAR,101.85,101.75,101.95
2018-11-01,12:00:00 AM,US DOLLAR,102.05,101.95,102.15
2018-11-02,12:00:00 AM,US DOLLAR,101.74,101.64,101.84
2018-11-05,12:00:00 AM,US DOLLAR,101.46,101.36,101.56
2018-11-06,12:00:00 AM,US DOLLAR,101.51,101.41,101.61
2018-11-07,12:00:00 AM,US DOLLAR,101.82,101.72,101.92
2018-11-08,12:00:00 AM,US DOLLAR,101.78,101.68,101.88
2018-11-09,12:00:00 AM,US DOLLAR,101.86,101.76,101.96
2018-11-12,12:00:00 AM,US DOLLAR,102.1,102.0,102.2
2018-11-13,12:00:00 AM,US DOLLAR,102.44,102.34,102.54
2018-11-14,12:00:00 AM,US DOLLAR,102.66,102.56,102.76
2018-11-15,12:00:00 AM,US DOLLAR,102.91,102.81,103.01
2018-11-16,12:00:00 AM,US DOLLAR,103.21,103.11,103.31
2018-11-19,12:00:00 AM,US DOLLAR,103.1,103.0,103.2
2018-11-20,12:00:00 AM,US DOLLAR,102.81,102.71,102.91
2018-11-21,12:00:00 AM,US DOLLAR,102.86,102.76,102.96
2018-11-22,12:00:00 AM,US DOLLAR,102.36,102.26,102.46
2018-11-23,12:00:00 AM,US DOLLAR,102.45,102.35,102.55
2018-11-26,12:00:00 AM,US DOLLAR,102.47,102.37,102.57
2018-11-27,12:00:00 AM,US DOLLAR,102.45,102.35,102.55
2018-11-28,12:00:00 AM,US DOLLAR,102.68,102.58,102.78
2018-11-29,12:00:00 AM,US DOLLAR,102.6,102.5,102.7
2018-11-30,12:00:00 AM,US DOLLAR,102.54,102.44,102.64
2018-12-03,12:00:00 AM,US DOLLAR,102.51,102.41,102.61
2018-12-04,12:00:00 AM,US DOLLAR,102.68,102.58,102.78
2018-12-05,12:00:00 AM,US DOLLAR,102.6,102.5,102.7
2018-12-06,12:00:00 AM,US DOLLAR,102.64,102.54,102.74
2018-12-07,12:00:00 AM,US DOLLAR,102.6,102.5,102.7
2018-12-10,12:00:00 AM,US DOLLAR,102.45,102.35,102.55
2018-12-11,12:00:00 AM,US DOLLAR,102.47,102.37,102.57
2018-12-13,12:00:00 AM,US DOLLAR,102.66,102.56,102.76
2018-12-14,12:00:00 AM,US DOLLAR,102.57,102.47,102.67
2018-12-17,12:00:00 AM,US DOLLAR,102.53,102.44,102.63
2018-12-18,12:00:00 AM,US DOLLAR,102.48,102.38,102.58
2018-12-19,12:00:00 AM,US DOLLAR,102.38,102.28,102.48
2018-12-20,12:00:00 AM,US DOLLAR,101.94,101.84,102.03
2018-12-21,12:00:00 AM,US DOLLAR,101.42,101.32,101.52
2018-12-24,12:00:00 AM,US DOLLAR,101.85,101.75,101.95
2018-12-27,12:00:00 AM,US DOLLAR,101.82,101.72,101.92
2018-12-28,12:00:00 AM,US DOLLAR,101.81,101.71,101.91
2018-12-31,12:00:00 AM,US DOLLAR,101.85,101.75,101.95
2019-01-02,12:00:00 AM,US DOLLAR,101.83,101.73,101.93
2019-01-03,12:00:00 AM,US DOLLAR,102.12,102.02,102.22
2019-01-04,12:00:00 AM,US DOLLAR,102.16,102.06,102.26
2019-01-07,12:00:00 AM,US DOLLAR,102.1,102.0,102.19
2019-01-08,12:00:00 AM,US DOLLAR,101.87,101.77,101.97
2019-01-09,12:00:00 AM,US DOLLAR,101.96,101.86,102.06
2019-01-10,12:00:00 AM,US DOLLAR,101.86,101.76,101.96
2019-01-11,12:00:00 AM,US DOLLAR,101.75,101.65,101.85
2019-01-14,12:00:00 AM,US DOLLAR,101.74,101.64,101.84
2019-01-15,12:00:00 AM,US DOLLAR,101.7,101.6,101.8
2019-01-16,12:00:00 AM,US DOLLAR,101.71,101.61,101.81
2019-01-17,12:00:00 AM,US DOLLAR,101.7,101.6,101.8
2019-01-18,12:00:00 AM,US DOLLAR,101.73,101.63,101.83
2019-01-21,12:00:00 AM,US DOLLAR,101.71,101.61,101.81
2019-01-22,12:00:00 AM,US DOLLAR,101.6,101.5,101.7
2019-01-23,12:00:00 AM,US DOLLAR,101.6,101.5,101.7
2019-01-24,12:00:00 AM,US DOLLAR,101.41,101.31,101.51
2019-01-25,12:00:00 AM,US DOLLAR,101.08,100.98,101.18
2019-01-28,12:00:00 AM,US DOLLAR,100.8,100.7,100.9
2019-01-29,12:00:00 AM,US DOLLAR,100.71,100.61,100.81
2019-01-30,12:00:00 AM,US DOLLAR,100.82,100.72,100.92
2019-01-31,12:00:00 AM,US DOLLAR,100.89,100.79,100.99
2019-02-01,12:00:00 AM,US DOLLAR,100.62,100.52,100.72
2019-02-04,12:00:00 AM,US DOLLAR,100.38,100.28,100.48
2019-02-05,12:00:00 AM,US DOLLAR,100.15,100.05,100.25
2019-02-06,12:00:00 AM,US DOLLAR,100.07,99.97,100.17
2019-02-07,12:00:00 AM,US DOLLAR,100.1,100.0,100.2
2019-02-08,12:00:00 AM,US DOLLAR,100.15,100.05,100.25
2019-02-11,12:00:00 AM,US DOLLAR,100.36,100.26,100.46
2019-02-12,12:00:00 AM,US DOLLAR,100.53,100.43,100.63
2019-02-13,12:00:00 AM,US DOLLAR,100.28,100.18,100.38
2019-02-14,12:00:00 AM,US DOLLAR,100.25,100.15,100.35
2019-02-15,12:00:00 AM,US DOLLAR,100.24,100.14,100.34
2019-02-18,12:00:00 AM,US DOLLAR,100.19,100.09,100.29
2019-02-19,12:00:00 AM,US DOLLAR,100.17,100.07,100.27
2019-02-20,12:00:00 AM,US DOLLAR,100.27,100.17,100.37
2019-02-21,12:00:00 AM,US DOLLAR,100.24,100.14,100.34
2019-02-22,12:00:00 AM,US DOLLAR,100.22,100.13,100.32
2019-02-25,12:00:00 AM,US DOLLAR,100.18,100.08,100.28
2019-02-26,12:00:00 AM,US DOLLAR,100.07,99.97,100.17
2019-02-27,12:00:00 AM,US DOLLAR,100.13,100.03,100.23
2019-02-28,12:00:00 AM,US DOLLAR,100.09,99.99,100.19
2019-03-01,12:00:00 AM,US DOLLAR,100.04,99.95,100.14
2019-03-04,12:00:00 AM,US DOLLAR,100.04,99.94,100.14
2019-03-05,12:00:00 AM,US DOLLAR,100.04,99.94,100.14
2019-03-06,12:00:00 AM,US DOLLAR,100.05,99.95,100.15
2019-03-07,12:00:00 AM,US DOLLAR,100.02,99.92,100.12
2019-03-08,12:00:00 AM,US DOLLAR,99.71,99.61,99.81
2019-03-11,12:00:00 AM,US DOLLAR,99.65,99.55,99.75
2019-03-12,12:00:00 AM,US DOLLAR,99.61,99.51,99.71
2019-03-13,12:00:00 AM,US DOLLAR,100.19,100.09,100.29
2019-03-14,12:00:00 AM,US DOLLAR,100.24,100.14,100.34
2019-03-15,12:00:00 AM,US DOLLAR,100.17,100.07,100.27
2019-03-18,12:00:00 AM,US DOLLAR,100.3,100.2,100.4
2019-03-19,12:00:00 AM,US DOLLAR,100.66,100.56,100.76
2019-03-20,12:00:00 AM,US DOLLAR,100.85,100.75,100.95
2019-03-21,12:00:00 AM,US DOLLAR,101.01,100.91,101.11
2019-03-22,12:00:00 AM,US DOLLAR,100.78,100.68,100.88
2019-03-25,12:00:00 AM,US DOLLAR,100.7,100.6,100.8
2019-03-26,12:00:00 AM,US DOLLAR,100.96,100.86,101.06
2019-03-27,12:00:00 AM,US DOLLAR,100.96,100.86,101.06
2019-03-28,12:00:00 AM,US DOLLAR,100.88,100.78,100.98
2019-03-29,12:00:00 AM,US DOLLAR,100.75,100.65,100.85
2019-04-01,12:00:00 AM,US DOLLAR,100.78,100.69,100.88
2019-04-02,12:00:00 AM,US DOLLAR,100.84,100.74,100.94
2019-04-03,12:00:00 AM,US DOLLAR,100.9,100.8,101.0
2019-04-04,12:00:00 AM,US DOLLAR,100.8,100.7,100.9
2019-04-05,12:00:00 AM,US DOLLAR,100.72,100.62,100.82
2019-04-08,12:00:00 AM,US DOLLAR,100.63,100.54,100.73
2019-04-09,12:00:00 AM,US DOLLAR,100.64,100.54,100.74
2019-04-10,12:00:00 AM,US DOLLAR,100.84,100.74,100.94
2019-04-11,12:00:00 AM,US DOLLAR,101.09,100.99,101.19
2019-04-12,12:00:00 AM,US DOLLAR,100.95,100.85,101.05
2019-04-15,12:00:00 AM,US DOLLAR,100.99,100.89,101.09
2019-04-16,12:00:00 AM,US DOLLAR,101.0,100.9,101.1
2019-04-17,12:00:00 AM,US DOLLAR,101.06,100.96,101.16
2019-04-24,12:00:00 AM,US DOLLAR,101.54,101.44,101.64
2019-05-10,12:00:00 AM,US DOLLAR,101.13,101.03,101.23
2019-05-13,12:00:00 AM,US DOLLAR,101.07,100.98,101.17
2019-05-14,12:00:00 AM,US DOLLAR,101.07,100.97,101.16
2019-05-15,12:00:00 AM,US DOLLAR,101.09,100.99,101.19
2019-05-16,12:00:00 AM,US DOLLAR,101.11,101.01,101.2
2019-05-17,12:00:00 AM,US DOLLAR,101.12,101.02,101.22
2019-05-20,12:00:00 AM,US DOLLAR,101.11,101.01,101.21
2019-05-21,12:00:00 AM,US DOLLAR,101.11,101.01,101.21
2019-05-22,12:00:00 AM,US DOLLAR,101.17,101.07,101.27
2019-05-23,12:00:00 AM,US DOLLAR,101.22,101.12,101.32
2019-05-22,12:00:00 AM,US DOLLAR,101.17,101.07,101.27
2019-05-24,12:00:00 AM,US DOLLAR,101.23,101.13,101.33
2019-05-27,12:00:00 AM,US DOLLAR,101.24,101.14,101.34
2019-05-28,12:00:00 AM,US DOLLAR,101.24,101.14,101.34
2019-05-29,12:00:00 AM,US DOLLAR,101.28,101.18,101.38
2019-05-30,12:00:00 AM,US DOLLAR,101.4,101.3,101.5
2019-05-31,12:00:00 AM,US DOLLAR,101.36,101.26,101.46
2019-06-03,12:00:00 AM,US DOLLAR,101.29,101.19,101.39
2019-06-04,12:00:00 AM,US DOLLAR,101.28,101.18,101.38
2019-06-06,12:00:00 AM,US DOLLAR,101.35,101.25,101.45
2019-06-07,12:00:00 AM,US DOLLAR,101.3,101.2,101.4
2019-06-10,12:00:00 AM,US DOLLAR,101.2,101.1,101.3
2019-06-11,12:00:00 AM,US DOLLAR,101.28,101.18,101.38
2019-06-12,12:00:00 AM,US DOLLAR,101.38,101.28,101.48
2019-06-13,12:00:00 AM,US DOLLAR,101.39,101.29,101.49
2019-06-14,12:00:00 AM,US DOLLAR,101.55,101.45,101.65
2019-06-17,12:00:00 AM,US DOLLAR,101.82,101.72,101.92
2019-06-18,12:00:00 AM,US DOLLAR,102.0,101.9,102.1
2019-06-19,12:00:00 AM,US DOLLAR,102.02,101.92,102.12
2019-06-20,12:00:00 AM,US DOLLAR,101.9,101.8,102.0
2019-06-21,12:00:00 AM,US DOLLAR,101.87,101.77,101.97
2019-06-24,12:00:00 AM,US DOLLAR,101.88,101.78,101.98
2019-06-25,12:00:00 AM,US DOLLAR,101.91,101.81,102.01
2019-06-26,12:00:00 AM,US DOLLAR,102.19,102.09,102.29
2019-06-27,12:00:00 AM,US DOLLAR,102.17,102.07,102.27
2019-06-28,12:00:00 AM,US DOLLAR,102.3,102.2,102.4
2019-07-01,12:00:00 AM,US DOLLAR,102.36,102.26,102.46
2019-07-02,12:00:00 AM,US DOLLAR,102.72,102.62,102.82
2019-07-03,12:00:00 AM,US DOLLAR,103.0,102.9,103.1
2019-07-04,12:00:00 AM,US DOLLAR,102.29,102.19,102.39
2019-07-05,12:00:00 AM,US DOLLAR,102.63,102.53,102.73
2019-07-08,12:00:00 AM,US DOLLAR,102.61,102.51,102.71
2019-07-09,12:00:00 AM,US DOLLAR,102.69,102.59,102.79
2019-07-10,12:00:00 AM,US DOLLAR,102.75,102.65,102.85
2019-07-11,12:00:00 AM,US DOLLAR,102.92,102.82,103.02
2019-07-12,12:00:00 AM,US DOLLAR,102.92,102.82,103.02
2019-07-15,12:00:00 AM,US DOLLAR,102.95,102.86,103.05
2019-07-16,12:00:00 AM,US DOLLAR,103.03,102.93,103.13
2019-07-17,12:00:00 AM,US DOLLAR,103.05,102.95,103.15
2019-07-18,12:00:00 AM,US DOLLAR,103.06,102.96,103.15
2019-07-19,12:00:00 AM,US DOLLAR,103.1,103.0,103.2
2019-07-22,12:00:00 AM,US DOLLAR,103.22,103.12,103.32
2019-07-23,12:00:00 AM,US DOLLAR,103.61,103.51,103.71
2019-07-24,12:00:00 AM,US DOLLAR,103.76,103.66,103.86
2019-07-25,12:00:00 AM,US DOLLAR,104.02,103.92,104.12
2019-07-26,12:00:00 AM,US DOLLAR,103.8,103.7,103.9
2019-07-29,12:00:00 AM,US DOLLAR,103.82,103.72,103.92
2019-07-30,12:00:00 AM,US DOLLAR,104.07,103.97,104.17
2019-07-31,12:00:00 AM,US DOLLAR,104.21,104.11,104.31
2019-08-01,12:00:00 AM,US DOLLAR,104.17,104.07,104.27
2019-08-02,12:00:00 AM,US DOLLAR,103.23,103.13,103.33
2019-08-05,12:00:00 AM,US DOLLAR,103.01,102.91,103.11
2019-07-31,12:00:00 AM,US DOLLAR,104.21,104.11,104.31
2019-08-06,12:00:00 AM,US DOLLAR,103.2,103.11,103.3
2019-08-07,12:00:00 AM,US DOLLAR,103.27,103.17,103.37
2019-08-08,12:00:00 AM,US DOLLAR,103.44,103.34,103.54
2019-08-09,12:00:00 AM,US DOLLAR,103.37,103.28,103.47
2019-08-13,12:00:00 AM,US DOLLAR,103.07,102.96,103.17
2019-08-14,12:00:00 AM,US DOLLAR,103.25,103.15,103.35
2019-08-15,12:00:00 AM,US DOLLAR,103.26,103.17,103.36
2019-08-16,12:00:00 AM,US DOLLAR,103.33,103.24,103.43
2019-08-19,12:00:00 AM,US DOLLAR,103.38,103.28,103.48
2019-08-20,12:00:00 AM,US DOLLAR,103.29,103.19,103.39
2019-08-21,12:00:00 AM,US DOLLAR,102.97,102.87,103.07
2019-08-22,12:00:00 AM,US DOLLAR,102.96,102.86,103.06
2019-08-23,12:00:00 AM,US DOLLAR,103.06,102.96,103.16
2019-08-26,12:00:00 AM,US DOLLAR,103.18,103.08,103.28
2019-08-27,12:00:00 AM,US DOLLAR,103.32,103.22,103.42
2019-08-28,12:00:00 AM,US DOLLAR,103.45,103.35,103.55
2019-08-29,12:00:00 AM,US DOLLAR,103.48,103.39,103.58
2019-08-30,12:00:00 AM,US DOLLAR,103.55,103.45,103.65
2019-09-02,12:00:00 AM,US DOLLAR,103.59,103.49,103.69
2019-09-03,12:00:00 AM,US DOLLAR,103.64,103.54,103.74
2019-09-04,12:00:00 AM,US DOLLAR,103.82,103.72,103.92
2019-09-05,12:00:00 AM,US DOLLAR,103.82,103.72,103.92
2019-09-06,12:00:00 AM,US DOLLAR,103.89,103.79,103.98
2019-09-09,12:00:00 AM,US DOLLAR,103.82,103.72,103.92
2019-09-10,12:00:00 AM,US DOLLAR,103.73,103.63,103.83
2019-09-11,12:00:00 AM,US DOLLAR,103.66,103.56,103.76
2019-09-12,12:00:00 AM,US DOLLAR,103.78,103.68,103.88
2019-09-13,12:00:00 AM,US DOLLAR,103.79,103.69,103.89
2019-09-16,12:00:00 AM,US DOLLAR,103.77,103.67,103.87
2019-09-17,12:00:00 AM,US DOLLAR,103.79,103.69,103.89
2019-09-18,12:00:00 AM,US DOLLAR,103.86,103.76,103.96
2019-09-19,12:00:00 AM,US DOLLAR,103.91,103.81,104.01
2019-09-20,12:00:00 AM,US DOLLAR,103.83,103.73,103.93
2019-09-23,12:00:00 AM,US DOLLAR,103.83,103.73,103.93
2019-09-24,12:00:00 AM,US DOLLAR,103.86,103.76,103.96
2019-09-25,12:00:00 AM,US DOLLAR,103.83,103.73,103.93
2019-09-26,12:00:00 AM,US DOLLAR,103.86,103.76,103.96
2019-09-27,12:00:00 AM,US DOLLAR,103.82,103.72,103.92
2019-09-30,12:00:00 AM,US DOLLAR,103.89,103.79,103.99
2019-10-01,12:00:00 AM,US DOLLAR,103.86,103.76,103.96
2019-10-02,12:00:00 AM,US DOLLAR,103.86,103.77,103.96
2019-10-03,12:00:00 AM,US DOLLAR,103.86,103.76,103.96
2019-10-04,12:00:00 AM,US DOLLAR,103.81,103.71,103.91
2019-10-07,12:00:00 AM,US DOLLAR,103.84,103.74,103.94
2019-10-08,12:00:00 AM,US DOLLAR,103.8,103.7,103.9
2019-10-09,12:00:00 AM,US DOLLAR,103.78,103.68,103.88
2019-10-11,12:00:00 AM,US DOLLAR,103.76,103.66,103.86
2019-10-14,12:00:00 AM,US DOLLAR,103.77,103.67,103.87
2019-10-15,12:00:00 AM,US DOLLAR,103.79,103.69,103.89
2019-10-16,12:00:00 AM,US DOLLAR,103.7,103.6,103.8
2019-10-17,12:00:00 AM,US DOLLAR,103.71,103.61,103.81
2019-10-18,12:00:00 AM,US DOLLAR,103.7,103.6,103.8
2019-10-22,12:00:00 AM,US DOLLAR,103.73,103.63,103.83
2019-10-23,12:00:00 AM,US DOLLAR,103.58,103.48,103.68
2019-10-24,12:00:00 AM,US DOLLAR,103.51,103.41,103.61
2019-10-25,12:00:00 AM,US DOLLAR,103.25,103.15,103.35
2019-10-28,12:00:00 AM,US DOLLAR,103.52,103.42,103.62
2019-10-29,12:00:00 AM,US DOLLAR,103.56,103.46,103.66
2019-10-30,12:00:00 AM,US DOLLAR,103.41,103.31,103.51
2019-10-31,12:00:00 AM,US DOLLAR,103.21,103.11,103.3
2019-11-01,12:00:00 AM,US DOLLAR,103.28,103.18,103.37
2019-11-04,12:00:00 AM,US DOLLAR,103.27,103.17,103.36
2019-11-05,12:00:00 AM,US DOLLAR,103.27,103.17,103.36
2019-11-06,12:00:00 AM,US DOLLAR,103.19,103.09,103.28
2019-11-07,12:00:00 AM,US DOLLAR,102.95,102.85,103.05
2019-11-08,12:00:00 AM,US DOLLAR,102.81,102.71,102.91
2019-11-11,12:00:00 AM,US DOLLAR,102.5,102.4,102.6
2019-11-12,12:00:00 AM,US DOLLAR,102.41,102.31,102.51
2019-11-13,12:00:00 AM,US DOLLAR,102.42,102.32,102.52
2019-11-14,12:00:00 AM,US DOLLAR,102.1,102.0,102.2
2019-11-15,12:00:00 AM,US DOLLAR,102.08,101.98,102.18
2019-11-18,12:00:00 AM,US DOLLAR,101.97,101.87,102.07
2019-11-19,12:00:00 AM,US DOLLAR,101.93,101.83,102.03
2019-11-20,12:00:00 AM,US DOLLAR,101.8,101.7,101.9
2019-11-21,12:00:00 AM,US DOLLAR,101.48,101.38,101.58
2019-11-22,12:00:00 AM,US DOLLAR,101.36,101.26,101.46
2019-11-25,12:00:00 AM,US DOLLAR,101.55,101.45,101.65
2019-11-26,12:00:00 AM,US DOLLAR,102.02,101.92,102.12
2019-11-27,12:00:00 AM,US DOLLAR,102.43,102.33,102.53
2019-11-28,12:00:00 AM,US DOLLAR,102.54,102.44,102.64
2019-11-29,12:00:00 AM,US DOLLAR,102.81,102.71,102.91
2019-12-02,12:00:00 AM,US DOLLAR,102.6,102.5,102.7
2019-12-03,12:00:00 AM,US DOLLAR,102.61,102.51,102.71
2019-12-04,12:00:00 AM,US DOLLAR,102.3,102.2,102.4
2019-12-05,12:00:00 AM,US DOLLAR,101.96,101.86,102.06
2019-12-06,12:00:00 AM,US DOLLAR,101.75,101.65,101.85
2019-12-09,12:00:00 AM,US DOLLAR,101.67,101.57,101.76
2019-12-10,12:00:00 AM,US DOLLAR,101.42,101.32,101.52
2019-12-11,12:00:00 AM,US DOLLAR,101.5,101.4,101.6
2019-12-13,12:00:00 AM,US DOLLAR,101.67,101.57,101.77
2019-12-16,12:00:00 AM,US DOLLAR,101.68,101.58,101.78
2019-12-17,12:00:00 AM,US DOLLAR,101.62,101.52,101.72
2019-12-18,12:00:00 AM,US DOLLAR,101.54,101.44,101.64
2019-12-19,12:00:00 AM,US DOLLAR,100.9,100.8,101.0
2019-12-20,12:00:00 AM,US DOLLAR,100.71,100.61,100.81
2019-12-23,12:00:00 AM,US DOLLAR,100.7,100.6,100.8
2019-12-24,12:00:00 AM,US DOLLAR,100.63,100.53,100.73
2019-12-27,12:00:00 AM,US DOLLAR,100.77,100.67,100.87
2019-12-30,12:00:00 AM,US DOLLAR,101.16,101.06,101.26
2019-12-31,12:00:00 AM,US DOLLAR,101.34,101.24,101.44
2020-01-02,12:00:00 AM,US DOLLAR,101.34,101.24,101.44
2020-01-03,12:00:00 AM,US DOLLAR,100.96,100.86,101.06
2020-01-06,12:00:00 AM,US DOLLAR,100.98,100.88,101.08
2020-01-07,12:00:00 AM,US DOLLAR,101.06,100.96,101.16
2020-01-08,12:00:00 AM,US DOLLAR,101.26,101.16,101.36
2020-01-09,12:00:00 AM,US DOLLAR,101.47,101.37,101.57
2020-01-10,12:00:00 AM,US DOLLAR,101.59,101.49,101.69
2020-01-13,12:00:00 AM,US DOLLAR,101.34,101.24,101.44
2020-01-14,12:00:00 AM,US DOLLAR,101.49,101.39,101.59
2020-01-15,12:00:00 AM,US DOLLAR,101.39,101.29,101.49
2020-01-16,12:00:00 AM,US DOLLAR,101.38,101.28,101.48
2020-01-17,12:00:00 AM,US DOLLAR,100.97,100.87,101.07
2020-01-20,12:00:00 AM,US DOLLAR,100.95,100.85,101.05
2020-01-21,12:00:00 AM,US DOLLAR,101.1,101.0,101.2
2020-01-22,12:00:00 AM,US DOLLAR,101.03,100.93,101.13
2020-01-23,12:00:00 AM,US DOLLAR,100.87,100.77,100.97
2020-01-24,12:00:00 AM,US DOLLAR,100.86,100.76,100.96
2020-01-27,12:00:00 AM,US DOLLAR,100.88,100.78,100.98
2020-01-27,12:00:00 AM,US DOLLAR,100.88,100.78,100.98
2020-01-28,12:00:00 AM,US DOLLAR,100.87,100.77,100.97
2020-01-29,12:00:00 AM,US DOLLAR,100.87,100.77,100.97
2020-01-30,12:00:00 AM,US DOLLAR,100.75,100.65,100.85
2020-01-31,12:00:00 AM,US DOLLAR,100.58,100.49,100.68
2020-02-03,12:00:00 AM,US DOLLAR,100.44,100.34,100.54
2020-02-04,12:00:00 AM,US DOLLAR,100.46,100.36,100.56
2020-02-05,12:00:00 AM,US DOLLAR,100.35,100.25,100.45
2020-02-06,12:00:00 AM,US DOLLAR,100.39,100.29,100.49
2020-02-07,12:00:00 AM,US DOLLAR,100.45,100.35,100.55
2020-02-10,12:00:00 AM,US DOLLAR,100.58,100.48,100.68
2020-02-12,12:00:00 AM,US DOLLAR,100.63,100.53,100.73
2020-02-13,12:00:00 AM,US DOLLAR,100.69,100.59,100.79
2020-02-14,12:00:00 AM,US DOLLAR,100.58,100.48,100.68
2020-02-17,12:00:00 AM,US DOLLAR,100.62,100.52,100.72
2020-02-18,12:00:00 AM,US DOLLAR,100.89,100.79,100.99
2020-02-19,12:00:00 AM,US DOLLAR,101.08,100.98,101.18
2020-02-20,12:00:00 AM,US DOLLAR,101.25,101.15,101.35
2020-02-21,12:00:00 AM,US DOLLAR,101.29,101.19,101.39
2020-02-24,12:00:00 AM,US DOLLAR,101.23,101.13,101.33
2020-02-25,12:00:00 AM,US DOLLAR,101.15,101.05,101.25
2020-02-26,12:00:00 AM,US DOLLAR,101.13,101.03,101.23
2020-02-27,12:00:00 AM,US DOLLAR,100.93,100.83,101.03
2020-02-28,12:00:00 AM,US DOLLAR,100.98,100.88,101.08
2020-03-02,12:00:00 AM,US DOLLAR,101.16,101.06,101.26
2020-03-03,12:00:00 AM,US DOLLAR,101.37,101.27,101.47
2020-03-04,12:00:00 AM,US DOLLAR,102.38,102.28,102.48
2020-03-05,12:00:00 AM,US DOLLAR,102.89,102.79,102.99
2020-03-06,12:00:00 AM,US DOLLAR,102.55,102.45,102.65
2020-03-09,12:00:00 AM,US DOLLAR,102.67,102.57,102.77
2020-03-10,12:00:00 AM,US DOLLAR,102.9,102.8,103.0
2020-03-11,12:00:00 AM,US DOLLAR,102.7,102.6,102.8
2020-03-12,12:00:00 AM,US DOLLAR,102.47,102.37,102.57
2020-03-13,12:00:00 AM,US DOLLAR,102.42,102.32,102.53
2020-03-16,12:00:00 AM,US DOLLAR,102.9,102.8,103.0
2020-03-17,12:00:00 AM,US DOLLAR,103.39,103.29,103.49
2020-03-18,12:00:00 AM,US DOLLAR,103.72,103.62,103.82
2020-03-19,12:00:00 AM,US DOLLAR,104.22,104.12,104.32
2020-03-20,12:00:00 AM,US DOLLAR,105.1,104.99,105.2
2020-03-23,12:00:00 AM,US DOLLAR,106.01,105.9,106.12
2020-03-24,12:00:00 AM,US DOLLAR,106.54,106.44,106.65
2020-03-25,12:00:00 AM,US DOLLAR,106.42,106.32,106.52
2020-03-26,12:00:00 AM,US DOLLAR,106.2,106.1,106.3
2020-03-27,12:00:00 AM,US DOLLAR,105.11,105.01,105.21
2020-03-30,12:00:00 AM,US DOLLAR,104.45,104.34,104.55
2020-03-31,12:00:00 AM,US DOLLAR,104.69,104.59,104.79
2020-04-01,12:00:00 AM,US DOLLAR,105.11,105.01,105.21
2020-04-02,12:00:00 AM,US DOLLAR,105.19,105.09,105.29
2020-04-03,12:00:00 AM,US DOLLAR,105.67,105.57,105.77
2020-04-06,12:00:00 AM,US DOLLAR,105.9,105.81,106.0
2020-04-07,12:00:00 AM,US DOLLAR,106.18,106.08,106.28
2020-04-08,12:00:00 AM,US DOLLAR,106.47,106.37,106.57
2020-04-09,12:00:00 AM,US DOLLAR,106.0,105.9,106.1
2020-04-14,12:00:00 AM,US DOLLAR,105.91,105.81,106.01
2020-04-15,12:00:00 AM,US DOLLAR,105.9,105.8,106.0
2020-04-16,12:00:00 AM,US DOLLAR,105.91,105.81,106.01
2020-04-17,12:00:00 AM,US DOLLAR,106.2,106.1,106.3
2020-04-20,12:00:00 AM,US DOLLAR,106.79,106.69,106.89
2020-04-21,12:00:00 AM,US DOLLAR,106.88,106.78,106.98
2020-04-22,12:00:00 AM,US DOLLAR,106.99,106.89,107.09
2020-04-23,12:00:00 AM,US DOLLAR,107.14,107.04,107.24
2020-04-24,12:00:00 AM,US DOLLAR,107.24,107.14,107.34
2020-04-27,12:00:00 AM,US DOLLAR,106.93,106.83,107.03
2020-04-28,12:00:00 AM,US DOLLAR,107.24,107.14,107.34
2020-04-29,12:00:00 AM,US DOLLAR,107.28,107.18,107.37
2020-04-30,12:00:00 AM,US DOLLAR,107.29,107.19,107.39
2020-05-04,12:00:00 AM,US DOLLAR,107.26,107.17,107.36
2020-05-05,12:00:00 AM,US DOLLAR,106.61,106.51,106.71
2020-05-06,12:00:00 AM,US DOLLAR,106.31,106.21,106.41
2020-05-07,12:00:00 AM,US DOLLAR,106.08,105.98,106.18
2020-05-08,12:00:00 AM,US DOLLAR,106.01,105.91,106.11
2020-05-11,12:00:00 AM,US DOLLAR,106.03,105.93,106.13
2020-05-12,12:00:00 AM,US DOLLAR,106.14,106.04,106.24
2020-05-13,12:00:00 AM,US DOLLAR,106.53,106.43,106.63
2020-05-14,12:00:00 AM,US DOLLAR,106.59,106.49,106.69
2020-05-15,12:00:00 AM,US DOLLAR,106.81,106.71,106.91
2020-05-18,12:00:00 AM,US DOLLAR,107.04,106.94,107.14
2020-05-19,12:00:00 AM,US DOLLAR,106.69,106.59,106.79
2020-05-20,12:00:00 AM,US DOLLAR,106.8,106.7,106.9
2020-05-21,12:00:00 AM,US DOLLAR,106.89,106.79,106.99
2020-05-22,12:00:00 AM,US DOLLAR,106.97,106.87,107.07
2020-05-26,12:00:00 AM,US DOLLAR,107.01,106.91,107.11
2020-05-27,12:00:00 AM,US DOLLAR,107.11,107.01,107.21
2020-05-28,12:00:00 AM,US DOLLAR,107.03,106.93,107.13
2020-05-29,12:00:00 AM,US DOLLAR,106.94,106.84,107.04
2020-06-02,12:00:00 AM,US DOLLAR,106.8,106.7,106.9
2020-06-03,12:00:00 AM,US DOLLAR,106.45,106.35,106.55
2020-06-04,12:00:00 AM,US DOLLAR,106.12,106.02,106.22
2020-06-05,12:00:00 AM,US DOLLAR,106.09,105.99,106.19
2020-06-08,12:00:00 AM,US DOLLAR,106.14,106.04,106.24
2020-06-09,12:00:00 AM,US DOLLAR,106.3,106.2,106.4
2020-06-10,12:00:00 AM,US DOLLAR,106.43,106.33,106.53
2020-06-11,12:00:00 AM,US DOLLAR,106.6,106.5,106.7
2020-06-12,12:00:00 AM,US DOLLAR,106.5,106.4,106.6
2020-06-15,12:00:00 AM,US DOLLAR,106.45,106.35,106.55
2020-06-16,12:00:00 AM,US DOLLAR,106.49,106.39,106.59
2020-06-17,12:00:00 AM,US DOLLAR,106.49,106.39,106.59
2020-06-18,12:00:00 AM,US DOLLAR,106.32,106.22,106.42
2020-06-19,12:00:00 AM,US DOLLAR,106.29,106.19,106.39
2020-06-22,12:00:00 AM,US DOLLAR,106.33,106.23,106.43
2020-06-23,12:00:00 AM,US DOLLAR,106.42,106.32,106.52
2020-06-24,12:00:00 AM,US DOLLAR,106.37,106.27,106.47
2020-06-25,12:00:00 AM,US DOLLAR,106.4,106.3,106.5
2020-06-26,12:00:00 AM,US DOLLAR,106.51,106.41,106.61
2020-06-29,12:00:00 AM,US DOLLAR,106.46,106.36,106.56
2020-06-30,12:00:00 AM,US DOLLAR,106.52,106.42,106.62
2020-07-01,12:00:00 AM,US DOLLAR,106.55,106.45,106.65
2020-07-02,12:00:00 AM,US DOLLAR,106.54,106.44,106.64
2020-07-03,12:00:00 AM,US DOLLAR,106.67,106.57,106.77
2020-07-06,12:00:00 AM,US DOLLAR,106.61,106.51,106.71
2020-07-07,12:00:00 AM,US DOLLAR,106.59,106.49,106.69
2020-07-08,12:00:00 AM,US DOLLAR,106.75,106.65,106.85
2020-07-09,12:00:00 AM,US DOLLAR,106.96,106.86,107.06
2020-07-10,12:00:00 AM,US DOLLAR,106.9,106.8,107.0
2020-07-13,12:00:00 AM,US DOLLAR,107.05,106.95,107.15
2020-07-14,12:00:00 AM,US DOLLAR,107.15,107.05,107.25
2020-07-15,12:00:00 AM,US DOLLAR,107.28,107.19,107.38
2020-07-16,12:00:00 AM,US DOLLAR,107.35,107.25,107.45
2020-07-17,12:00:00 AM,US DOLLAR,107.46,107.36,107.56
2020-07-20,12:00:00 AM,US DOLLAR,107.43,107.33,107.53
2020-07-21,12:00:00 AM,US DOLLAR,107.62,107.52,107.72
2020-07-22,12:00:00 AM,US DOLLAR,107.88,107.78,107.98
2020-07-23,12:00:00 AM,US DOLLAR,108.13,108.03,108.23
2020-07-24,12:00:00 AM,US DOLLAR,108.02,107.92,108.12
2020-07-27,12:00:00 AM,US DOLLAR,107.79,107.69,107.89
2020-07-28,12:00:00 AM,US DOLLAR,107.72,107.62,107.82
2020-07-29,12:00:00 AM,US DOLLAR,107.71,107.61,107.81
2020-07-30,12:00:00 AM,US DOLLAR,107.71,107.61,107.81
2020-08-03,12:00:00 AM,US DOLLAR,107.71,107.61,107.81
2020-08-04,12:00:00 AM,US DOLLAR,107.82,107.72,107.92
2020-08-05,12:00:00 AM,US DOLLAR,107.89,107.79,107.99
2020-08-06,12:00:00 AM,US DOLLAR,107.95,107.85,108.05
2020-08-07,12:00:00 AM,US DOLLAR,108.0,107.9,108.1
2020-08-10,12:00:00 AM,US DOLLAR,108.03,107.93,108.13
2020-08-11,12:00:00 AM,US DOLLAR,108.12,108.02,108.22
2020-08-12,12:00:00 AM,US DOLLAR,108.33,108.23,108.43
2020-08-13,12:00:00 AM,US DOLLAR,108.39,108.29,108.49
2020-08-14,12:00:00 AM,US DOLLAR,108.29,108.19,108.39
2020-08-17,12:00:00 AM,US DOLLAR,108.32,108.22,108.42
2020-08-18,12:00:00 AM,US DOLLAR,108.31,108.21,108.41
2020-08-19,12:00:00 AM,US DOLLAR,108.42,108.32,108.52
2020-08-20,12:00:00 AM,US DOLLAR,108.56,108.46,108.66
2020-08-21,12:00:00 AM,US DOLLAR,108.01,107.91,108.11
2020-08-24,12:00:00 AM,US DOLLAR,108.01,107.91,108.11
2020-08-25,12:00:00 AM,US DOLLAR,108.04,107.94,108.14
2020-08-26,12:00:00 AM,US DOLLAR,108.12,108.02,108.22
2020-08-27,12:00:00 AM,US DOLLAR,108.15,108.05,108.25
2020-08-28,12:00:00 AM,US DOLLAR,108.22,108.12,108.32
2020-08-31,12:00:00 AM,US DOLLAR,108.21,108.11,108.31
2020-09-01,12:00:00 AM,US DOLLAR,108.21,108.11,108.31
2020-09-02,12:00:00 AM,US DOLLAR,108.26,108.16,108.36
2020-09-03,12:00:00 AM,US DOLLAR,108.3,108.2,108.4
2020-09-04,12:00:00 AM,US DOLLAR,108.32,108.22,108.42
2020-09-07,12:00:00 AM,US DOLLAR,108.33,108.23,108.43
2020-09-08,12:00:00 AM,US DOLLAR,108.34,108.24,108.44
2020-09-09,12:00:00 AM,US DOLLAR,108.37,108.27,108.47
2020-09-10,12:00:00 AM,US DOLLAR,108.4,108.3,108.5
2020-09-11,12:00:00 AM,US DOLLAR,108.45,108.35,108.55
2020-09-14,12:00:00 AM,US DOLLAR,108.5,108.4,108.6
2020-09-15,12:00:00 AM,US DOLLAR,108.56,108.46,108.66
2020-09-16,12:00:00 AM,US DOLLAR,108.64,108.54,108.74
2020-09-17,12:00:00 AM,US DOLLAR,108.38,108.28,108.48
2020-09-18,12:00:00 AM,US DOLLAR,108.39,108.29,108.49
2020-09-21,12:00:00 AM,US DOLLAR,108.4,108.3,108.5
2020-09-22,12:00:00 AM,US DOLLAR,108.36,108.26,108.46
2020-09-23,12:00:00 AM,US DOLLAR,108.42,108.32,108.52
2020-09-24,12:00:00 AM,US DOLLAR,108.41,108.31,108.51
2020-09-25,12:00:00 AM,US DOLLAR,108.47,108.37,108.57
2020-09-28,12:00:00 AM,US DOLLAR,108.48,108.38,108.58
2020-09-29,12:00:00 AM,US DOLLAR,108.49,108.39,108.59
2020-09-30,12:00:00 AM,US DOLLAR,108.5,108.4,108.6
2020-10-01,12:00:00 AM,US DOLLAR,108.45,108.35,108.55
2020-10-02,12:00:00 AM,US DOLLAR,108.49,108.39,108.59
2020-10-05,12:00:00 AM,US DOLLAR,108.49,108.39,108.59
2020-10-06,12:00:00 AM,US DOLLAR,108.5,108.4,108.6
2020-10-07,12:00:00 AM,US DOLLAR,108.53,108.43,108.63
2020-10-08,12:00:00 AM,US DOLLAR,108.53,108.43,108.63
2020-10-09,12:00:00 AM,US DOLLAR,108.52,108.42,108.62
2020-10-12,12:00:00 AM,US DOLLAR,108.53,108.43,108.63
2020-10-13,12:00:00 AM,US DOLLAR,108.55,108.45,108.65
2020-10-14,12:00:00 AM,US DOLLAR,108.59,108.49,108.69
2020-10-15,12:00:00 AM,US DOLLAR,108.61,108.51,108.71
2020-10-16,12:00:00 AM,US DOLLAR,108.62,108.52,108.72
2020-10-19,12:00:00 AM,US DOLLAR,108.68,108.58,108.78
2020-10-21,12:00:00 AM,US DOLLAR,108.72,108.62,108.82
2020-10-22,12:00:00 AM,US DOLLAR,108.75,108.65,108.85
2020-10-23,12:00:00 AM,US DOLLAR,108.77,108.67,108.87
2020-10-26,12:00:00 AM,US DOLLAR,108.79,108.69,108.89
2020-10-27,12:00:00 AM,US DOLLAR,108.83,108.73,108.93
2020-10-28,12:00:00 AM,US DOLLAR,108.84,108.74,108.94
2020-10-29,12:00:00 AM,US DOLLAR,108.83,108.73,108.93
2020-10-30,12:00:00 AM,US DOLLAR,108.82,108.72,108.92
2020-11-02,12:00:00 AM,US DOLLAR,108.83,108.73,108.93
2020-11-03,12:00:00 AM,US DOLLAR,108.84,108.74,108.94
2020-11-04,12:00:00 AM,US DOLLAR,108.86,108.76,108.96
2020-11-05,12:00:00 AM,US DOLLAR,108.87,108.77,108.97
2020-11-06,12:00:00 AM,US DOLLAR,108.91,108.81,109.01
2020-11-09,12:00:00 AM,US DOLLAR,108.92,108.82,109.02
2020-11-10,12:00:00 AM,US DOLLAR,108.93,108.83,109.03
2020-11-11,12:00:00 AM,US DOLLAR,108.97,108.87,109.07
2020-11-12,12:00:00 AM,US DOLLAR,109.03,108.93,109.13
2020-11-13,12:00:00 AM,US DOLLAR,109.11,109.01,109.21
2020-11-16,12:00:00 AM,US DOLLAR,109.2,109.1,109.3
2020-11-17,12:00:00 AM,US DOLLAR,109.23,109.13,109.33
2020-11-18,12:00:00 AM,US DOLLAR,109.26,109.16,109.36
2020-11-19,12:00:00 AM,US DOLLAR,109.32,109.22,109.42
2020-11-20,12:00:00 AM,US DOLLAR,109.39,109.29,109.49
2020-11-23,12:00:00 AM,US DOLLAR,109.45,109.35,109.55
2020-11-24,12:00:00 AM,US DOLLAR,109.54,109.44,109.64
2020-11-25,12:00:00 AM,US DOLLAR,109.72,109.62,109.82
2020-11-26,12:00:00 AM,US DOLLAR,109.86,109.76,109.96
2020-11-27,12:00:00 AM,US DOLLAR,109.98,109.88,110.08
2020-11-30,12:00:00 AM,US DOLLAR,110.05,109.95,110.15
2020-12-01,12:00:00 AM,US DOLLAR,110.07,109.97,110.17
2020-12-02,12:00:00 AM,US DOLLAR,110.1,110.0,110.2
2020-12-03,12:00:00 AM,US DOLLAR,110.67,110.57,110.77
2020-12-04,12:00:00 AM,US DOLLAR,111.06,110.96,111.16
2020-12-07,12:00:00 AM,US DOLLAR,111.13,111.03,111.23
2020-12-08,12:00:00 AM,US DOLLAR,111.4,111.3,111.5
2020-12-09,12:00:00 AM,US DOLLAR,111.41,111.31,111.51
2020-12-10,12:00:00 AM,US DOLLAR,111.44,111.34,111.54
2020-12-11,12:00:00 AM,US DOLLAR,111.48,111.38,111.58
2020-12-14,12:00:00 AM,US DOLLAR,111.53,111.43,111.63
2020-12-15,12:00:00 AM,US DOLLAR,111.56,111.46,111.66
2020-12-16,12:00:00 AM,US DOLLAR,111.59,111.49,111.69
2020-12-17,12:00:00 AM,US DOLLAR,111.59,111.49,111.69
2020-12-18,12:00:00 AM,US DOLLAR,111.57,111.47,111.67
2020-12-21,12:00:00 AM,US DOLLAR,111.45,111.35,111.55
2020-12-22,12:00:00 AM,US DOLLAR,111.04,110.94,111.14
2020-12-23,12:00:00 AM,US DOLLAR,109.44,109.34,109.54
2020-12-24,12:00:00 AM,US DOLLAR,108.79,108.69,108.89
2020-12-28,12:00:00 AM,US DOLLAR,108.77,108.67,108.87
2020-12-29,12:00:00 AM,US DOLLAR,108.77,108.67,108.87
2020-12-30,12:00:00 AM,US DOLLAR,109.04,108.94,109.14
2020-12-31,12:00:00 AM,US DOLLAR,109.17,109.07,109.27
2021-01-04,12:00:00 AM,US DOLLAR,109.22,109.12,109.32
2021-01-05,12:00:00 AM,US DOLLAR,109.29,109.19,109.39
2021-01-06,12:00:00 AM,US DOLLAR,109.38,109.28,109.48
2021-01-07,12:00:00 AM,US DOLLAR,109.47,109.37,109.57
2021-01-08,12:00:00 AM,US DOLLAR,109.55,109.45,109.65
2021-01-11,12:00:00 AM,US DOLLAR,109.55,109.45,109.65
2021-01-12,12:00:00 AM,US DOLLAR,109.55,109.45,109.65
2021-01-13,12:00:00 AM,US DOLLAR,109.67,109.57,109.77
2021-01-14,12:00:00 AM,US DOLLAR,109.97,109.87,110.07
2021-01-15,12:00:00 AM,US DOLLAR,110.1,110.0,110.2
2021-01-18,12:00:00 AM,US DOLLAR,110.07,109.97,110.17
2021-01-19,12:00:00 AM,US DOLLAR,110.1,110.0,110.2
2021-01-20,12:00:00 AM,US DOLLAR,110.18,110.08,110.28
2021-01-21,12:00:00 AM,US DOLLAR,110.19,110.09,110.29
2021-01-22,12:00:00 AM,US DOLLAR,109.81,109.71,109.91
2021-01-25,12:00:00 AM,US DOLLAR,110.02,109.92,110.12
2021-01-26,12:00:00 AM,US DOLLAR,110.09,109.99,110.19
2021-01-27,12:00:00 AM,US DOLLAR,110.1,110.0,110.2
2021-01-28,12:00:00 AM,US DOLLAR,110.15,110.05,110.25
2021-01-29,12:00:00 AM,US DOLLAR,110.14,110.04,110.24
2021-02-01,12:00:00 AM,US DOLLAR,110.15,110.05,110.25
2021-02-02,12:00:00 AM,US DOLLAR,110.15,110.05,110.25
2021-02-03,12:00:00 AM,US DOLLAR,110.01,109.91,110.11
2021-02-04,12:00:00 AM,US DOLLAR,109.86,109.76,109.96
2021-02-05,12:00:00 AM,US DOLLAR,109.82,109.72,109.92
2021-02-08,12:00:00 AM,US DOLLAR,109.66,109.56,109.76
2021-02-09,12:00:00 AM,US DOLLAR,109.64,109.54,109.74
2021-02-10,12:00:00 AM,US DOLLAR,109.55,109.45,109.65
2021-02-11,12:00:00 AM,US DOLLAR,109.45,109.35,109.55
2021-02-12,12:00:00 AM,US DOLLAR,109.44,109.34,109.54
2021-02-15,12:00:00 AM,US DOLLAR,109.45,109.35,109.55
2021-02-16,12:00:00 AM,US DOLLAR,109.45,109.35,109.55
2021-02-17,12:00:00 AM,US DOLLAR,109.46,109.36,109.56
2021-02-18,12:00:00 AM,US DOLLAR,109.55,109.45,109.65
2021-02-19,12:00:00 AM,US DOLLAR,109.55,109.45,109.65
2021-02-22,12:00:00 AM,US DOLLAR,109.6,109.5,109.7
2021-02-23,12:00:00 AM,US DOLLAR,109.6,109.5,109.7
2021-02-24,12:00:00 AM,US DOLLAR,109.7,109.6,109.8
2021-02-25,12:00:00 AM,US DOLLAR,109.77,109.67,109.87
2021-02-26,12:00:00 AM,US DOLLAR,109.8,109.7,109.9
2021-03-01,12:00:00 AM,US DOLLAR,109.8,109.7,109.9
2021-03-02,12:00:00 AM,US DOLLAR,109.8,109.7,109.9
2021-03-03,12:00:00 AM,US DOLLAR,109.8,109.7,109.9
2021-03-04,12:00:00 AM,US DOLLAR,109.69,109.59,109.79
2021-03-05,12:00:00 AM,US DOLLAR,109.65,109.55,109.75
2021-03-08,12:00:00 AM,US DOLLAR,109.64,109.54,109.74
2021-03-09,12:00:00 AM,US DOLLAR,109.65,109.55,109.75
2021-03-10,12:00:00 AM,US DOLLAR,109.65,109.55,109.75
2021-03-11,12:00:00 AM,US DOLLAR,109.65,109.55,109.75
2021-03-12,12:00:00 AM,US DOLLAR,109.65,109.55,109.75
2021-03-15,12:00:00 AM,US DOLLAR,109.65,109.55,109.75
2021-03-16,12:00:00 AM,US DOLLAR,109.65,109.55,109.75
2021-03-17,12:00:00 AM,US DOLLAR,109.69,109.59,109.79
2021-03-18,12:00:00 AM,US DOLLAR,109.8,109.7,109.9
2021-03-19,12:00:00 AM,US DOLLAR,109.86,109.76,109.96
2021-03-22,12:00:00 AM,US DOLLAR,109.86,109.76,109.96
2021-03-23,12:00:00 AM,US DOLLAR,109.86,109.76,109.96
2021-03-24,12:00:00 AM,US DOLLAR,109.85,109.75,109.95
2021-03-25,12:00:00 AM,US DOLLAR,109.81,109.71,109.91
2021-03-26,12:00:00 AM,US DOLLAR,109.79,109.69,109.89
2021-03-29,12:00:00 AM,US DOLLAR,109.75,109.65,109.85
2021-03-30,12:00:00 AM,US DOLLAR,109.72,109.62,109.82
2021-03-31,12:00:00 AM,US DOLLAR,109.51,109.41,109.61
2021-04-01,12:00:00 AM,US DOLLAR,109.35,109.25,109.45
2021-04-06,12:00:00 AM,US DOLLAR,108.92,108.82,109.02
2021-04-07,12:00:00 AM,US DOLLAR,108.6,108.5,108.7
2021-04-08,12:00:00 AM,US DOLLAR,108.24,108.14,108.34
2021-04-09,12:00:00 AM,US DOLLAR,107.97,107.87,108.07
2021-04-12,12:00:00 AM,US DOLLAR,107.29,107.19,107.39
2021-04-13,12:00:00 AM,US DOLLAR,107.1,107.0,107.2
2021-04-14,12:00:00 AM,US DOLLAR,106.9,106.8,107.0
2021-04-15,12:00:00 AM,US DOLLAR,106.81,106.71,106.91
2021-04-16,12:00:00 AM,US DOLLAR,107.06,106.96,107.16
2021-04-19,12:00:00 AM,US DOLLAR,107.49,107.39,107.59
2021-04-20,12:00:00 AM,US DOLLAR,107.95,107.85,108.05
2021-04-21,12:00:00 AM,US DOLLAR,108.11,108.01,108.21
2021-04-22,12:00:00 AM,US DOLLAR,108.42,108.32,108.52
2021-04-23,12:00:00 AM,US DOLLAR,108.53,108.43,108.63
2021-04-26,12:00:00 AM,US DOLLAR,108.54,108.44,108.64
2021-04-27,12:00:00 AM,US DOLLAR,108.1,108.0,108.2
2021-04-28,12:00:00 AM,US DOLLAR,107.85,107.75,107.95
2021-04-29,12:00:00 AM,US DOLLAR,107.84,107.74,107.94
2021-04-30,12:00:00 AM,US DOLLAR,107.84,107.74,107.94
2021-05-03,12:00:00 AM,US DOLLAR,107.84,107.74,107.94
2021-05-04,12:00:00 AM,US DOLLAR,107.71,107.61,107.81
2021-05-05,12:00:00 AM,US DOLLAR,107.26,107.16,107.36
2021-05-06,12:00:00 AM,US DOLLAR,106.98,106.88,107.08
2021-05-07,12:00:00 AM,US DOLLAR,106.86,106.76,106.96
2021-05-10,12:00:00 AM,US DOLLAR,106.74,106.64,106.84
2021-05-11,12:00:00 AM,US DOLLAR,106.54,106.44,106.64
2021-05-12,12:00:00 AM,US DOLLAR,106.8,106.7,106.9
2021-05-13,12:00:00 AM,US DOLLAR,107.02,106.92,107.12
2021-05-17,12:00:00 AM,US DOLLAR,107.17,107.07,107.27
2021-05-18,12:00:00 AM,US DOLLAR,107.28,107.18,107.38
2021-05-19,12:00:00 AM,US DOLLAR,107.52,107.42,107.62
2021-05-20,12:00:00 AM,US DOLLAR,107.92,107.82,108.02
2021-05-21,12:00:00 AM,US DOLLAR,108.23,108.13,108.33
2021-05-24,12:00:00 AM,US DOLLAR,108.24,108.14,108.34
2021-05-25,12:00:00 AM,US DOLLAR,108.02,107.92,108.12
2021-05-26,12:00:00 AM,US DOLLAR,107.74,107.64,107.84
2021-05-27,12:00:00 AM,US DOLLAR,107.57,107.47,107.67
2021-05-28,12:00:00 AM,US DOLLAR,107.54,107.44,107.64
2021-05-31,12:00:00 AM,US DOLLAR,107.59,107.49,107.69
2021-06-02,12:00:00 AM,US DOLLAR,107.69,107.59,107.79
2021-06-03,12:00:00 AM,US DOLLAR,107.73,107.63,107.83
2021-06-04,12:00:00 AM,US DOLLAR,107.8,107.7,107.9
2021-06-07,12:00:00 AM,US DOLLAR,107.84,107.74,107.94
2021-06-08,12:00:00 AM,US DOLLAR,107.9,107.8,108.0
2021-06-09,12:00:00 AM,US DOLLAR,107.95,107.85,108.05
2021-06-10,12:00:00 AM,US DOLLAR,107.9,107.8,108.0
2021-06-11,12:00:00 AM,US DOLLAR,107.9,107.8,108.0
2021-06-14,12:00:00 AM,US DOLLAR,107.8,107.7,107.9
2021-06-15,12:00:00 AM,US DOLLAR,107.79,107.69,107.89
2021-06-16,12:00:00 AM,US DOLLAR,107.77,107.67,107.87
2021-06-17,12:00:00 AM,US DOLLAR,107.8,107.7,107.9
2021-06-18,12:00:00 AM,US DOLLAR,107.8,107.7,107.9
2021-06-21,12:00:00 AM,US DOLLAR,107.8,107.7,107.9
2021-06-22,12:00:00 AM,US DOLLAR,107.8,107.7,107.9
2021-06-23,12:00:00 AM,US DOLLAR,107.8,107.7,107.9
2021-06-24,12:00:00 AM,US DOLLAR,107.77,107.67,107.87
2021-06-25,12:00:00 AM,US DOLLAR,107.75,107.65,107.85
2021-06-28,12:00:00 AM,US DOLLAR,107.75,107.65,107.85
2021-06-29,12:00:00 AM,US DOLLAR,107.78,107.68,107.88
2021-06-30,12:00:00 AM,US DOLLAR,107.85,107.75,107.95
2021-07-01,12:00:00 AM,US DOLLAR,107.92,107.82,108.02
2021-07-02,12:00:00 AM,US DOLLAR,107.95,107.85,108.05
2021-07-05,12:00:00 AM,US DOLLAR,107.94,107.84,108.04
2021-07-06,12:00:00 AM,US DOLLAR,107.95,107.85,108.05
2021-07-07,12:00:00 AM,US DOLLAR,107.95,107.85,108.05
2021-07-08,12:00:00 AM,US DOLLAR,107.95,107.85,108.05
2021-07-09,12:00:00 AM,US DOLLAR,107.95,107.85,108.05
2021-07-12,12:00:00 AM,US DOLLAR,107.95,107.85,108.05
2021-07-13,12:00:00 AM,US DOLLAR,107.95,107.85,108.05
2021-07-14,12:00:00 AM,US DOLLAR,107.98,107.88,108.08
2021-07-15,12:00:00 AM,US DOLLAR,108.03,107.93,108.13
2021-07-16,12:00:00 AM,US DOLLAR,108.19,108.09,108.29
2021-07-19,12:00:00 AM,US DOLLAR,108.2,108.1,108.3
2021-07-21,12:00:00 AM,US DOLLAR,108.2,108.1,108.3
2021-07-22,12:00:00 AM,US DOLLAR,108.2,108.1,108.3
2021-07-23,12:00:00 AM,US DOLLAR,108.2,108.1,108.3
2021-07-26,12:00:00 AM,US DOLLAR,108.29,108.19,108.39
2021-07-27,12:00:00 AM,US DOLLAR,108.49,108.39,108.59
2021-07-28,12:00:00 AM,US DOLLAR,108.52,108.42,108.62
2021-07-29,12:00:00 AM,US DOLLAR,108.59,108.49,108.69
2021-07-30,12:00:00 AM,US DOLLAR,108.61,108.51,108.71
2021-08-02,12:00:00 AM,US DOLLAR,108.63,108.53,108.73
2021-08-03,12:00:00 AM,US DOLLAR,108.63,108.53,108.73
2021-08-04,12:00:00 AM,US DOLLAR,108.65,108.55,108.75
2021-08-05,12:00:00 AM,US DOLLAR,108.67,108.57,108.77
2021-08-06,12:00:00 AM,US DOLLAR,108.72,108.62,108.82
2021-08-09,12:00:00 AM,US DOLLAR,108.77,108.67,108.87
2021-08-10,12:00:00 AM,US DOLLAR,108.84,108.74,108.94
2021-08-11,12:00:00 AM,US DOLLAR,109.02,108.92,109.12
2021-08-12,12:00:00 AM,US DOLLAR,109.14,109.04,109.24
2021-08-13,12:00:00 AM,US DOLLAR,109.2,109.1,109.3
2021-08-16,12:00:00 AM,US DOLLAR,109.26,109.16,109.36
2021-08-17,12:00:00 AM,US DOLLAR,109.36,109.26,109.46
2021-08-18,12:00:00 AM,US DOLLAR,109.42,109.32,109.52
2021-08-19,12:00:00 AM,US DOLLAR,109.49,109.39,109.59
2021-08-20,12:00:00 AM,US DOLLAR,109.53,109.43,109.63
2021-08-23,12:00:00 AM,US DOLLAR,109.55,109.45,109.65
2021-08-24,12:00:00 AM,US DOLLAR,109.6,109.5,109.7
2021-08-25,12:00:00 AM,US DOLLAR,109.63,109.53,109.73
2021-08-26,12:00:00 AM,US DOLLAR,109.71,109.61,109.81
2021-08-27,12:00:00 AM,US DOLLAR,109.78,109.68,109.88
2021-08-30,12:00:00 AM,US DOLLAR,109.82,109.72,109.92
2021-08-31,12:00:00 AM,US DOLLAR,109.87,109.77,109.97
2021-09-01,12:00:00 AM,US DOLLAR,109.89,109.79,109.99
2021-09-02,12:00:00 AM,US DOLLAR,109.93,109.83,110.03
2021-09-03,12:00:00 AM,US DOLLAR,109.99,109.89,110.09
2021-09-06,12:00:00 AM,US DOLLAR,110.03,109.93,110.13
2021-09-07,12:00:00 AM,US DOLLAR,110.05,109.95,110.15
2021-09-08,12:00:00 AM,US DOLLAR,110.08,109.98,110.18
2021-09-09,12:00:00 AM,US DOLLAR,110.1,110.0,110.2
2021-09-10,12:00:00 AM,US DOLLAR,109.87,109.77,109.97
2021-09-13,12:00:00 AM,US DOLLAR,109.87,109.77,109.97
2021-09-14,12:00:00 AM,US DOLLAR,109.85,109.75,109.95
2021-09-15,12:00:00 AM,US DOLLAR,109.94,109.84,110.04
2021-09-16,12:00:00 AM,US DOLLAR,110.03,109.93,110.13
2021-09-17,12:00:00 AM,US DOLLAR,110.09,109.99,110.19
2021-09-20,12:00:00 AM,US DOLLAR,110.17,110.07,110.27
2021-09-21,12:00:00 AM,US DOLLAR,110.2,110.1,110.3
2021-09-22,12:00:00 AM,US DOLLAR,110.28,110.18,110.38
2021-09-23,12:00:00 AM,US DOLLAR,110.39,110.29,110.49
2021-09-24,12:00:00 AM,US DOLLAR,110.38,110.28,110.48
2021-09-27,12:00:00 AM,US DOLLAR,110.38,110.28,110.48
2021-09-28,12:00:00 AM,US DOLLAR,110.4,110.3,110.5
2021-09-29,12:00:00 AM,US DOLLAR,110.45,110.35,110.55
2021-09-30,12:00:00 AM,US DOLLAR,110.49,110.39,110.59
2021-10-01,12:00:00 AM,US DOLLAR,110.49,110.39,110.59
2021-10-04,12:00:00 AM,US DOLLAR,110.51,110.41,110.61
2021-10-05,12:00:00 AM,US DOLLAR,110.55,110.45,110.65
2021-10-06,12:00:00 AM,US DOLLAR,110.62,110.52,110.72
2021-10-07,12:00:00 AM,US DOLLAR,110.69,110.59,110.79
2021-10-08,12:00:00 AM,US DOLLAR,110.72,110.62,110.82
2021-10-12,12:00:00 AM,US DOLLAR,110.74,110.64,110.84
2021-10-13,12:00:00 AM,US DOLLAR,110.77,110.67,110.87
2021-10-14,12:00:00 AM,US DOLLAR,110.81,110.71,110.91
2021-10-15,12:00:00 AM,US DOLLAR,110.87,110.77,110.97
2021-10-18,12:00:00 AM,US DOLLAR,110.89,110.79,110.99
2021-10-19,12:00:00 AM,US DOLLAR,110.91,110.81,111.01
2021-10-21,12:00:00 AM,US DOLLAR,111.02,110.92,111.12
2021-10-22,12:00:00 AM,US DOLLAR,111.06,110.96,111.16
2021-10-25,12:00:00 AM,US DOLLAR,111.09,110.99,111.19
2021-10-26,12:00:00 AM,US DOLLAR,111.13,111.03,111.23
2021-10-27,12:00:00 AM,US DOLLAR,111.15,111.05,111.25
2021-10-28,12:00:00 AM,US DOLLAR,111.15,111.05,111.25
2021-10-29,12:00:00 AM,US DOLLAR,111.21,111.11,111.31
2021-11-01,12:00:00 AM,US DOLLAR,111.24,111.14,111.34
2021-11-02,12:00:00 AM,US DOLLAR,111.29,111.19,111.39
2021-11-03,12:00:00 AM,US DOLLAR,111.36,111.26,111.46
2021-11-04,12:00:00 AM,US DOLLAR,111.44,111.34,111.54
2021-11-05,12:00:00 AM,US DOLLAR,111.55,111.45,111.65
2021-11-08,12:00:00 AM,US DOLLAR,111.59,111.49,111.69
2021-11-09,12:00:00 AM,US DOLLAR,111.65,111.55,111.75
2021-11-10,12:00:00 AM,US DOLLAR,111.7,111.6,111.8
2021-11-11,12:00:00 AM,US DOLLAR,111.77,111.67,111.87
2021-11-12,12:00:00 AM,US DOLLAR,111.81,111.71,111.91
2021-11-15,12:00:00 AM,US DOLLAR,111.91,111.81,112.01
2021-11-16,12:00:00 AM,US DOLLAR,111.97,111.87,112.07
2021-11-17,12:00:00 AM,US DOLLAR,112.01,111.91,112.11
2021-11-18,12:00:00 AM,US DOLLAR,112.11,112.01,112.21
2021-11-19,12:00:00 AM,US DOLLAR,112.18,112.08,112.28
2021-11-22,12:00:00 AM,US DOLLAR,112.25,112.15,112.35
2021-11-23,12:00:00 AM,US DOLLAR,112.29,112.19,112.39
2021-11-24,12:00:00 AM,US DOLLAR,112.35,112.25,112.45
2021-11-25,12:00:00 AM,US DOLLAR,112.36,112.26,112.46
2021-11-26,12:00:00 AM,US DOLLAR,112.39,112.29,112.49
2021-11-29,12:00:00 AM,US DOLLAR,112.44,112.34,112.54
2021-11-30,12:00:00 AM,US DOLLAR,112.49,112.39,112.59
2021-12-01,12:00:00 AM,US DOLLAR,112.52,112.42,112.62
2021-12-02,12:00:00 AM,US DOLLAR,112.56,112.46,112.66
2021-12-03,12:00:00 AM,US DOLLAR,112.63,112.53,112.73
2021-12-06,12:00:00 AM,US DOLLAR,112.67,112.57,112.77
2021-12-07,12:00:00 AM,US DOLLAR,112.71,112.61,112.81
2021-12-08,12:00:00 AM,US DOLLAR,112.81,112.71,112.91
2021-12-09,12:00:00 AM,US DOLLAR,112.86,112.76,112.96
2021-12-10,12:00:00 AM,US DOLLAR,112.89,112.79,112.99
2021-12-14,12:00:00 AM,US DOLLAR,112.91,112.81,113.01
2021-12-15,12:00:00 AM,US DOLLAR,112.92,112.82,113.02
2021-12-16,12:00:00 AM,US DOLLAR,112.96,112.86,113.06
2021-12-17,12:00:00 AM,US DOLLAR,113.01,112.91,113.11
2021-12-20,12:00:00 AM,US DOLLAR,113.03,112.93,113.13
2021-12-21,12:00:00 AM,US DOLLAR,113.04,112.94,113.14
2021-12-22,12:00:00 AM,US DOLLAR,113.05,112.95,113.15
2021-12-23,12:00:00 AM,US DOLLAR,113.06,112.96,113.16
2021-12-24,12:00:00 AM,US DOLLAR,113.08,112.98,113.18
2021-12-28,12:00:00 AM,US DOLLAR,113.1,113.0,113.2
2021-12-29,12:00:00 AM,US DOLLAR,113.11,113.01,113.21
2021-12-30,12:00:00 AM,US DOLLAR,113.13,113.03,113.23
2021-12-31,12:00:00 AM,US DOLLAR,113.14,113.04,113.24
2022-01-03,12:00:00 AM,US DOLLAR,113.14,113.04,113.24
2022-01-04,12:00:00 AM,US DOLLAR,113.16,113.06,113.26
2022-01-05,12:00:00 AM,US DOLLAR,113.17,113.07,113.27
2022-01-06,12:00:00 AM,US DOLLAR,113.19,113.09,113.29
2022-01-07,12:00:00 AM,US DOLLAR,113.22,113.12,113.32
2022-01-10,12:00:00 AM,US DOLLAR,113.24,113.14,113.34
2022-01-11,12:00:00 AM,US DOLLAR,113.28,113.18,113.38
2022-01-12,12:00:00 AM,US DOLLAR,113.31,113.21,113.41
2022-01-13,12:00:00 AM,US DOLLAR,113.33,113.23,113.43
2022-01-14,12:00:00 AM,US DOLLAR,113.37,113.27,113.47
2022-01-17,12:00:00 AM,US DOLLAR,113.39,113.29,113.49
2022-01-18,12:00:00 AM,US DOLLAR,113.41,113.31,113.51
2022-01-19,12:00:00 AM,US DOLLAR,113.47,113.37,113.57
2022-01-20,12:00:00 AM,US DOLLAR,113.5,113.4,113.6
2022-01-21,12:00:00 AM,US DOLLAR,113.52,113.42,113.62
2022-01-24,12:00:00 AM,US DOLLAR,113.53,113.43,113.63
2022-01-25,12:00:00 AM,US DOLLAR,113.54,113.44,113.64
2022-01-26,12:00:00 AM,US DOLLAR,113.55,113.45,113.65
2022-01-27,12:00:00 AM,US DOLLAR,113.55,113.45,113.65
2022-01-28,12:00:00 AM,US DOLLAR,113.57,113.47,113.67
2022-01-31,12:00:00 AM,US DOLLAR,113.57,113.47,113.67
2022-02-01,12:00:00 AM,US DOLLAR,113.58,113.48,113.68
2022-02-02,12:00:00 AM,US DOLLAR,113.58,113.48,113.68
2022-02-03,12:00:00 AM,US DOLLAR,113.59,113.49,113.69
2022-02-04,12:00:00 AM,US DOLLAR,113.6,113.5,113.7
2022-02-07,12:00:00 AM,US DOLLAR,113.61,113.51,113.71
2022-02-08,12:00:00 AM,US DOLLAR,113.62,113.52,113.72
2022-02-09,12:00:00 AM,US DOLLAR,113.63,113.53,113.73
2022-02-10,12:00:00 AM,US DOLLAR,113.63,113.53,113.73
2022-02-11,12:00:00 AM,US DOLLAR,113.63,113.53,113.73
2022-02-14,12:00:00 AM,US DOLLAR,113.63,113.53,113.73
2022-02-15,12:00:00 AM,US DOLLAR,113.63,113.53,113.73
2022-02-16,12:00:00 AM,US DOLLAR,113.64,113.54,113.74
2022-02-17,12:00:00 AM,US DOLLAR,113.64,113.54,113.74
2022-02-18,12:00:00 AM,US DOLLAR,113.67,113.57,113.77
2022-02-21,12:00:00 AM,US DOLLAR,113.69,113.59,113.79
2022-02-22,12:00:00 AM,US DOLLAR,113.69,113.59,113.79
2022-02-23,12:00:00 AM,US DOLLAR,113.74,113.64,113.84
2022-02-24,12:00:00 AM,US DOLLAR,113.8,113.7,113.9
2022-02-25,12:00:00 AM,US DOLLAR,113.82,113.72,113.92
2022-02-28,12:00:00 AM,US DOLLAR,113.84,113.74,113.94
2022-03-01,12:00:00 AM,US DOLLAR,113.84,113.74,113.94
2022-03-02,12:00:00 AM,US DOLLAR,113.85,113.75,113.95
2022-03-03,12:00:00 AM,US DOLLAR,113.89,113.79,113.99
2022-03-04,12:00:00 AM,US DOLLAR,113.91,113.81,114.01
2022-03-07,12:00:00 AM,US DOLLAR,113.95,113.85,114.05
2022-03-08,12:00:00 AM,US DOLLAR,114.01,113.91,114.11
2022-03-09,12:00:00 AM,US DOLLAR,114.08,113.98,114.18
2022-03-10,12:00:00 AM,US DOLLAR,114.14,114.04,114.24
2022-03-11,12:00:00 AM,US DOLLAR,114.18,114.08,114.28
2022-03-14,12:00:00 AM,US DOLLAR,114.19,114.09,114.29
2022-03-15,12:00:00 AM,US DOLLAR,114.23,114.13,114.33
2022-03-16,12:00:00 AM,US DOLLAR,114.29,114.19,114.39
2022-03-17,12:00:00 AM,US DOLLAR,114.31,114.22,114.41
2022-03-18,12:00:00 AM,US DOLLAR,114.38,114.28,114.48
2022-03-21,12:00:00 AM,US DOLLAR,114.4,114.3,114.5
2022-03-22,12:00:00 AM,US DOLLAR,114.44,114.34,114.54
2022-03-23,12:00:00 AM,US DOLLAR,114.5,114.4,114.6
2022-03-24,12:00:00 AM,US DOLLAR,114.6,114.5,114.7
2022-03-25,12:00:00 AM,US DOLLAR,114.69,114.59,114.79
2022-03-28,12:00:00 AM,US DOLLAR,114.75,114.65,114.85
2022-03-29,12:00:00 AM,US DOLLAR,114.82,114.72,114.92
2022-03-30,12:00:00 AM,US DOLLAR,114.87,114.77,114.97
2022-03-31,12:00:00 AM,US DOLLAR,114.95,114.85,115.05
2022-04-01,12:00:00 AM,US DOLLAR,114.95,114.85,115.05
2022-04-04,12:00:00 AM,US DOLLAR,115.04,114.94,115.14
2022-04-01,12:00:00 AM,US DOLLAR,115.0,114.9,115.1
2022-04-05,12:00:00 AM,US DOLLAR,115.1,115.0,115.2
2022-04-06,12:00:00 AM,US DOLLAR,115.12,115.02,115.22
2022-04-07,12:00:00 AM,US DOLLAR,115.19,115.09,115.29
2022-04-08,12:00:00 AM,US DOLLAR,115.29,115.19,115.39
2022-04-11,12:00:00 AM,US DOLLAR,115.33,115.23,115.43
2022-04-12,12:00:00 AM,US DOLLAR,115.38,115.28,115.48
2022-04-13,12:00:00 AM,US DOLLAR,115.41,115.31,115.51
2022-04-14,12:00:00 AM,US DOLLAR,115.44,115.34,115.54
2022-04-19,12:00:00 AM,US DOLLAR,115.48,115.38,115.58
2022-04-20,12:00:00 AM,US DOLLAR,115.51,115.41,115.61
2022-04-21,12:00:00 AM,US DOLLAR,115.54,115.44,115.64
2022-04-22,12:00:00 AM,US DOLLAR,115.6,115.5,115.7
2022-04-25,12:00:00 AM,US DOLLAR,115.65,115.55,115.75
2022-04-26,12:00:00 AM,US DOLLAR,115.7,115.6,115.8
2022-04-27,12:00:00 AM,US DOLLAR,115.74,115.64,115.84
2022-04-28,12:00:00 AM,US DOLLAR,115.77,115.67,115.87
2022-05-04,12:00:00 AM,US DOLLAR,115.81,115.71,115.91
2022-05-05,12:00:00 AM,US DOLLAR,115.84,115.74,115.94
2022-05-06,12:00:00 AM,US DOLLAR,115.9,115.8,116.0
2022-05-09,12:00:00 AM,US DOLLAR,115.95,115.85,116.05
2022-05-10,12:00:00 AM,US DOLLAR,116.0,115.9,116.1
2022-05-11,12:00:00 AM,US DOLLAR,116.07,115.97,116.17
2022-05-12,12:00:00 AM,US DOLLAR,116.1,116.0,116.2
2022-05-13,12:00:00 AM,US DOLLAR,116.12,116.02,116.22
2022-05-16,12:00:00 AM,US DOLLAR,116.17,116.07,116.27
2022-05-17,12:00:00 AM,US DOLLAR,116.24,116.14,116.34
2022-05-18,12:00:00 AM,US DOLLAR,116.32,116.22,116.42
2022-05-19,12:00:00 AM,US DOLLAR,116.37,116.28,116.47
2022-05-20,12:00:00 AM,US DOLLAR,116.41,116.31,116.51
2022-05-23,12:00:00 AM,US DOLLAR,116.47,116.37,116.57
2022-05-24,12:00:00 AM,US DOLLAR,116.52,116.42,116.62
2022-05-25,12:00:00 AM,US DOLLAR,116.58,116.48,116.68
2022-05-26,12:00:00 AM,US DOLLAR,116.62,116.52,116.72
2022-05-27,12:00:00 AM,US DOLLAR,116.69,116.59,116.79
2022-05-30,12:00:00 AM,US DOLLAR,116.71,116.61,116.81
2022-05-31,12:00:00 AM,US DOLLAR,116.74,116.64,116.84
2022-06-02,12:00:00 AM,US DOLLAR,116.81,116.71,116.91
2022-06-03,12:00:00 AM,US DOLLAR,116.83,116.73,116.93
2022-06-06,12:00:00 AM,US DOLLAR,116.85,116.75,116.95
2022-06-07,12:00:00 AM,US DOLLAR,116.9,116.8,117.0
2022-06-08,12:00:00 AM,US DOLLAR,116.95,116.85,117.05
2022-06-09,12:00:00 AM,US DOLLAR,117.01,116.91,117.11
2022-06-10,12:00:00 AM,US DOLLAR,117.05,116.95,117.15
2022-06-13,12:00:00 AM,US DOLLAR,117.1,117.0,117.2
2022-06-14,12:00:00 AM,US DOLLAR,117.17,117.07,117.27
2022-06-15,12:00:00 AM,US DOLLAR,117.24,117.14,117.34
2022-06-16,12:00:00 AM,US DOLLAR,117.29,117.19,117.39
2022-06-17,12:00:00 AM,US DOLLAR,117.33,117.23,117.43
2022-06-20,12:00:00 AM,US DOLLAR,117.4,117.3,117.5
2022-06-21,12:00:00 AM,US DOLLAR,117.44,117.34,117.54
2022-06-22,12:00:00 AM,US DOLLAR,117.51,117.41,117.61
2022-06-23,12:00:00 AM,US DOLLAR,117.57,117.47,117.67
2022-06-24,12:00:00 AM,US DOLLAR,117.66,117.56,117.76
2022-06-27,12:00:00 AM,US DOLLAR,117.69,117.59,117.79
2022-06-28,12:00:00 AM,US DOLLAR,117.7,117.6,117.8
2022-06-29,12:00:00 AM,US DOLLAR,117.79,117.69,117.89
2022-06-30,12:00:00 AM,US DOLLAR,117.83,117.73,117.93
2022-07-01,12:00:00 AM,US DOLLAR,117.87,117.77,117.97
2022-07-04,12:00:00 AM,US DOLLAR,117.9,117.8,118.0
2022-07-05,12:00:00 AM,US DOLLAR,117.95,117.85,118.05
2022-07-06,12:00:00 AM,US DOLLAR,117.99,117.89,118.09
2022-07-07,12:00:00 AM,US DOLLAR,118.03,117.93,118.13
2022-07-08,12:00:00 AM,US DOLLAR,118.07,117.97,118.17
2022-07-12,12:00:00 AM,US DOLLAR,118.13,118.03,118.23
2022-07-13,12:00:00 AM,US DOLLAR,118.18,118.08,118.28
2022-07-14,12:00:00 AM,US DOLLAR,118.23,118.13,118.33
2022-07-15,12:00:00 AM,US DOLLAR,118.27,118.17,118.37
2022-07-18,12:00:00 AM,US DOLLAR,118.33,118.23,118.43
2022-07-19,12:00:00 AM,US DOLLAR,118.39,118.29,118.49
2022-07-20,12:00:00 AM,US DOLLAR,118.45,118.35,118.55
2022-07-21,12:00:00 AM,US DOLLAR,118.52,118.42,118.62
2022-07-22,12:00:00 AM,US DOLLAR,118.57,118.47,118.67
2022-07-25,12:00:00 AM,US DOLLAR,118.62,118.52,118.72
2022-07-26,12:00:00 AM,US DOLLAR,118.66,118.56,118.76
2022-07-27,12:00:00 AM,US DOLLAR,118.72,118.62,118.82
2022-07-28,12:00:00 AM,US DOLLAR,118.76,118.66,118.86
2022-07-29,12:00:00 AM,US DOLLAR,118.8,118.7,118.9
2022-08-01,12:00:00 AM,US DOLLAR,118.85,118.75,118.95
2022-08-02,12:00:00 AM,US DOLLAR,118.91,118.81,119.01
2022-08-03,12:00:00 AM,US DOLLAR,118.99,118.89,119.09
2022-08-04,12:00:00 AM,US DOLLAR,119.03,118.93,119.13
2022-08-05,12:00:00 AM,US DOLLAR,119.09,118.99,119.19
2022-08-08,12:00:00 AM,US DOLLAR,119.13,119.03,119.23
2022-08-10,12:00:00 AM,US DOLLAR,119.17,119.07,119.27
2022-08-11,12:00:00 AM,US DOLLAR,119.24,119.14,119.34
2022-08-12,12:00:00 AM,US DOLLAR,119.31,119.21,119.41
2022-08-15,12:00:00 AM,US DOLLAR,119.36,119.26,119.46
2022-08-16,12:00:00 AM,US DOLLAR,119.41,119.31,119.51
2022-08-17,12:00:00 AM,US DOLLAR,119.45,119.35,119.55
2022-08-18,12:00:00 AM,US DOLLAR,119.47,119.37,119.57
2022-08-19,12:00:00 AM,US DOLLAR,119.57,119.47,119.67
2022-08-22,12:00:00 AM,US DOLLAR,119.63,119.53,119.73
2022-08-23,12:00:00 AM,US DOLLAR,119.72,119.62,119.82
2022-08-24,12:00:00 AM,US DOLLAR,119.8,119.7,119.9
2022-08-25,12:00:00 AM,US DOLLAR,119.86,119.76,119.96
2022-08-26,12:00:00 AM,US DOLLAR,119.91,119.81,120.01
2022-08-29,12:00:00 AM,US DOLLAR,119.93,119.83,120.03
2022-08-30,12:00:00 AM,US DOLLAR,119.98,119.88,120.08
2022-08-31,12:00:00 AM,US DOLLAR,120.01,119.91,120.11
2022-09-01,12:00:00 AM,US DOLLAR,120.05,119.95,120.15
2022-09-02,12:00:00 AM,US DOLLAR,120.12,120.02,120.22
2022-09-05,12:00:00 AM,US DOLLAR,120.18,120.08,120.28
2022-09-06,12:00:00 AM,US DOLLAR,120.22,120.12,120.32
2022-09-07,12:00:00 AM,US DOLLAR,120.26,120.16,120.36
2022-09-08,12:00:00 AM,US DOLLAR,120.28,120.18,120.38
2022-09-09,12:00:00 AM,US DOLLAR,120.31,120.21,120.41
2022-09-12,12:00:00 AM,US DOLLAR,120.34,120.24,120.44
2022-09-14,12:00:00 AM,US DOLLAR,120.37,120.27,120.47
2022-09-15,12:00:00 AM,US DOLLAR,120.41,120.31,120.51
2022-09-16,12:00:00 AM,US DOLLAR,120.41,120.31,120.51
2022-09-19,12:00:00 AM,US DOLLAR,120.43,120.33,120.53
2022-09-20,12:00:00 AM,US DOLLAR,120.46,120.36,120.56
2022-09-21,12:00:00 AM,US DOLLAR,120.5,120.4,120.6
2022-09-22,12:00:00 AM,US DOLLAR,120.54,120.44,120.64
2022-09-23,12:00:00 AM,US DOLLAR,120.56,120.46,120.66
2022-09-26,12:00:00 AM,US DOLLAR,120.6,120.5,120.7
2022-09-27,12:00:00 AM,US DOLLAR,120.62,120.52,120.72
2022-09-28,12:00:00 AM,US DOLLAR,120.67,120.57,120.77
2022-09-29,12:00:00 AM,US DOLLAR,120.7,120.6,120.8
2022-09-30,12:00:00 AM,US DOLLAR,120.73,120.63,120.83
2022-10-03,12:00:00 AM,US DOLLAR,120.78,120.68,120.88
2022-10-04,12:00:00 AM,US DOLLAR,120.79,120.69,120.89
2022-10-05,12:00:00 AM,US DOLLAR,120.81,120.71,120.91
2022-10-06,12:00:00 AM,US DOLLAR,120.82,120.72,120.92
2022-10-07,12:00:00 AM,US DOLLAR,120.85,120.75,120.95
2022-10-11,12:00:00 AM,US DOLLAR,120.86,120.76,120.96
2022-10-12,12:00:00 AM,US DOLLAR,120.91,120.81,121.01
2022-10-13,12:00:00 AM,US DOLLAR,120.94,120.84,121.04
2022-10-14,12:00:00 AM,US DOLLAR,120.97,120.87,121.07
2022-10-17,12:00:00 AM,US DOLLAR,121.03,120.93,121.13
2022-10-18,12:00:00 AM,US DOLLAR,121.07,120.97,121.17
2022-10-19,12:00:00 AM,US DOLLAR,121.11,121.01,121.21
2022-10-21,12:00:00 AM,US DOLLAR,121.14,121.04,121.24
2022-10-24,12:00:00 AM,US DOLLAR,121.17,121.07,121.27
2022-10-25,12:00:00 AM,US DOLLAR,121.19,121.09,121.29
2022-10-26,12:00:00 AM,US DOLLAR,121.23,121.13,121.33
2022-10-27,12:00:00 AM,US DOLLAR,121.27,121.17,121.37
2022-10-28,12:00:00 AM,US DOLLAR,121.31,121.21,121.41
2022-10-31,12:00:00 AM,US DOLLAR,121.33,121.23,121.43
2022-11-01,12:00:00 AM,US DOLLAR,121.38,121.28,121.48
2022-11-02,12:00:00 AM,US DOLLAR,121.41,121.31,121.51
2022-11-03,12:00:00 AM,US DOLLAR,121.45,121.35,121.55
2022-11-04,12:00:00 AM,US DOLLAR,121.5,121.4,121.6
2022-11-07,12:00:00 AM,US DOLLAR,121.54,121.44,121.64
2022-11-08,12:00:00 AM,US DOLLAR,121.61,121.51,121.71
2022-11-09,12:00:00 AM,US DOLLAR,121.67,121.57,121.77
2022-11-10,12:00:00 AM,US DOLLAR,121.74,121.64,121.84
2022-11-11,12:00:00 AM,US DOLLAR,121.78,121.68,121.88
2022-11-14,12:00:00 AM,US DOLLAR,121.83,121.73,121.93
2022-11-15,12:00:00 AM,US DOLLAR,121.9,121.8,122.0
2022-11-16,12:00:00 AM,US DOLLAR,121.93,121.83,122.03
2022-11-17,12:00:00 AM,US DOLLAR,121.98,121.88,122.08
2022-11-18,12:00:00 AM,US DOLLAR,122.03,121.93,122.13
2022-11-21,12:00:00 AM,US DOLLAR,122.08,121.98,122.18
2022-11-22,12:00:00 AM,US DOLLAR,122.13,122.03,122.23
2022-11-23,12:00:00 AM,US DOLLAR,122.18,122.08,122.28
2022-11-24,12:00:00 AM,US DOLLAR,122.23,122.13,122.33
2022-11-25,12:00:00 AM,US DOLLAR,122.28,122.18,122.38
2022-11-28,12:00:00 AM,US DOLLAR,122.34,122.24,122.44
2022-11-29,12:00:00 AM,US DOLLAR,122.38,122.28,122.48
2022-11-30,12:00:00 AM,US DOLLAR,122.45,122.35,122.55
2022-12-01,12:00:00 AM,US DOLLAR,122.5,122.4,122.6
2022-12-02,12:00:00 AM,US DOLLAR,122.53,122.43,122.63
2022-12-05,12:00:00 AM,US DOLLAR,122.59,122.49,122.69
2022-12-06,12:00:00 AM,US DOLLAR,122.63,122.53,122.73
2022-12-07,12:00:00 AM,US DOLLAR,122.69,122.59,122.79
2022-12-08,12:00:00 AM,US DOLLAR,122.74,122.64,122.84
2022-12-09,12:00:00 AM,US DOLLAR,122.79,122.69,122.89
2022-12-13,12:00:00 AM,US DOLLAR,122.84,122.74,122.94
2022-12-14,12:00:00 AM,US DOLLAR,122.9,122.8,123.0
2022-12-15,12:00:00 AM,US DOLLAR,122.94,122.84,123.04
2022-12-16,12:00:00 AM,US DOLLAR,122.99,122.89,123.09
2022-12-19,12:00:00 AM,US DOLLAR,123.05,122.95,123.15
2022-12-20,12:00:00 AM,US DOLLAR,123.09,122.99,123.19
2022-12-21,12:00:00 AM,US DOLLAR,123.14,123.04,123.24
2022-12-22,12:00:00 AM,US DOLLAR,123.16,123.06,123.26
2022-12-23,12:00:00 AM,US DOLLAR,123.21,123.11,123.31
2022-12-28,12:00:00 AM,US DOLLAR,123.26,123.16,123.36
2022-12-29,12:00:00 AM,US DOLLAR,123.33,123.23,123.43
2022-12-30,12:00:00 AM,US DOLLAR,123.37,123.27,123.47
2023-01-03,12:00:00 AM,US DOLLAR,123.42,123.32,123.52
2023-01-04,12:00:00 AM,US DOLLAR,123.44,123.34,123.54
2023-01-05,12:00:00 AM,US DOLLAR,123.48,123.38,123.58
2023-01-06,12:00:00 AM,US DOLLAR,123.55,123.45,123.65
2023-01-09,12:00:00 AM,US DOLLAR,123.59,123.49,123.69
2023-01-10,12:00:00 AM,US DOLLAR,123.65,123.55,123.75
2023-01-11,12:00:00 AM,US DOLLAR,123.72,123.62,123.82
2023-01-12,12:00:00 AM,US DOLLAR,123.78,123.68,123.88
2023-01-13,12:00:00 AM,US DOLLAR,123.84,123.74,123.94
2023-01-16,12:00:00 AM,US DOLLAR,123.89,123.79,123.99
2023-01-17,12:00:00 AM,US DOLLAR,123.94,123.84,124.04
2023-01-18,12:00:00 AM,US DOLLAR,124.01,123.91,124.11
2023-01-19,12:00:00 AM,US DOLLAR,124.05,123.95,124.15
2023-01-20,12:00:00 AM,US DOLLAR,124.09,123.99,124.19
2023-01-23,12:00:00 AM,US DOLLAR,124.13,124.03,124.23
2023-01-24,12:00:00 AM,US DOLLAR,124.17,124.07,124.27
2023-01-25,12:00:00 AM,US DOLLAR,124.25,124.15,124.35
2023-01-26,12:00:00 AM,US DOLLAR,124.3,124.2,124.4
2023-01-27,12:00:00 AM,US DOLLAR,124.35,124.25,124.45
2023-01-30,12:00:00 AM,US DOLLAR,124.39,124.29,124.49
2023-01-31,12:00:00 AM,US DOLLAR,124.4,124.3,124.5
2023-02-01,12:00:00 AM,US DOLLAR,124.48,124.38,124.58
2023-02-02,12:00:00 AM,US DOLLAR,124.52,124.42,124.62
2023-02-03,12:00:00 AM,US DOLLAR,124.59,124.49,124.69
2023-02-06,12:00:00 AM,US DOLLAR,124.66,124.56,124.76
2023-02-07,12:00:00 AM,US DOLLAR,124.8,124.7,124.9
2023-02-08,12:00:00 AM,US DOLLAR,124.88,124.78,124.98
2023-02-09,12:00:00 AM,US DOLLAR,124.98,124.88,125.08
2023-02-10,12:00:00 AM,US DOLLAR,125.08,124.98,125.18
2023-02-13,12:00:00 AM,US DOLLAR,125.19,125.09,125.29
2023-02-14,12:00:00 AM,US DOLLAR,125.27,125.17,125.37
2023-02-15,12:00:00 AM,US DOLLAR,125.38,125.28,125.48
2023-02-16,12:00:00 AM,US DOLLAR,125.52,125.42,125.62
2023-02-17,12:00:00 AM,US DOLLAR,125.63,125.53,125.73
2023-02-20,12:00:00 AM,US DOLLAR,125.77,125.67,125.87
2023-02-21,12:00:00 AM,US DOLLAR,125.94,125.84,126.04
2023-02-22,12:00:00 AM,US DOLLAR,126.08,125.98,126.18
2023-02-23,12:00:00 AM,US DOLLAR,126.27,126.17,126.37
2023-02-24,12:00:00 AM,US DOLLAR,126.43,126.33,126.53
2023-02-27,12:00:00 AM,US DOLLAR,126.61,126.51,126.71
2023-02-28,12:00:00 AM,US DOLLAR,126.85,126.75,126.95
2023-03-01,12:00:00 AM,US DOLLAR,127.08,126.98,127.18
2023-03-02,12:00:00 AM,US DOLLAR,127.29,127.19,127.39
2023-03-03,12:00:00 AM,US DOLLAR,127.54,127.44,127.64
2023-03-06,12:00:00 AM,US DOLLAR,127.76,127.66,127.86
2023-03-07,12:00:00 AM,US DOLLAR,128.11,128.01,128.21
2023-03-08,12:00:00 AM,US DOLLAR,128.36,128.26,128.46
2023-03-09,12:00:00 AM,US DOLLAR,128.59,128.49,128.69
2023-03-10,12:00:00 AM,US DOLLAR,128.89,128.79,128.99
2023-03-13,12:00:00 AM,US DOLLAR,129.24,129.14,129.34
2023-03-14,12:00:00 AM,US DOLLAR,129.45,129.35,129.55
2023-03-15,12:00:00 AM,US DOLLAR,129.59,129.49,129.69
2023-03-16,12:00:00 AM,US DOLLAR,129.76,129.66,129.86
2023-03-17,12:00:00 AM,US DOLLAR,129.88,129.78,129.98
2023-03-20,12:00:00 AM,US DOLLAR,130.01,129.91,130.11
2023-03-20,12:00:00 AM,US DOLLAR,130.01,129.91,130.11
2023-03-21,12:00:00 AM,US DOLLAR,130.32,130.22,130.42
2023-03-22,12:00:00 AM,US DOLLAR,130.62,130.52,130.72
2023-03-23,12:00:00 AM,US DOLLAR,130.99,130.89,131.09
2023-03-24,12:00:00 AM,US DOLLAR,131.27,131.17,131.37
2023-03-27,12:00:00 AM,US DOLLAR,131.4,131.3,131.5
2023-03-28,12:00:00 AM,US DOLLAR,131.53,131.43,131.63
2023-03-29,12:00:00 AM,US DOLLAR,131.78,131.68,131.88
2023-03-30,12:00:00 AM,US DOLLAR,132.13,132.03,132.23
2023-03-31,12:00:00 AM,US DOLLAR,132.33,132.23,132.43
2023-04-03,12:00:00 AM,US DOLLAR,132.52,132.42,132.62
2023-04-04,12:00:00 AM,US DOLLAR,132.67,132.57,132.77
2023-04-05,12:00:00 AM,US DOLLAR,132.94,132.84,133.04
2023-04-06,12:00:00 AM,US DOLLAR,133.3,133.2,133.4
2023-04-11,12:00:00 AM,US DOLLAR,133.59,133.49,133.69
2023-04-12,12:00:00 AM,US DOLLAR,133.72,133.62,133.82
2023-04-13,12:00:00 AM,US DOLLAR,133.95,133.85,134.05
2023-04-14,12:00:00 AM,US DOLLAR,134.35,134.25,134.45
2023-04-17,12:00:00 AM,US DOLLAR,134.57,134.47,134.67
2023-04-18,12:00:00 AM,US DOLLAR,134.74,134.64,134.84
2023-04-19,12:00:00 AM,US DOLLAR,134.97,134.87,135.07
2023-04-20,12:00:00 AM,US DOLLAR,135.19,135.09,135.29
2023-04-24,12:00:00 AM,US DOLLAR,135.31,135.21,135.41
2023-04-25,12:00:00 AM,US DOLLAR,135.48,135.38,135.58
2023-04-26,12:00:00 AM,US DOLLAR,135.66,135.56,135.76
2023-04-27,12:00:00 AM,US DOLLAR,135.83,135.73,135.93
2023-04-28,12:00:00 AM,US DOLLAR,135.91,135.81,136.01
2023-05-02,12:00:00 AM,US DOLLAR,136.02,135.92,136.12
2023-05-03,12:00:00 AM,US DOLLAR,136.15,136.05,136.25
2023-05-04,12:00:00 AM,US DOLLAR,136.26,136.16,136.36
2023-05-05,12:00:00 AM,US DOLLAR,136.4,136.3,136.5
2023-05-08,12:00:00 AM,US DOLLAR,136.47,136.37,136.57
2023-05-09,12:00:00 AM,US DOLLAR,136.59,136.49,136.69
2023-05-10,12:00:00 AM,US DOLLAR,136.68,136.58,136.78
2023-05-11,12:00:00 AM,US DOLLAR,136.79,136.69,136.89
2023-05-12,12:00:00 AM,US DOLLAR,136.88,136.78,136.98
2023-05-15,12:00:00 AM,US DOLLAR,136.98,136.88,137.08
2023-05-16,12:00:00 AM,US DOLLAR,137.1,137.0,137.2
2023-05-18,12:00:00 AM,US DOLLAR,137.37,137.27,137.47
2023-05-17,12:00:00 AM,US DOLLAR,137.24,137.14,137.34
2023-05-19,12:00:00 AM,US DOLLAR,137.49,137.39,137.59
2023-05-22,12:00:00 AM,US DOLLAR,137.63,137.53,137.73
2023-05-23,12:00:00 AM,US DOLLAR,137.76,137.66,137.86
2023-05-24,12:00:00 AM,US DOLLAR,137.96,137.86,138.06
2023-05-25,12:00:00 AM,US DOLLAR,138.13,138.03,138.23
2023-05-26,12:00:00 AM,US DOLLAR,138.25,138.15,138.35
2023-05-29,12:00:00 AM,US DOLLAR,138.33,138.23,138.43
2023-05-30,12:00:00 AM,US DOLLAR,138.42,138.32,138.52
2023-05-31,12:00:00 AM,US DOLLAR,138.49,138.39,138.59
2023-06-02,12:00:00 AM,US DOLLAR,138.61,138.51,138.71
2023-06-05,12:00:00 AM,US DOLLAR,138.76,138.66,138.86
2023-06-06,12:00:00 AM,US DOLLAR,138.87,138.77,138.97
2023-06-07,12:00:00 AM,US DOLLAR,138.97,138.87,139.07
2023-06-08,12:00:00 AM,US DOLLAR,139.11,139.01,139.21
2023-06-09,12:00:00 AM,US DOLLAR,139.22,139.12,139.32
2023-06-12,12:00:00 AM,US DOLLAR,139.35,139.25,139.45
2023-06-13,12:00:00 AM,US DOLLAR,139.48,139.38,139.58
2023-06-14,12:00:00 AM,US DOLLAR,139.63,139.53,139.73
2023-06-15,12:00:00 AM,US DOLLAR,139.71,139.61,139.81
2023-06-16,12:00:00 AM,US DOLLAR,139.87,139.77,139.97
2023-06-19,12:00:00 AM,US DOLLAR,140.04,139.94,140.14
2023-06-20,12:00:00 AM,US DOLLAR,140.12,140.02,140.22
2023-06-21,12:00:00 AM,US DOLLAR,140.2,140.1,140.3
2023-06-22,12:00:00 AM,US DOLLAR,140.31,140.21,140.41
2023-06-23,12:00:00 AM,US DOLLAR,140.4,140.3,140.5
2023-06-26,12:00:00 AM,US DOLLAR,140.44,140.34,140.54
2023-06-27,12:00:00 AM,US DOLLAR,140.44,140.34,140.54
2023-06-29,12:00:00 AM,US DOLLAR,140.45,140.35,140.55
2023-06-30,12:00:00 AM,US DOLLAR,140.52,140.42,140.62
2023-07-03,12:00:00 AM,US DOLLAR,140.57,140.47,140.67
2023-07-04,12:00:00 AM,US DOLLAR,140.67,140.57,140.77
2023-07-05,12:00:00 AM,US DOLLAR,140.72,140.62,140.82
2023-07-06,12:00:00 AM,US DOLLAR,140.78,140.68,140.88
2023-07-07,12:00:00 AM,US DOLLAR,140.92,140.82,141.02
2023-07-10,12:00:00 AM,US DOLLAR,140.99,140.89,141.09
2023-07-11,12:00:00 AM,US DOLLAR,141.06,140.96,141.16
2023-07-12,12:00:00 AM,US DOLLAR,141.21,141.11,141.31
2023-07-13,12:00:00 AM,US DOLLAR,141.29,141.19,141.39
2023-07-14,12:00:00 AM,US DOLLAR,141.38,141.28,141.48
2023-07-17,12:00:00 AM,US DOLLAR,141.44,141.34,141.54
2023-07-18,12:00:00 AM,US DOLLAR,141.5,141.4,141.6
2023-07-19,12:00:00 AM,US DOLLAR,141.59,141.49,141.69
2023-07-20,12:00:00 AM,US DOLLAR,141.7,141.6,141.8
2023-07-21,12:00:00 AM,US DOLLAR,141.77,141.67,141.87
2023-07-24,12:00:00 AM,US DOLLAR,141.84,141.74,141.94
2023-07-25,12:00:00 AM,US DOLLAR,142.0,141.9,142.1
2023-07-26,12:00:00 AM,US DOLLAR,142.12,142.02,142.22
2023-07-27,12:00:00 AM,US DOLLAR,142.2,142.1,142.3
2023-07-28,12:00:00 AM,US DOLLAR,142.3,142.2,142.4
2023-07-31,12:00:00 AM,US DOLLAR,142.36,142.26,142.46
2023-08-01,12:00:00 AM,US DOLLAR,142.53,142.43,142.63
2023-08-02,12:00:00 AM,US DOLLAR,142.64,142.54,142.74
2023-08-03,12:00:00 AM,US DOLLAR,142.78,142.68,142.88
2023-08-04,12:00:00 AM,US DOLLAR,142.89,142.79,142.99
2023-08-07,12:00:00 AM,US DOLLAR,142.99,142.89,143.09
2023-08-08,12:00:00 AM,US DOLLAR,143.12,143.02,143.22
2023-08-09,12:00:00 AM,US DOLLAR,143.27,143.17,143.37
2023-08-10,12:00:00 AM,US DOLLAR,143.44,143.34,143.54
2023-08-11,12:00:00 AM,US DOLLAR,143.58,143.48,143.68
2023-08-14,12:00:00 AM,US DOLLAR,143.61,143.51,143.71
2023-08-15,12:00:00 AM,US DOLLAR,143.76,143.66,143.86
2023-08-16,12:00:00 AM,US DOLLAR,143.91,143.81,144.01
2023-08-17,12:00:00 AM,US DOLLAR,144.04,143.94,144.14
2023-08-18,12:00:00 AM,US DOLLAR,144.18,144.08,144.28
2023-08-21,12:00:00 AM,US DOLLAR,144.32,144.22,144.42
2023-08-22,12:00:00 AM,US DOLLAR,144.41,144.31,144.51
2023-08-23,12:00:00 AM,US DOLLAR,144.56,144.46,144.66
2023-08-24,12:00:00 AM,US DOLLAR,144.72,144.62,144.82
2023-08-25,12:00:00 AM,US DOLLAR,144.87,144.77,144.97
2023-08-28,12:00:00 AM,US DOLLAR,144.99,144.89,145.09
2023-08-29,12:00:00 AM,US DOLLAR,145.15,145.05,145.25
2023-08-30,12:00:00 AM,US DOLLAR,145.26,145.16,145.36
2023-08-31,12:00:00 AM,US DOLLAR,145.41,145.31,145.51
2023-09-01,12:00:00 AM,US DOLLAR,145.51,145.41,145.61
2023-09-04,12:00:00 AM,US DOLLAR,145.63,145.53,145.73
2023-09-05,12:00:00 AM,US DOLLAR,145.76,145.66,145.86
2023-09-06,12:00:00 AM,US DOLLAR,145.91,145.81,146.01
2023-09-07,12:00:00 AM,US DOLLAR,146.04,145.94,146.14
2023-09-08,12:00:00 AM,US DOLLAR,146.14,146.04,146.24
2023-09-11,12:00:00 AM,US DOLLAR,146.22,146.12,146.32
2023-09-12,12:00:00 AM,US DOLLAR,146.36,146.26,146.46
2023-09-13,12:00:00 AM,US DOLLAR,146.49,146.39,146.59
2023-09-14,12:00:00 AM,US DOLLAR,146.66,146.56,146.76
2023-09-15,12:00:00 AM,US DOLLAR,146.79,146.69,146.89
2023-09-18,12:00:00 AM,US DOLLAR,146.91,146.81,147.01
2023-09-19,12:00:00 AM,US DOLLAR,147.01,146.91,147.11
2023-09-20,12:00:00 AM,US DOLLAR,147.14,147.04,147.24
2023-09-21,12:00:00 AM,US DOLLAR,147.26,147.16,147.36
2023-09-22,12:00:00 AM,US DOLLAR,147.36,147.26,147.46
2023-09-25,12:00:00 AM,US DOLLAR,147.47,147.37,147.57
2023-09-26,12:00:00 AM,US DOLLAR,147.64,147.54,147.74
2023-09-27,12:00:00 AM,US DOLLAR,147.81,147.71,147.91
2023-09-28,12:00:00 AM,US DOLLAR,147.94,147.84,148.04
2023-09-29,12:00:00 AM,US DOLLAR,148.1,148.0,148.2
2023-10-02,12:00:00 AM,US DOLLAR,148.2,148.1,148.3
2023-10-03,12:00:00 AM,US DOLLAR,148.32,148.22,148.42
2023-10-04,12:00:00 AM,US DOLLAR,148.45,148.35,148.55
2023-10-05,12:00:00 AM,US DOLLAR,148.56,148.46,148.66
2023-10-06,12:00:00 AM,US DOLLAR,148.69,148.59,148.79
2023-10-09,12:00:00 AM,US DOLLAR,148.79,148.69,148.89
2023-10-11,12:00:00 AM,US DOLLAR,148.88,148.78,148.98
2023-10-12,12:00:00 AM,US DOLLAR,149.01,148.91,149.11
2023-10-13,12:00:00 AM,US DOLLAR,149.13,149.03,149.23
2023-10-16,12:00:00 AM,US DOLLAR,149.27,149.17,149.37
2023-10-17,12:00:00 AM,US DOLLAR,149.44,149.34,149.54
2023-10-18,12:00:00 AM,US DOLLAR,149.58,149.48,149.68
2023-10-19,12:00:00 AM,US DOLLAR,149.79,149.69,149.89
2023-10-23,12:00:00 AM,US DOLLAR,149.94,149.84,150.04
2023-10-24,12:00:00 AM,US DOLLAR,150.07,149.97,150.17
2023-10-25,12:00:00 AM,US DOLLAR,150.17,150.07,150.27
2023-10-26,12:00:00 AM,US DOLLAR,150.27,150.17,150.37
2023-10-27,12:00:00 AM,US DOLLAR,150.36,150.26,150.46
2023-10-30,12:00:00 AM,US DOLLAR,150.46,150.36,150.56
2023-10-31,12:00:00 AM,US DOLLAR,150.56,150.46,150.66
2023-11-01,12:00:00 AM,US DOLLAR,150.7,150.6,150.8
2023-11-02,12:00:00 AM,US DOLLAR,150.86,150.76,150.96
2023-11-03,12:00:00 AM,US DOLLAR,151.06,150.96,151.16
2023-11-06,12:00:00 AM,US DOLLAR,151.16,151.06,151.26
2023-11-07,12:00:00 AM,US DOLLAR,151.27,151.17,151.37
2023-11-08,12:00:00 AM,US DOLLAR,151.38,151.28,151.48
2023-11-09,12:00:00 AM,US DOLLAR,151.53,151.43,151.63
2023-11-10,12:00:00 AM,US DOLLAR,151.68,151.58,151.78
2023-11-14,12:00:00 AM,US DOLLAR,151.84,151.74,151.94
2023-11-15,12:00:00 AM,US DOLLAR,151.94,151.84,152.04
2023-11-16,12:00:00 AM,US DOLLAR,152.11,152.01,152.21
2023-11-17,12:00:00 AM,US DOLLAR,152.23,152.13,152.33
2023-11-20,12:00:00 AM,US DOLLAR,152.34,152.24,152.44
2023-11-21,12:00:00 AM,US DOLLAR,152.45,152.35,152.55
2023-11-22,12:00:00 AM,US DOLLAR,152.55,152.45,152.65
2023-11-23,12:00:00 AM,US DOLLAR,152.69,152.59,152.79
2023-11-24,12:00:00 AM,US DOLLAR,152.81,152.71,152.91
2023-11-27,12:00:00 AM,US DOLLAR,152.9,152.8,153.0
2023-11-28,12:00:00 AM,US DOLLAR,152.97,152.87,153.07
2023-11-29,12:00:00 AM,US DOLLAR,153.06,152.96,153.16
2023-11-30,12:00:00 AM,US DOLLAR,153.15,153.05,153.25
2023-12-01,12:00:00 AM,US DOLLAR,153.24,153.14,153.34
2023-12-04,12:00:00 AM,US DOLLAR,153.24,153.14,153.34
2023-12-05,12:00:00 AM,US DOLLAR,153.28,153.18,153.38
2023-12-06,12:00:00 AM,US DOLLAR,153.29,153.19,153.39
2023-12-07,12:00:00 AM,US DOLLAR,153.32,153.22,153.42
2023-12-08,12:00:00 AM,US DOLLAR,153.34,153.24,153.44
2023-12-11,12:00:00 AM,US DOLLAR,153.34,153.24,153.44
2023-12-13,12:00:00 AM,US DOLLAR,153.35,153.25,153.45
2023-12-14,12:00:00 AM,US DOLLAR,153.37,153.27,153.47
2023-12-15,12:00:00 AM,US DOLLAR,153.74,153.48,153.99
2023-12-18,12:00:00 AM,US DOLLAR,153.78,153.51,154.05
2023-12-19,12:00:00 AM,US DOLLAR,154.16,153.77,154.56
2023-12-20,12:00:00 AM,US DOLLAR,154.39,154.04,154.73
2023-12-21,12:00:00 AM,US DOLLAR,154.69,154.35,155.02
2023-12-22,12:00:00 AM,US DOLLAR,155.09,154.73,155.44
2023-12-27,12:00:00 AM,US DOLLAR,155.47,155.1,155.84
2023-12-28,12:00:00 AM,US DOLLAR,156.09,155.66,156.53
2023-12-29,12:00:00 AM,US DOLLAR,156.46,156.01,156.91
2024-01-02,12:00:00 AM,US DOLLAR,156.99,156.5,157.47
2024-01-02,12:00:00 AM,US DOLLAR,157.32,156.95,157.69
2024-01-03,12:00:00 AM,US DOLLAR,157.32,156.95,157.69
