Column1.1,Column3
10/11/2016,101.28
10/13/2016,101.3
10/13/2016,101.3
10/13/2016,101.3
10/13/2016,101.3
10/13/2016,101.3
10/15/2016,101.3
10/16/2016,101.3
10/17/2016,101.3
10/18/2016,101.3
10/19/2016,101.3
10/19/2016,101.3
11/1/2016,101.3
11/1/2016,101.3
11/1/2016,101.3
11/1/2016,101.3
11/9/2016,101.72
11/10/2016,101.7
11/11/2016,101.7
11/14/2016,101.74
11/15/2016,101.77
11/16/2016,101.77
11/17/2016,101.85
11/18/2016,101.83
11/21/2016,101.84
11/22/2016,101.86
11/23/2016,101.85
11/24/2016,101.86
11/24/2016,101.86
11/23/2016,101.85
11/28/2016,101.89
11/28/2016,101.89
11/29/2016,101.88
11/30/2016,101.88
12/1/2016,101.85
12/2/2016,101.86
12/5/2016,101.87
12/6/2016,101.87
12/7/2016,101.91
12/8/2016,101.97
12/9/2016,101.97
12/13/2016,102.08
12/14/2016,102.1
12/15/2016,102.1
12/16/2016,102.19
12/19/2016,102.2
12/20/2016,102.24
12/20/2016,102.24
12/21/2016,102.3
12/22/2016,102.35
12/23/2016,102.36
12/28/2016,102.36
12/29/2016,102.44
12/30/2016,102.49
1/3/2017,102.56
1/3/2017,102.56
1/4/2017,102.81
1/5/2017,103.47
1/6/2017,103.61
1/9/2017,103.66
1/10/2017,103.81
1/11/2017,103.84
1/12/2017,103.83
1/13/2017,103.88
1/16/2017,103.92
1/17/2017,103.93
1/18/2017,103.96
1/19/2017,103.95
1/20/2017,103.83
1/23/2017,103.8
1/24/2017,103.95
1/25/2017,103.99
1/26/2017,104
1/27/2017,103.96
1/30/2017,103.97
1/31/2017,103.96
2/1/2017,103.86
2/2/2017,103.82
2/3/2017,103.81
2/6/2017,103.76
2/7/2017,103.69
2/8/2017,103.7
2/9/2017,103.7
2/10/2017,103.53
2/13/2017,103.63
2/13/2017,103.63
2/14/2017,103.67
2/15/2017,103.66
2/16/2017,103.65
2/17/2017,103.65
2/20/2017,103.62
2/21/2017,103.58
2/22/2017,103.58
2/22/2017,103.58
2/23/2017,103.59
2/24/2017,103.55
2/27/2017,103.47
2/28/2017,103.34
3/1/2017,102.98
3/2/2017,102.83
3/3/2017,102.88
3/6/2017,102.65
3/7/2017,102.64
3/8/2017,102.62
3/9/2017,102.56
3/10/2017,102.56
3/13/2017,102.62
3/14/2017,102.67
3/15/2017,102.81
3/16/2017,102.89
3/17/2017,103.03
3/20/2017,103.11
3/21/2017,103.11
3/22/2017,103.11
3/23/2017,102.9
3/24/2017,102.95
3/27/2017,102.91
3/28/2017,102.71
3/29/2017,102.95
3/30/2017,103.02
3/31/2017,103
4/3/2017,103.1
4/4/2017,103.19
4/5/2017,103.24
4/6/2017,103.28
4/7/2017,103.44
4/10/2017,103.39
4/11/2017,103.44
4/12/2017,103.42
4/13/2017,103.41
4/18/2017,103.36
4/19/2017,103.43
4/20/2017,103.41
4/21/2017,103.38
4/24/2017,103.32
4/25/2017,103.27
4/26/2017,103.27
4/27/2017,103.28
4/28/2017,103.22
5/2/2017,103.15
5/3/2017,103.1
5/4/2017,103.09
5/5/2017,103.14
5/8/2017,103.14
5/9/2017,103.18
5/10/2017,103.2
5/11/2017,103.32
5/12/2017,103.38
5/15/2017,103.22
5/16/2017,103.23
5/17/2017,103.35
5/18/2017,103.34
5/19/2017,103.34
5/22/2017,103.31
5/23/2017,103.29
5/24/2017,103.3
5/25/2017,103.3
5/26/2017,103.31
5/29/2017,103.34
5/30/2017,103.36
5/31/2017,103.38
6/2/2017,103.35
6/5/2017,103.33
6/6/2017,103.36
6/7/2017,103.35
6/8/2017,103.32
6/9/2017,103.32
6/12/2017,103.32
6/13/2017,103.34
6/14/2017,103.37
6/15/2017,103.41
6/16/2017,103.55
6/19/2017,103.58
6/20/2017,103.62
6/21/2017,103.62
6/22/2017,103.63
6/23/2017,103.63
6/27/2017,103.67
6/28/2017,103.67
6/28/2017,103.67
6/29/2017,103.68
6/30/2017,103.71
7/3/2017,103.72
7/4/2017,103.81
7/5/2017,103.77
7/6/2017,103.78
7/7/2017,103.84
7/10/2017,103.84
7/11/2017,103.92
7/12/2017,104.02
7/13/2017,103.93
7/14/2017,103.89
7/17/2017,103.91
7/18/2017,103.91
7/19/2017,103.93
7/20/2017,103.95
7/21/2017,103.84
7/24/2017,103.87
7/25/2017,103.88
7/27/2017,103.9
7/28/2017,103.91
7/31/2017,103.91
8/1/2017,103.92
8/2/2017,103.87
8/3/2017,103.86
8/4/2017,103.87
8/7/2017,103.89
8/9/2017,103.9
8/10/2017,103.9
8/11/2017,103.9
8/14/2017,103.87
8/15/2017,103.76
8/16/2017,103.75
8/17/2017,103.7
8/18/2017,103.39
8/21/2017,103.22
8/22/2017,103.1
8/23/2017,103.18
8/24/2017,103.24
8/25/2017,103.25
8/28/2017,103.16
8/29/2017,103.17
8/30/2017,103.18
8/31/2017,103.14
9/1/2017,102.81
9/4/2017,103.16
9/5/2017,103.23
9/6/2017,103.25
9/7/2017,103.24
9/7/2017,103.24
9/8/2017,103.16
9/11/2017,102.89
9/12/2017,102.7
9/13/2017,102.88
9/14/2017,102.87
9/15/2017,102.85
9/18/2017,103.03
9/19/2017,103.14
9/20/2017,103.28
9/21/2017,103.32
9/22/2017,103.29
9/25/2017,103.26
9/26/2017,103.27
9/27/2017,103.34
9/28/2017,103.34
9/29/2017,103.25
10/2/2017,103.22
10/3/2017,103.22
10/4/2017,103.31
10/5/2017,103.31
10/6/2017,103.21
10/9/2017,103.22
10/10/2017,103.27
10/11/2017,103.22
10/12/2017,103.3
10/12/2017,103.3
10/13/2017,103.28
10/16/2017,103.28
10/17/2017,103.3
10/18/2017,103.36
10/19/2017,103.42
10/23/2017,103.55
10/24/2017,103.7
10/27/2017,103.81
10/30/2017,103.69
10/30/2017,103.69
10/31/2017,103.69
11/1/2017,103.75
11/2/2017,103.79
11/3/2017,103.74
11/6/2017,103.66
11/7/2017,103.62
11/8/2017,103.61
11/9/2017,103.6
11/10/2017,103.59
11/12/2017,103.58
11/14/2017,103.59
11/13/2017,103.58
11/15/2017,103.68
11/16/2017,103.74
11/17/2017,103.69
11/20/2017,103.79
11/21/2017,103.6
11/22/2017,103.36
11/23/2017,103.39
11/24/2017,103.26
11/27/2017,103.34
11/29/2017,103.35
11/30/2017,103.25
12/1/2017,103.1
12/4/2017,103.04
12/5/2017,103.06
12/6/2017,102.98
12/7/2017,102.88
12/8/2017,102.96
12/11/2017,103.08
12/13/2017,103.11
12/14/2017,103.17
12/15/2017,103.22
12/18/2017,103.2
12/19/2017,103.16
12/20/2017,103.13
12/21/2017,103.09
12/22/2017,103.08
12/27/2017,103.08
12/28/2017,103.15
12/29/2017,103.23
1/2/2018,103.29
1/3/2018,103.35
1/4/2018,103.44
1/5/2018,103.28
1/8/2018,103.26
1/9/2018,103.22
1/10/2018,103.18
1/11/2018,103.14
1/12/2018,103.09
1/15/2018,103.07
1/16/2018,103.06
1/17/2018,103.04
1/18/2018,102.89
1/19/2018,102.91
1/22/2018,102.87
1/23/2018,102.78
1/24/2018,102.56
1/25/2018,102.34
1/26/2018,102.37
1/29/2018,102.35
1/30/2018,102.36
1/31/2018,102.36
2/1/2018,101.99
2/2/2018,101.92
2/5/2018,101.74
2/6/2018,101.36
2/7/2018,101.31
2/8/2018,101.01
2/9/2018,100.8
2/12/2018,100.85
2/13/2018,101.04
2/14/2018,101.23
2/15/2018,101.22
2/16/2018,101.25
2/19/2018,101.31
2/20/2018,101.3
2/21/2018,101.3
2/22/2018,101.47
2/23/2018,101.73
2/26/2018,101.83
2/27/2018,101.74
2/28/2018,101.62
3/1/2018,101.38
3/2/2018,101.29
3/5/2018,101.32
3/6/2018,101.33
3/7/2018,101.31
3/8/2018,101.29
3/9/2018,101.2
3/12/2018,101.15
3/13/2018,101.29
3/14/2018,101.27
3/15/2018,101.26
3/16/2018,101.29
3/19/2018,101.28
3/20/2018,101.27
3/21/2018,101.27
3/22/2018,101.06
3/23/2018,100.97
3/26/2018,100.96
3/27/2018,100.91
3/28/2018,100.86
3/29/2018,100.85
4/3/2018,100.89
4/4/2018,101.07
4/5/2018,101.06
4/6/2018,101.03
4/9/2018,101
4/10/2018,100.99
4/11/2018,101
4/12/2018,100.98
4/13/2018,100.87
4/16/2018,100.77
4/17/2018,100.63
4/18/2018,100.4
4/19/2018,100.4
4/20/2018,100.26
4/23/2018,100.06
4/24/2018,99.98
4/25/2018,100.05
4/26/2018,100.11
4/27/2018,100.33
4/30/2018,100.36
5/2/2018,100.34
5/3/2018,100.19
5/4/2018,100.22
5/7/2018,100.26
5/8/2018,100.29
5/9/2018,100.46
5/10/2018,100.6
5/11/2018,100.44
5/14/2018,100.43
5/15/2018,100.27
5/16/2018,100.45
5/17/2018,100.43
5/18/2018,100.42
5/21/2018,100.55
5/22/2018,100.6
5/23/2018,100.8
5/24/2018,101
5/25/2018,101.07
5/28/2018,101.18
5/29/2018,101.54
5/30/2018,101.57
5/31/2018,101.57
6/4/2018,101.38
6/5/2018,100.91
6/6/2018,101
6/7/2018,100.82
6/8/2018,100.84
6/11/2018,101
6/12/2018,101.05
6/13/2018,101.13
6/14/2018,101.14
6/18/2018,101.11
6/19/2018,101.13
6/20/2018,101.12
6/21/2018,100.96
6/22/2018,100.83
6/25/2018,100.83
6/26/2018,100.83
6/25/2018,100.76
6/27/2018,100.94
6/28/2018,101.04
6/29/2018,101.05
7/2/2018,100.89
7/3/2018,100.84
7/4/2018,100.84
7/5/2018,100.72
7/6/2018,100.76
7/9/2018,100.81
7/10/2018,100.89
7/11/2018,100.91
7/12/2018,100.79
7/13/2018,100.79
7/16/2018,100.66
7/17/2018,100.39
7/18/2018,100.62
7/19/2018,100.63
7/20/2018,100.73
7/23/2018,100.74
7/24/2018,100.55
7/25/2018,100.51
7/26/2018,100.49
7/27/2018,100.46
7/30/2018,100.34
7/31/2018,100.41
8/1/2018,100.48
8/2/2018,100.46
8/3/2018,100.35
8/6/2018,100.38
8/7/2018,100.47
8/8/2018,100.4
8/9/2018,100.42
8/10/2018,100.36
8/13/2018,100.49
8/14/2018,100.73
8/15/2018,100.73
8/16/2018,100.77
8/17/2018,100.79
8/18/2018,100.86
8/17/2018,100.79
8/22/2018,100.89
8/20/2018,100.86
8/23/2018,100.64
8/23/2018,100.68
8/24/2018,100.68
8/27/2018,100.79
8/28/2018,100.79
8/29/2018,100.68
8/30/2018,100.69
8/31/2018,100.65
9/3/2018,100.65
9/4/2018,100.66
9/5/2018,100.72
9/6/2018,100.71
9/7/2018,100.72
9/10/2018,100.72
9/11/2018,100.71
9/12/2018,100.75
9/13/2018,100.92
9/14/2018,101.18
9/17/2018,100.96
9/18/2018,100.84
9/19/2018,100.8
9/20/2018,100.79
9/21/2018,100.8
9/24/2018,100.86
9/25/2018,100.98
9/26/2018,101.06
9/27/2018,100.91
9/28/2018,100.96
10/1/2018,100.9
10/2/2018,100.92
10/3/2018,100.95
10/4/2018,100.97
10/5/2018,100.95
10/8/2018,100.85
10/9/2018,100.9
10/11/2018,100.92
10/12/2018,100.92
10/15/2018,100.9
10/16/2018,100.92
10/17/2018,100.97
10/18/2018,100.97
10/19/2018,101.03
10/22/2018,101.04
10/23/2018,101.1
10/24/2018,101.13
10/25/2018,101.21
10/26/2018,101.23
10/29/2018,101.32
10/30/2018,101.7
10/31/2018,101.85
11/1/2018,102.05
11/2/2018,101.74
11/5/2018,101.46
11/6/2018,101.51
11/7/2018,101.82
11/8/2018,101.78
11/9/2018,101.86
11/12/2018,102.1
11/13/2018,102.44
11/14/2018,102.66
11/15/2018,102.91
11/16/2018,103.21
11/19/2018,103.1
11/20/2018,102.81
11/21/2018,102.86
11/22/2018,102.36
11/23/2018,102.45
11/26/2018,102.47
11/27/2018,102.45
11/28/2018,102.68
11/29/2018,102.6
11/30/2018,102.54
12/3/2018,102.51
12/4/2018,102.68
12/5/2018,102.6
12/6/2018,102.64
12/7/2018,102.6
12/10/2018,102.45
12/11/2018,102.47
12/13/2018,102.66
12/14/2018,102.57
12/17/2018,102.53
12/18/2018,102.48
12/19/2018,102.38
12/20/2018,101.94
12/21/2018,101.42
12/24/2018,101.85
12/27/2018,101.82
12/28/2018,101.81
12/31/2018,101.85
1/2/2019,101.83
1/3/2019,102.12
1/4/2019,102.16
1/7/2019,102.1
1/8/2019,101.87
1/9/2019,101.96
1/10/2019,101.86
1/11/2019,101.75
1/14/2019,101.74
1/15/2019,101.7
1/16/2019,101.71
1/17/2019,101.7
1/18/2019,101.73
1/21/2019,101.71
1/22/2019,101.6
1/23/2019,101.6
1/24/2019,101.41
1/25/2019,101.08
1/28/2019,100.8
1/29/2019,100.71
1/30/2019,100.82
1/31/2019,100.89
2/1/2019,100.62
2/4/2019,100.38
2/5/2019,100.15
2/6/2019,100.07
2/7/2019,100.1
2/8/2019,100.15
2/11/2019,100.36
2/12/2019,100.53
2/13/2019,100.28
2/14/2019,100.25
2/15/2019,100.24
2/18/2019,100.19
2/19/2019,100.17
2/20/2019,100.27
2/21/2019,100.24
2/22/2019,100.22
2/25/2019,100.18
2/26/2019,100.07
2/27/2019,100.13
2/28/2019,100.09
3/1/2019,100.04
3/4/2019,100.04
3/5/2019,100.04
3/6/2019,100.05
3/7/2019,100.02
3/8/2019,99.71
3/11/2019,99.65
3/12/2019,99.61
3/13/2019,100.19
3/14/2019,100.24
3/15/2019,100.17
3/18/2019,100.3
3/19/2019,100.66
3/20/2019,100.85
3/21/2019,101.01
3/22/2019,100.78
3/25/2019,100.7
3/26/2019,100.96
3/27/2019,100.96
3/28/2019,100.88
3/29/2019,100.75
4/1/2019,100.78
4/2/2019,100.84
4/3/2019,100.9
4/4/2019,100.8
4/5/2019,100.72
4/8/2019,100.63
4/9/2019,100.64
4/10/2019,100.84
4/11/2019,101.09
4/12/2019,100.95
4/15/2019,100.99
4/16/2019,101
4/17/2019,101.06
4/24/2019,101.54
5/10/2019,101.13
5/13/2019,101.07
5/14/2019,101.07
5/15/2019,101.09
5/16/2019,101.11
5/17/2019,101.12
5/20/2019,101.11
5/21/2019,101.11
5/22/2019,101.17
5/23/2019,101.22
5/22/2019,101.17
5/24/2019,101.23
5/27/2019,101.24
5/28/2019,101.24
5/29/2019,101.28
5/30/2019,101.4
5/31/2019,101.36
6/3/2019,101.29
6/4/2019,101.28
6/6/2019,101.35
6/7/2019,101.3
6/10/2019,101.2
6/11/2019,101.28
6/12/2019,101.38
6/13/2019,101.39
6/14/2019,101.55
6/17/2019,101.82
6/18/2019,102
6/19/2019,102.02
6/20/2019,101.9
6/21/2019,101.87
6/24/2019,101.88
6/25/2019,101.91
6/26/2019,102.19
6/27/2019,102.17
6/28/2019,102.3
7/1/2019,102.36
7/2/2019,102.72
7/3/2019,103
7/4/2019,102.29
7/5/2019,102.63
7/8/2019,102.61
7/9/2019,102.69
7/10/2019,102.75
7/11/2019,102.92
7/12/2019,102.92
7/15/2019,102.95
7/16/2019,103.03
7/17/2019,103.05
7/18/2019,103.06
7/19/2019,103.1
7/22/2019,103.22
7/23/2019,103.61
7/24/2019,103.76
7/25/2019,104.02
7/26/2019,103.8
7/29/2019,103.82
7/30/2019,104.07
7/31/2019,104.21
8/1/2019,104.17
8/2/2019,103.23
8/5/2019,103.01
7/31/2019,104.21
8/6/2019,103.2
8/7/2019,103.27
8/8/2019,103.44
8/9/2019,103.37
8/13/2019,103.07
8/14/2019,103.25
8/15/2019,103.26
8/16/2019,103.33
8/19/2019,103.38
8/20/2019,103.29
8/21/2019,102.97
8/22/2019,102.96
8/23/2019,103.06
8/26/2019,103.18
8/27/2019,103.32
8/28/2019,103.45
8/29/2019,103.48
8/30/2019,103.55
9/2/2019,103.59
9/3/2019,103.64
9/4/2019,103.82
9/5/2019,103.82
9/6/2019,103.89
9/9/2019,103.82
9/10/2019,103.73
9/11/2019,103.66
9/12/2019,103.78
9/13/2019,103.79
9/16/2019,103.77
9/17/2019,103.79
9/18/2019,103.86
9/19/2019,103.91
9/20/2019,103.83
9/23/2019,103.83
9/24/2019,103.86
9/25/2019,103.83
9/26/2019,103.86
9/27/2019,103.82
9/30/2019,103.89
10/1/2019,103.86
10/2/2019,103.86
10/3/2019,103.86
10/4/2019,103.81
10/7/2019,103.84
10/8/2019,103.8
10/9/2019,103.78
10/11/2019,103.76
10/14/2019,103.77
10/15/2019,103.79
10/16/2019,103.7
10/17/2019,103.71
10/18/2019,103.7
10/22/2019,103.73
10/23/2019,103.58
10/24/2019,103.51
10/25/2019,103.25
10/28/2019,103.52
10/29/2019,103.56
10/30/2019,103.41
10/31/2019,103.21
11/1/2019,103.28
11/4/2019,103.27
11/5/2019,103.27
11/6/2019,103.19
11/7/2019,102.95
11/8/2019,102.81
11/11/2019,102.5
11/12/2019,102.41
11/13/2019,102.42
11/14/2019,102.1
11/15/2019,102.08
11/18/2019,101.97
11/19/2019,101.93
11/20/2019,101.8
11/21/2019,101.48
11/22/2019,101.36
11/25/2019,101.55
11/26/2019,102.02
11/27/2019,102.43
11/28/2019,102.54
11/29/2019,102.81
12/2/2019,102.6
12/3/2019,102.61
12/4/2019,102.3
12/5/2019,101.96
12/6/2019,101.75
12/9/2019,101.67
12/10/2019,101.42
12/11/2019,101.5
12/13/2019,101.67
12/16/2019,101.68
12/17/2019,101.62
12/18/2019,101.54
12/19/2019,100.9
12/20/2019,100.71
12/23/2019,100.7
12/24/2019,100.63
12/27/2019,100.77
12/30/2019,101.16
12/31/2019,101.34
1/2/2020,101.34
1/3/2020,100.96
1/6/2020,100.98
1/7/2020,101.06
1/8/2020,101.26
1/9/2020,101.47
1/10/2020,101.59
1/13/2020,101.34
1/14/2020,101.49
1/15/2020,101.39
1/16/2020,101.38
1/17/2020,100.97
1/20/2020,100.95
1/21/2020,101.1
1/22/2020,101.03
1/23/2020,100.87
1/24/2020,100.86
1/27/2020,100.88
1/27/2020,100.88
1/28/2020,100.87
1/29/2020,100.87
1/30/2020,100.75
1/31/2020,100.58
2/3/2020,100.44
2/4/2020,100.46
2/5/2020,100.35
2/6/2020,100.39
2/7/2020,100.45
2/10/2020,100.58
2/12/2020,100.63
2/13/2020,100.69
2/14/2020,100.58
2/17/2020,100.62
2/18/2020,100.89
2/19/2020,101.08
2/20/2020,101.25
2/21/2020,101.29
2/24/2020,101.23
2/25/2020,101.15
2/26/2020,101.13
2/27/2020,100.93
2/28/2020,100.98
3/2/2020,101.16
3/3/2020,101.37
3/4/2020,102.38
3/5/2020,102.89
3/6/2020,102.55
3/9/2020,102.67
3/10/2020,102.9
3/11/2020,102.7
3/12/2020,102.47
3/13/2020,102.42
3/16/2020,102.9
3/17/2020,103.39
3/18/2020,103.72
3/19/2020,104.22
3/20/2020,105.1
3/23/2020,106.01
3/24/2020,106.54
3/25/2020,106.42
3/26/2020,106.2
3/27/2020,105.11
3/30/2020,104.45
3/31/2020,104.69
4/1/2020,105.11
4/2/2020,105.19
4/3/2020,105.67
4/6/2020,105.9
4/7/2020,106.18
4/8/2020,106.47
4/9/2020,106
4/14/2020,105.91
4/15/2020,105.9
4/16/2020,105.91
4/17/2020,106.2
4/20/2020,106.79
4/21/2020,106.88
4/22/2020,106.99
4/23/2020,107.14
4/24/2020,107.24
4/27/2020,106.93
4/28/2020,107.24
4/29/2020,107.28
4/30/2020,107.29
5/4/2020,107.26
5/5/2020,106.61
5/6/2020,106.31
5/7/2020,106.08
5/8/2020,106.01
5/11/2020,106.03
5/12/2020,106.14
5/13/2020,106.53
5/14/2020,106.59
5/15/2020,106.81
5/18/2020,107.04
5/19/2020,106.69
5/20/2020,106.8
5/21/2020,106.89
5/22/2020,106.97
5/26/2020,107.01
5/27/2020,107.11
5/28/2020,107.03
5/29/2020,106.94
6/2/2020,106.8
6/3/2020,106.45
6/4/2020,106.12
6/5/2020,106.09
6/8/2020,106.14
6/9/2020,106.3
6/10/2020,106.43
6/11/2020,106.6
6/12/2020,106.5
6/15/2020,106.45
6/16/2020,106.49
6/17/2020,106.49
6/18/2020,106.32
6/19/2020,106.29
6/22/2020,106.33
6/23/2020,106.42
6/24/2020,106.37
6/25/2020,106.4
6/26/2020,106.51
6/29/2020,106.46
6/30/2020,106.52
7/1/2020,106.55
7/2/2020,106.54
7/3/2020,106.67
7/6/2020,106.61
7/7/2020,106.59
7/8/2020,106.75
7/9/2020,106.96
7/10/2020,106.9
7/13/2020,107.05
7/14/2020,107.15
7/15/2020,107.28
7/16/2020,107.35
7/17/2020,107.46
7/20/2020,107.43
7/21/2020,107.62
7/22/2020,107.88
7/23/2020,108.13
7/24/2020,108.02
7/27/2020,107.79
7/28/2020,107.72
7/29/2020,107.71
7/30/2020,107.71
8/3/2020,107.71
8/4/2020,107.82
8/5/2020,107.89
8/6/2020,107.95
8/7/2020,108
8/10/2020,108.03
8/11/2020,108.12
8/12/2020,108.33
8/13/2020,108.39
8/14/2020,108.29
8/17/2020,108.32
8/18/2020,108.31
8/19/2020,108.42
8/20/2020,108.56
8/21/2020,108.01
8/24/2020,108.01
8/25/2020,108.04
8/26/2020,108.12
8/27/2020,108.15
8/28/2020,108.22
8/31/2020,108.21
9/1/2020,108.21
9/2/2020,108.26
9/3/2020,108.3
9/4/2020,108.32
9/7/2020,108.33
9/8/2020,108.34
9/9/2020,108.37
9/10/2020,108.4
9/11/2020,108.45
9/14/2020,108.5
9/15/2020,108.56
9/16/2020,108.64
9/17/2020,108.38
9/18/2020,108.39
9/21/2020,108.4
9/22/2020,108.36
9/23/2020,108.42
9/24/2020,108.41
9/25/2020,108.47
9/28/2020,108.48
9/29/2020,108.49
9/30/2020,108.5
10/1/2020,108.45
10/2/2020,108.49
10/5/2020,108.49
10/6/2020,108.5
10/7/2020,108.53
10/8/2020,108.53
10/9/2020,108.52
10/12/2020,108.53
10/13/2020,108.55
10/14/2020,108.59
10/15/2020,108.61
10/16/2020,108.62
10/19/2020,108.68
10/21/2020,108.72
10/22/2020,108.75
10/23/2020,108.77
10/26/2020,108.79
10/27/2020,108.83
10/28/2020,108.84
10/29/2020,108.83
10/30/2020,108.82
11/2/2020,108.83
11/3/2020,108.84
11/4/2020,108.86
11/5/2020,108.87
11/6/2020,108.91
11/9/2020,108.92
11/10/2020,108.93
11/11/2020,108.97
11/12/2020,109.03
11/13/2020,109.11
11/16/2020,109.2
11/17/2020,109.23
11/18/2020,109.26
11/19/2020,109.32
11/20/2020,109.39
11/23/2020,109.45
11/24/2020,109.54
11/25/2020,109.72
11/26/2020,109.86
11/27/2020,109.98
11/30/2020,110.05
12/1/2020,110.07
12/2/2020,110.1
12/3/2020,110.67
12/4/2020,111.06
12/7/2020,111.13
12/8/2020,111.4
12/9/2020,111.41
12/10/2020,111.44
12/11/2020,111.48
12/14/2020,111.53
12/15/2020,111.56
12/16/2020,111.59
12/17/2020,111.59
12/18/2020,111.57
12/21/2020,111.45
12/22/2020,111.04
12/23/2020,109.44
12/24/2020,108.79
12/28/2020,108.77
12/29/2020,108.77
12/30/2020,109.04
12/31/2020,109.17
1/4/2021,109.22
1/5/2021,109.29
1/6/2021,109.38
1/7/2021,109.47
1/8/2021,109.55
1/11/2021,109.55
1/12/2021,109.55
1/13/2021,109.67
1/14/2021,109.97
1/15/2021,110.1
1/18/2021,110.07
1/19/2021,110.1
1/20/2021,110.18
1/21/2021,110.19
1/22/2021,109.81
1/25/2021,110.02
1/26/2021,110.09
1/27/2021,110.1
1/28/2021,110.15
1/29/2021,110.14
2/1/2021,110.15
2/2/2021,110.15
2/3/2021,110.01
2/4/2021,109.86
2/5/2021,109.82
2/8/2021,109.66
2/9/2021,109.64
2/10/2021,109.55
2/11/2021,109.45
2/12/2021,109.44
2/15/2021,109.45
2/16/2021,109.45
2/17/2021,109.46
2/18/2021,109.55
2/19/2021,109.55
2/22/2021,109.6
2/23/2021,109.6
2/24/2021,109.7
2/25/2021,109.77
2/26/2021,109.8
3/1/2021,109.8
3/2/2021,109.8
3/3/2021,109.8
3/4/2021,109.69
3/5/2021,109.65
3/8/2021,109.64
3/9/2021,109.65
3/10/2021,109.65
3/11/2021,109.65
3/12/2021,109.65
3/15/2021,109.65
3/16/2021,109.65
3/17/2021,109.69
3/18/2021,109.8
3/19/2021,109.86
3/22/2021,109.86
3/23/2021,109.86
3/24/2021,109.85
3/25/2021,109.81
3/26/2021,109.79
3/29/2021,109.75
3/30/2021,109.72
3/31/2021,109.51
4/1/2021,109.35
4/6/2021,108.92
4/7/2021,108.6
4/8/2021,108.24
4/9/2021,107.97
4/12/2021,107.29
4/13/2021,107.1
4/14/2021,106.9
4/15/2021,106.81
4/16/2021,107.06
4/19/2021,107.49
4/20/2021,107.95
4/21/2021,108.11
4/22/2021,108.42
4/23/2021,108.53
4/26/2021,108.54
4/27/2021,108.1
4/28/2021,107.85
4/29/2021,107.84
4/30/2021,107.84
5/3/2021,107.84
5/4/2021,107.71
5/5/2021,107.26
5/6/2021,106.98
5/7/2021,106.86
5/10/2021,106.74
5/11/2021,106.54
5/12/2021,106.8
5/13/2021,107.02
5/17/2021,107.17
5/18/2021,107.28
5/19/2021,107.52
5/20/2021,107.92
5/21/2021,108.23
5/24/2021,108.24
5/25/2021,108.02
5/26/2021,107.74
5/27/2021,107.57
5/28/2021,107.54
5/31/2021,107.59
6/2/2021,107.69
6/3/2021,107.73
6/4/2021,107.8
6/7/2021,107.84
6/8/2021,107.9
6/9/2021,107.95
6/10/2021,107.9
6/11/2021,107.9
6/14/2021,107.8
6/15/2021,107.79
6/16/2021,107.77
6/17/2021,107.8
6/18/2021,107.8
6/21/2021,107.8
6/22/2021,107.8
6/23/2021,107.8
6/24/2021,107.77
6/25/2021,107.75
6/28/2021,107.75
6/29/2021,107.78
6/30/2021,107.85
7/1/2021,107.92
7/2/2021,107.95
7/5/2021,107.94
7/6/2021,107.95
7/7/2021,107.95
7/8/2021,107.95
7/9/2021,107.95
7/12/2021,107.95
7/13/2021,107.95
7/14/2021,107.98
7/15/2021,108.03
7/16/2021,108.19
7/19/2021,108.2
7/21/2021,108.2
7/22/2021,108.2
7/23/2021,108.2
7/26/2021,108.29
7/27/2021,108.49
7/28/2021,108.52
7/29/2021,108.59
7/30/2021,108.61
8/2/2021,108.63
8/3/2021,108.63
8/4/2021,108.65
8/5/2021,108.67
8/6/2021,108.72
8/9/2021,108.77
8/10/2021,108.84
8/11/2021,109.02
8/12/2021,109.14
8/13/2021,109.2
8/16/2021,109.26
8/17/2021,109.36
8/18/2021,109.42
8/19/2021,109.49
8/20/2021,109.53
8/23/2021,109.55
8/24/2021,109.6
8/25/2021,109.63
8/26/2021,109.71
8/27/2021,109.78
8/30/2021,109.82
8/31/2021,109.87
9/1/2021,109.89
9/2/2021,109.93
9/3/2021,109.99
9/6/2021,110.03
9/7/2021,110.05
9/8/2021,110.08
9/9/2021,110.1
9/10/2021,109.87
9/13/2021,109.87
9/14/2021,109.85
9/15/2021,109.94
9/16/2021,110.03
9/17/2021,110.09
9/20/2021,110.17
9/21/2021,110.2
9/22/2021,110.28
9/23/2021,110.39
9/24/2021,110.38
9/27/2021,110.38
9/28/2021,110.4
9/29/2021,110.45
9/30/2021,110.49
10/1/2021,110.49
10/4/2021,110.51
10/5/2021,110.55
10/6/2021,110.62
10/7/2021,110.69
10/8/2021,110.72
10/12/2021,110.74
10/13/2021,110.77
10/14/2021,110.81
10/15/2021,110.87
10/18/2021,110.89
10/19/2021,110.91
10/21/2021,111.02
10/22/2021,111.06
10/25/2021,111.09
10/26/2021,111.13
10/27/2021,111.15
10/28/2021,111.15
10/29/2021,111.21
11/1/2021,111.24
11/2/2021,111.29
11/3/2021,111.36
11/4/2021,111.44
11/5/2021,111.55
11/8/2021,111.59
11/9/2021,111.65
11/10/2021,111.7
11/11/2021,111.77
11/12/2021,111.81
11/15/2021,111.91
11/16/2021,111.97
11/17/2021,112.01
11/18/2021,112.11
11/19/2021,112.18
11/22/2021,112.25
11/23/2021,112.29
11/24/2021,112.35
11/25/2021,112.36
11/26/2021,112.39
11/29/2021,112.44
11/30/2021,112.49
12/1/2021,112.52
12/2/2021,112.56
12/3/2021,112.63
12/6/2021,112.67
12/7/2021,112.71
12/8/2021,112.81
12/9/2021,112.86
12/10/2021,112.89
12/14/2021,112.91
12/15/2021,112.92
12/16/2021,112.96
12/17/2021,113.01
12/20/2021,113.03
12/21/2021,113.04
12/22/2021,113.05
12/23/2021,113.06
12/24/2021,113.08
12/28/2021,113.1
12/29/2021,113.11
12/30/2021,113.13
12/31/2021,113.14
1/3/2022,113.14
1/4/2022,113.16
1/5/2022,113.17
1/6/2022,113.19
1/7/2022,113.22
1/10/2022,113.24
1/11/2022,113.28
1/12/2022,113.31
1/13/2022,113.33
1/14/2022,113.37
1/17/2022,113.39
1/18/2022,113.41
1/19/2022,113.47
1/20/2022,113.5
1/21/2022,113.52
1/24/2022,113.53
1/25/2022,113.54
1/26/2022,113.55
1/27/2022,113.55
1/28/2022,113.57
1/31/2022,113.57
2/1/2022,113.58
2/2/2022,113.58
2/3/2022,113.59
2/4/2022,113.6
2/7/2022,113.61
2/8/2022,113.62
2/9/2022,113.63
2/10/2022,113.63
2/11/2022,113.63
2/14/2022,113.63
2/15/2022,113.63
2/16/2022,113.64
2/17/2022,113.64
2/18/2022,113.67
2/21/2022,113.69
2/22/2022,113.69
2/23/2022,113.74
2/24/2022,113.8
2/25/2022,113.82
2/28/2022,113.84
3/1/2022,113.84
3/2/2022,113.85
3/3/2022,113.89
3/4/2022,113.91
3/7/2022,113.95
3/8/2022,114.01
3/9/2022,114.08
3/10/2022,114.14
3/11/2022,114.18
3/14/2022,114.19
3/15/2022,114.23
3/16/2022,114.29
3/17/2022,114.31
3/18/2022,114.38
3/21/2022,114.4
3/22/2022,114.44
3/23/2022,114.5
3/24/2022,114.6
3/25/2022,114.69
3/28/2022,114.75
3/29/2022,114.82
3/30/2022,114.87
3/31/2022,114.95
4/1/2022,114.95
4/4/2022,115.04
4/1/2022,115
4/5/2022,115.1
4/6/2022,115.12
4/7/2022,115.19
4/8/2022,115.29
4/11/2022,115.33
4/12/2022,115.38
4/13/2022,115.41
4/14/2022,115.44
4/19/2022,115.48
4/20/2022,115.51
4/21/2022,115.54
4/22/2022,115.6
4/25/2022,115.65
4/26/2022,115.7
4/27/2022,115.74
4/28/2022,115.77
5/4/2022,115.81
5/5/2022,115.84
5/6/2022,115.9
5/9/2022,115.95
5/10/2022,116
5/11/2022,116.07
5/12/2022,116.1
5/13/2022,116.12
5/16/2022,116.17
5/17/2022,116.24
5/18/2022,116.32
5/19/2022,116.37
5/20/2022,116.41
5/23/2022,116.47
5/24/2022,116.52
5/25/2022,116.58
5/26/2022,116.62
5/27/2022,116.69
5/30/2022,116.71
5/31/2022,116.74
6/2/2022,116.81
6/3/2022,116.83
6/6/2022,116.85
6/7/2022,116.9
6/8/2022,116.95
6/9/2022,117.01
6/10/2022,117.05
6/13/2022,117.1
6/14/2022,117.17
6/15/2022,117.24
6/16/2022,117.29
6/17/2022,117.33
6/20/2022,117.4
6/21/2022,117.44
6/22/2022,117.51
6/23/2022,117.57
6/24/2022,117.66
6/27/2022,117.69
6/28/2022,117.7
6/29/2022,117.79
6/30/2022,117.83
7/1/2022,117.87
7/4/2022,117.9
7/5/2022,117.95
7/6/2022,117.99
7/7/2022,118.03
7/8/2022,118.07
7/12/2022,118.13
7/13/2022,118.18
7/14/2022,118.23
7/15/2022,118.27
7/18/2022,118.33
7/19/2022,118.39
7/20/2022,118.45
7/21/2022,118.52
7/22/2022,118.57
7/25/2022,118.62
7/26/2022,118.66
7/27/2022,118.72
7/28/2022,118.76
7/29/2022,118.8
8/1/2022,118.85
8/2/2022,118.91
8/3/2022,118.99
8/4/2022,119.03
8/5/2022,119.09
8/8/2022,119.13
8/10/2022,119.17
8/11/2022,119.24
8/12/2022,119.31
8/15/2022,119.36
8/16/2022,119.41
8/17/2022,119.45
8/18/2022,119.47
8/19/2022,119.57
8/22/2022,119.63
8/23/2022,119.72
8/24/2022,119.8
8/25/2022,119.86
8/26/2022,119.91
8/29/2022,119.93
8/30/2022,119.98
8/31/2022,120.01
9/1/2022,120.05
9/2/2022,120.12
9/5/2022,120.18
9/6/2022,120.22
9/7/2022,120.26
9/8/2022,120.28
9/9/2022,120.31
9/12/2022,120.34
9/14/2022,120.37
9/15/2022,120.41
9/16/2022,120.41
9/19/2022,120.43
9/20/2022,120.46
9/21/2022,120.5
9/22/2022,120.54
9/23/2022,120.56
9/26/2022,120.6
9/27/2022,120.62
9/28/2022,120.67
9/29/2022,120.7
9/30/2022,120.73
10/3/2022,120.78
10/4/2022,120.79
10/5/2022,120.81
10/6/2022,120.82
10/7/2022,120.85
10/11/2022,120.86
10/12/2022,120.91
10/13/2022,120.94
10/14/2022,120.97
10/17/2022,121.03
10/18/2022,121.07
10/19/2022,121.11
10/21/2022,121.14
10/24/2022,121.17
10/25/2022,121.19
10/26/2022,121.23
10/27/2022,121.27
10/28/2022,121.31
10/31/2022,121.33
11/1/2022,121.38
11/2/2022,121.41
11/3/2022,121.45
11/4/2022,121.5
11/7/2022,121.54
11/8/2022,121.61
11/9/2022,121.67
11/10/2022,121.74
11/11/2022,121.78
11/14/2022,121.83
11/15/2022,121.9
11/16/2022,121.93
11/17/2022,121.98
11/18/2022,122.03
11/21/2022,122.08
11/22/2022,122.13
11/23/2022,122.18
11/24/2022,122.23
11/25/2022,122.28
11/28/2022,122.34
11/29/2022,122.38
11/30/2022,122.45
12/1/2022,122.5
12/2/2022,122.53
12/5/2022,122.59
12/6/2022,122.63
12/7/2022,122.69
12/8/2022,122.74
12/9/2022,122.79
12/13/2022,122.84
12/14/2022,122.9
12/15/2022,122.94
12/16/2022,122.99
12/19/2022,123.05
12/20/2022,123.09
12/21/2022,123.14
12/22/2022,123.16
12/23/2022,123.21
12/28/2022,123.26
12/29/2022,123.33
12/30/2022,123.37
1/3/2023,123.42
1/4/2023,123.44
1/5/2023,123.48
1/6/2023,123.55
1/9/2023,123.59
1/10/2023,123.65
1/11/2023,123.72
1/12/2023,123.78
1/13/2023,123.84
1/16/2023,123.89
1/17/2023,123.94
1/18/2023,124.01
1/19/2023,124.05
1/20/2023,124.09
1/23/2023,124.13
1/24/2023,124.17
1/25/2023,124.25
1/26/2023,124.3
1/27/2023,124.35
1/30/2023,124.39
1/31/2023,124.4
2/1/2023,124.48
2/2/2023,124.52
2/3/2023,124.59
2/6/2023,124.66
2/7/2023,124.8
2/8/2023,124.88
2/9/2023,124.98
2/10/2023,125.08
2/13/2023,125.19
2/14/2023,125.27
2/15/2023,125.38
2/16/2023,125.52
2/17/2023,125.63
2/20/2023,125.77
2/21/2023,125.94
2/22/2023,126.08
2/23/2023,126.27
2/24/2023,126.43
2/27/2023,126.61
2/28/2023,126.85
3/1/2023,127.08
3/2/2023,127.29
3/3/2023,127.54
3/6/2023,127.76
3/7/2023,128.11
3/8/2023,128.36
3/9/2023,128.59
3/10/2023,128.89
3/13/2023,129.24
3/14/2023,129.45
3/15/2023,129.59
3/16/2023,129.76
3/17/2023,129.88
3/20/2023,130.01
3/20/2023,130.01
3/21/2023,130.32
3/22/2023,130.62
3/23/2023,130.99
3/24/2023,131.27
3/27/2023,131.4
3/28/2023,131.53
3/29/2023,131.78
3/30/2023,132.13
3/31/2023,132.33
4/3/2023,132.52
4/4/2023,132.67
4/5/2023,132.94
4/6/2023,133.3
4/11/2023,133.59
4/12/2023,133.72
4/13/2023,133.95
4/14/2023,134.35
4/17/2023,134.57
4/18/2023,134.74
4/19/2023,134.97
4/20/2023,135.19
4/24/2023,135.31
4/25/2023,135.48
4/26/2023,135.66
4/27/2023,135.83
4/28/2023,135.91
5/2/2023,136.02
5/3/2023,136.15
5/4/2023,136.26
5/5/2023,136.4
5/8/2023,136.47
5/9/2023,136.59
5/10/2023,136.68
5/11/2023,136.79
5/12/2023,136.88
5/15/2023,136.98
5/16/2023,137.1
5/18/2023,137.37
5/17/2023,137.24
5/19/2023,137.49
5/22/2023,137.63
5/23/2023,137.76
5/24/2023,137.96
5/25/2023,138.13
5/26/2023,138.25
5/29/2023,138.33
5/30/2023,138.42
5/31/2023,138.49
6/2/2023,138.61
6/5/2023,138.76
6/6/2023,138.87
6/7/2023,138.97
6/8/2023,139.11
6/9/2023,139.22
6/12/2023,139.35
6/13/2023,139.48
6/14/2023,139.63
6/15/2023,139.71
6/16/2023,139.87
6/19/2023,140.04
6/20/2023,140.12
6/21/2023,140.2
6/22/2023,140.31
6/23/2023,140.4
6/26/2023,140.44
6/27/2023,140.44
6/29/2023,140.45
6/30/2023,140.52
7/3/2023,140.57
7/4/2023,140.67
7/5/2023,140.72
7/6/2023,140.78
7/7/2023,140.92
7/10/2023,140.99
7/11/2023,141.06
7/12/2023,141.21
7/13/2023,141.29
7/14/2023,141.38
7/17/2023,141.44
7/18/2023,141.5
7/19/2023,141.59
7/20/2023,141.7
7/21/2023,141.77
7/24/2023,141.84
7/25/2023,142
7/26/2023,142.12
7/27/2023,142.2
7/28/2023,142.3
7/31/2023,142.36
8/1/2023,142.53
8/2/2023,142.64
8/3/2023,142.78
8/4/2023,142.89
8/7/2023,142.99
8/8/2023,143.12
8/9/2023,143.27
8/10/2023,143.44
8/11/2023,143.58
8/14/2023,143.61
8/15/2023,143.76
8/16/2023,143.91
8/17/2023,144.04
8/18/2023,144.18
8/21/2023,144.32
8/22/2023,144.41
8/23/2023,144.56
8/24/2023,144.72
8/25/2023,144.87
8/28/2023,144.99
8/29/2023,145.15
8/30/2023,145.26
8/31/2023,145.41
9/1/2023,145.51
9/4/2023,145.63
9/5/2023,145.76
9/6/2023,145.91
9/7/2023,146.04
9/8/2023,146.14
9/11/2023,146.22
9/12/2023,146.36
9/13/2023,146.49
9/14/2023,146.66
9/15/2023,146.79
9/18/2023,146.91
9/19/2023,147.01
9/20/2023,147.14
9/21/2023,147.26
9/22/2023,147.36
9/25/2023,147.47
9/26/2023,147.64
9/27/2023,147.81
9/28/2023,147.94
9/29/2023,148.1
10/2/2023,148.2
10/3/2023,148.32
10/4/2023,148.45
10/5/2023,148.56
10/6/2023,148.69
10/9/2023,148.79
10/11/2023,148.88
10/12/2023,149.01
10/13/2023,149.13
10/16/2023,149.27
10/17/2023,149.44
10/18/2023,149.58
10/19/2023,149.79
10/23/2023,149.94
10/24/2023,150.07
10/25/2023,150.17
10/26/2023,150.27
10/27/2023,150.36
10/30/2023,150.46
10/31/2023,150.56
11/1/2023,150.7
11/2/2023,150.86
11/3/2023,151.06
11/6/2023,151.16
11/7/2023,151.27
11/8/2023,151.38
11/9/2023,151.53
11/10/2023,151.68
11/14/2023,151.84
11/15/2023,151.94
11/16/2023,152.11
11/17/2023,152.23
11/20/2023,152.34
11/21/2023,152.45
11/22/2023,152.55
11/23/2023,152.69
11/24/2023,152.81
11/27/2023,152.9
11/28/2023,152.97
11/29/2023,153.06
11/30/2023,153.15
12/1/2023,153.24
12/4/2023,153.24
12/5/2023,153.28
12/6/2023,153.29
12/7/2023,153.32
12/8/2023,153.34
12/11/2023,153.34
12/13/2023,153.35
12/14/2023,153.37
12/15/2023,153.74
12/18/2023,153.78
12/19/2023,154.16
12/20/2023,154.39
12/21/2023,154.69
12/22/2023,155.09
12/27/2023,155.47
12/28/2023,156.09
12/29/2023,156.46
1/2/2024,156.99
1/2/2024,157.32
1/3/2024,157.32
1/4/2024,156.41
1/5/2024,156.675
1/8/2024,154.9456
1/9/2024,156.9375
1/10/2024,157.375
1/11/2024,157.9375
1/12/2024,158.2475
1/15/2024,157.38005
1/16/2024,158.815
1/17/2024,158.225
1/18/2024,159.0625
1/19/2024,160.7625
1/22/2024,158.854725
1/23/2024,161.5625
1/24/2024,161.9125
1/25/2024,162.2675
1/26/2024,162.315
1/29/2024,161.3446
1/30/2024,160.875
1/31/2024,160.3
2/1/2024,159.725
2/2/2024,160.015
2/5/2024,162.074625
2/6/2024,161.01755
2/7/2024,159.725
2/8/2024,159.525
2/9/2024,159
2/12/2024,159.407725
2/13/2024,157.7575
2/14/2024,156.25
2/15/2024,151.75
2/16/2024,147.6875
2/19/2024,142.0508
2/20/2024,143.495
2/21/2024,144.75
2/22/2024,145
2/23/2024,145.125
2/26/2024,143.03245
2/27/2024,145.375
2/28/2024,145.125
2/29/2024,145.145
3/1/2024,145.625
3/4/2024,143.951775
3/5/2024,143.145
3/6/2024,142
3/7/2024,142.175
3/8/2024,140.8225
3/11/2024,139.858875
3/12/2024,138.775
3/13/2024,137.52715
3/14/2024,136.125
3/15/2024,133.875
3/18/2024,135.437075
3/19/2024,134.035
3/20/2024,132.625
3/21/2024,132.2175
3/22/2024,131.5
3/25/2024,130.954675
3/26/2024,131
3/27/2024,130.455
3/28/2024,131.1975
3/29/2024,131.5275
4/1/2024,130.9225
4/2/2024,130.5625
4/3/2024,130.0625
4/4/2024,129.7425
4/5/2024,129
4/8/2024,128.9775
4/9/2024,126.8825
4/10/2024,129.035
4/11/2024,128.9975
4/12/2024,129.005
4/15/2024,127.1271
4/16/2024,130.125
4/17/2024,130.9375
4/18/2024,131.625
4/19/2024,132.075
4/22/2024,130.9225
4/23/2024,132.9975
4/24/2024,133.25
4/25/2024,133.625
4/26/2024,133.875
4/29/2024,132.2402
4/30/2024,134
5/1/2024,133.3725
5/2/2024,134
5/3/2024,133.875
5/6/2024,131.8075
5/7/2024,132.875
5/8/2024,131.875
5/9/2024,130.125
5/10/2024,130.1225
5/13/2024,130.3375
5/14/2024,129.859975
5/15/2024,129.125
5/16/2024,129.1675
5/17/2024,130
5/20/2024,129.365
5/21/2024,128.0275
5/22/2024,130.6425
5/23/2024,130.85
5/24/2024,131.875
5/27/2024,130.015
5/28/2024,131.825
5/29/2024,130.3125
5/30/2024,130.2525
5/31/2024,129.125
6/3/2024,129.5
6/4/2024,129.5225
6/5/2024,129.8225
6/6/2024,129.5
6/7/2024,129.0925
6/10/2024,130.065
6/11/2024,128.4925
6/12/2024,127.875
6/13/2024,127.5625
6/14/2024,127.6875
6/17/2024,128.42
6/18/2024,127.625
6/19/2024,128.135
6/20/2024,127.9475
6/21/2024,127.375
6/24/2024,128.1175
6/25/2024,127.8925
6/26/2024,127.7225
6/27/2024,127.8125
6/28/2024,128.1625
7/1/2024,128.202425
7/2/2024,127.915
7/3/2024,127.66
7/4/2024,127.5825
7/5/2024,127.1925
7/8/2024,126.82
7/9/2024,126.7725
7/10/2024,126.98
7/11/2024,128.03
7/12/2024,128.1875
7/15/2024,126.70285
7/16/2024,128.3125
7/17/2024,127.2575
7/18/2024,127.3275
7/19/2024,129.555
7/22/2024,128.335
7/23/2024,130.4375
7/24/2024,131.625
7/25/2024,131.875
7/26/2024,129.6175
7/29/2024,129.266375
7/30/2024,129.63
7/31/2024,128.6625
8/1/2024,128.25
8/2/2024,128.875
8/5/2024,128.0657
8/6/2024,129
8/7/2024,128.4375
8/8/2024,128.1575
8/9/2024,128.535
8/12/2024,128.325425
8/13/2024,127.94
8/14/2024,128
8/15/2024,128.3075
8/16/2024,129.2125
8/19/2024,127.928025
8/20/2024,127.8075
8/21/2024,127.8925
8/22/2024,127.9575
8/23/2024,128.0125
8/26/2024,127.9183
8/27/2024,127.9675
8/28/2024,127.93
8/29/2024,127.8375
8/30/2024,127.9375
9/2/2024,128.01265
9/3/2024,127.71765
9/4/2024,127.9025
9/5/2024,127.5725
9/6/2024,127.6975
9/9/2024,127.842425
9/10/2024,127.8425
9/11/2024,127.9975
9/12/2024,128.065
9/13/2024,127.94
9/16/2024,128.0875
9/17/2024,128.0225
9/18/2024,128.175
9/19/2024,128.1425
9/20/2024,128.0275
9/23/2024,127.819925
9/24/2024,127.9575
9/25/2024,127.75
9/26/2024,128.1175
9/27/2024,127.9325
9/30/2024,127.830475
10/1/2024,128.1425
10/2/2024,128.05
10/3/2024,128.0175
10/4/2024,128.0125
10/7/2024,128.1075
10/8/2024,127.9625
10/9/2024,128.0625
10/10/2024,128.08
10/11/2024,128.0175
10/14/2024,127.9057
10/15/2024,127.995
10/16/2024,128.12
10/17/2024,128.12
10/18/2024,128.13
10/21/2024,128.104875
10/22/2024,128.0925
10/23/2024,128.0925
10/24/2024,127.9675
10/25/2024,128.40275
10/28/2024,127.952725
10/29/2024,128.0375
10/30/2024,127.6625
10/31/2024,127.94
11/1/2024,127.9725
11/4/2024,127.6572
11/5/2024,128.0075
11/6/2024,127.9975
11/7/2024,127.9725
11/8/2024,127.93
11/11/2024,128.269075
11/12/2024,128.135
11/13/2024,128.36845
11/14/2024,128.375
11/15/2024,128.675
11/18/2024,128.475475
11/19/2024,127.7525
11/20/2024,128.3875
11/21/2024,128.3075
11/22/2024,128.55
11/25/2024,128.3357
11/26/2024,128.515
11/27/2024,128.5825
11/28/2024,128.47
11/29/2024,128.685
12/2/2024,128.5597
12/3/2024,128.795
12/4/2024,128.625
12/5/2024,128.575
12/6/2024,128.465
12/9/2024,128.32375
12/10/2024,128.415
12/11/2024,128.6525
12/12/2024,128.58
12/13/2024,128.5825
12/16/2024,127.96115
12/17/2024,128.124975
12/18/2024,128.25
12/19/2024,128.26
12/20/2024,128.52
12/23/2024,127.73115
12/24/2024,128.3075
12/25/2024,128.13
12/26/2024,128.04
12/27/2024,128.1475
12/30/2024,128.28045
12/31/2024,128.26
1/2/2025,128.2275
1/3/2025,128.346175
1/6/2025,127.89225
1/7/2025,128.41735
1/8/2025,128.515
1/9/2025,128.485175
1/10/2025,128.4945
1/13/2025,128.75565
1/14/2025,128.42745
1/15/2025,128.292175
1/16/2025,128.584425
1/17/2025,128.50095
1/20/2025,128.353675
1/21/2025,128.174825
1/22/2025,128.555
1/23/2025,129.42
